report_id,date,site,location,report_type,description,sif_prediction,sif_probability,primary_lsr,predicted_activity,predicted_equipment,predicted_hazards,predicted_barrier_failures,predicted_potential_consequences,predicted_precursor_tags,predicted_lsr
REP-BF232095,2022-04-13,Station Foxtrot,Deck 3,Unsafe Condition,"Grinding was being performed. Safety pin removed allowed personnel to walk directly under Drill Pipe, posing a severe Whip from parted cable.",1,0.7509,Line of Fire,"[{""value"": ""Drilling"", ""evidence"": ""Drill"", ""confidence"": ""HIGH"", ""match_method"": ""regex""}, {""value"": ""Hot Work"", ""evidence"": ""Grinding"", ""confidence"": ""MEDIUM"", ""match_method"": ""regex""}]","[{""value"": ""Drill Pipe"", ""evidence"": ""Drill Pipe"", ""confidence"": ""HIGH"", ""match_method"": ""regex""}]","[{""value"": ""Stored Energy"", ""evidence"": ""Whip from parted cable"", ""confidence"": ""HIGH"", ""match_method"": ""regex""}]",[],[],"[""stored-energy""]","[{""rule"": ""Line of Fire"", ""score"": 0.9034253591346328}, {""rule"": ""Hot Work"", ""score"": 0.35216553838568465}]"
REP-4F5A992B,2023-09-01,Terminal Echo,Deck 3,Near Miss,Operator of Mobile Crane during Forklift Operation forgot his safety glasses but was in an enclosed cab.,0,0.1729,Safe Mechanical Lifting,"[{""value"": ""Mechanical Lifting"", ""evidence"": ""Forklift Operation"", ""confidence"": ""HIGH"", ""match_method"": ""regex""}]","[{""value"": ""Crane"", ""evidence"": ""Crane during"", ""confidence"": ""HIGH"", ""match_method"": ""regex""}, {""value"": ""Forklift"", ""evidence"": ""Forklift"", ""confidence"": ""HIGH"", ""match_method"": ""regex""}]",[],[],[],[],"[{""rule"": ""Safe Mechanical Lifting"", ""score"": 0.959534785133937}]"
REP-266E6FD0,2021-07-08,Refinery Delta,Pump Room,Unsafe Condition,A heavy skid was being moved during Hoisting. Overloaded crane led to a near miss involving Rigging failure near Overhead Gantry.,1,0.9503,Safe Mechanical Lifting,"[{""value"": ""Mechanical Lifting"", ""evidence"": ""Hoisting"", ""confidence"": ""HIGH"", ""match_method"": ""regex""}]","[{""value"": ""Crane"", ""evidence"": ""crane led"", ""confidence"": ""HIGH"", ""match_method"": ""regex""}, {""value"": ""Rigging"", ""evidence"": ""Rigging"", ""confidence"": ""HIGH"", ""match_method"": ""regex""}]","[{""value"": ""Suspended Load"", ""evidence"": ""Rigging failure"", ""confidence"": ""HIGH"", ""match_method"": ""regex""}]","[{""value"": ""LIFTING_CONTROL_FAILURE"", ""evidence"": ""Overloaded crane"", ""confidence"": ""HIGH"", ""match_method"": ""regex""}]","[{""value"": ""Crushing Injury"", ""evidence"": ""Rigging failure"", ""confidence"": ""MEDIUM"", ""match_method"": ""synonym""}, {""value"": ""Struck-By Injury"", ""evidence"": ""Rigging failure"", ""confidence"": ""MEDIUM"", ""match_method"": ""synonym""}]","[""suspended-load""]","[{""rule"": ""Safe Mechanical Lifting"", ""score"": 0.9466551359718238}]"
REP-C1A933AD,2022-08-11,Refinery Delta,Pipe Rack 2,Incident,Welder doing Grinding with Oxy-Acetylene Torch had untucked coveralls.,0,0.0289,Hot Work,"[{""value"": ""Hot Work"", ""evidence"": ""Welder"", ""confidence"": ""HIGH"", ""match_method"": ""regex""}]","[{""value"": ""Torch"", ""evidence"": ""Torch"", ""confidence"": ""HIGH"", ""match_method"": ""regex""}]",[],[],[],[],"[{""rule"": ""Hot Work"", ""score"": 0.9726577676455918}]"
REP-59008D73,2021-01-22,Refinery Delta,Drilling Floor,Unsafe Condition,The Forklift was slightly dirty during Material Delivery.,0,0.0407,Driving,"[{""value"": ""Vehicle Movement"", ""evidence"": ""Material Delivery"", ""confidence"": ""HIGH"", ""match_method"": ""regex""}]","[{""value"": ""Forklift"", ""evidence"": ""Forklift"", ""confidence"": ""HIGH"", ""match_method"": ""regex""}]",[],[],[],[],"[{""rule"": ""Driving"", ""score"": 0.8313682783184647}, {""rule"": ""Safe Mechanical Lifting"", ""score"": 0.5184504452207858}]"
REP-04F09CA1,2022-04-21,Site Alpha,Loading Bay,Unsafe Act,"During Painting, worker used the correct harness but the inspection log was not filled in for Roof Access Ladder.",0,0.0839,Work at Height,"[{""value"": ""Maintenance"", ""evidence"": ""inspection"", ""confidence"": ""HIGH"", ""match_method"": ""regex""}, {""value"": ""Working at Height"", ""evidence"": ""Roof"", ""confidence"": ""MEDIUM"", ""match_method"": ""regex""}, {""value"": ""Painting"", ""evidence"": ""Painting"", ""confidence"": ""HIGH"", ""match_method"": ""regex""}]","[{""value"": ""Ladder"", ""evidence"": ""Ladder"", ""confidence"": ""HIGH"", ""match_method"": ""regex""}]",[],[],[],[],"[{""rule"": ""Work at Height"", ""score"": 0.9669974056102263}, {""rule"": ""Safe Mechanical Lifting"", ""score"": 0.4037768901151955}]"
REP-58760BD0,2020-02-02,Facility Bravo,Storage Tank A,Unsafe Condition,The welding lead for Welding Machine W-1 was slightly tangled during Torch Cutting.,0,0.16,Hot Work,"[{""value"": ""Hot Work"", ""evidence"": ""welding"", ""confidence"": ""HIGH"", ""match_method"": ""regex""}]","[{""value"": ""Welding Machine"", ""evidence"": ""Welding Machine"", ""confidence"": ""HIGH"", ""match_method"": ""regex""}, {""value"": ""Torch"", ""evidence"": ""Torch"", ""confidence"": ""HIGH"", ""match_method"": ""regex""}]",[],[],[],[],"[{""rule"": ""Hot Work"", ""score"": 0.9806216114900689}]"
REP-81011020,2022-10-04,Site Alpha,Storage Tank A,Unsafe Condition,Barricade tape for Grinding near Winch W-2 was blown down by the wind. No operations were ongoing.,0,0.1711,Line of Fire,"[{""value"": ""Hot Work"", ""evidence"": ""Grinding"", ""confidence"": ""MEDIUM"", ""match_method"": ""regex""}]","[{""value"": ""Crane"", ""evidence"": ""Winch W-2"", ""confidence"": ""HIGH"", ""match_method"": ""regex""}]",[],[],[],[],"[{""rule"": ""Line of Fire"", ""score"": 0.9510676191729811}]"
REP-0792A514,2021-05-09,Station Foxtrot,Storage Tank A,Incident,"Prior to Internal Inspection in Underground Sump, it was discovered that Ventilation failed. This could have led to Engulfment and potential fatality.",1,0.9599,Confined Space,"[{""value"": ""Maintenance"", ""evidence"": ""Inspection"", ""confidence"": ""HIGH"", ""match_method"": ""regex""}]","[{""value"": ""Vessel"", ""evidence"": ""Sump"", ""confidence"": ""HIGH"", ""match_method"": ""regex""}]","[{""value"": ""Confined Atmosphere"", ""evidence"": ""Engulfment"", ""confidence"": ""HIGH"", ""match_method"": ""regex""}]",[],"[{""value"": ""Fatal Exposure"", ""evidence"": ""fatality"", ""confidence"": ""HIGH"", ""match_method"": ""regex""}]",[],"[{""rule"": ""Confined Space"", ""score"": 0.9570191211462633}, {""rule"": ""Bypassing Safety Controls"", ""score"": 0.41672458691455583}]"
REP-9E01A05D,2023-05-20,Refinery Delta,Loading Bay,Unsafe Act,Radio in Forklift was left on high volume after Heavy Haulage.,0,0.0884,Driving,"[{""value"": ""Vehicle Movement"", ""evidence"": ""Heavy Haulage"", ""confidence"": ""HIGH"", ""match_method"": ""regex""}]","[{""value"": ""Forklift"", ""evidence"": ""Forklift"", ""confidence"": ""HIGH"", ""match_method"": ""regex""}]",[],[],[],[],"[{""rule"": ""Driving"", ""score"": 0.9506140194771527}, {""rule"": ""Safe Mechanical Lifting"", ""score"": 0.38087512234730564}]"
REP-AE67FAD1,2021-09-02,Site Alpha,Deck 3,Near Miss,Paint on Mobile Crane used for Forklift Operation is peeling off.,0,0.0301,Safe Mechanical Lifting,"[{""value"": ""Mechanical Lifting"", ""evidence"": ""Forklift Operation"", ""confidence"": ""HIGH"", ""match_method"": ""regex""}, {""value"": ""Painting"", ""evidence"": ""Paint"", ""confidence"": ""HIGH"", ""match_method"": ""regex""}]","[{""value"": ""Crane"", ""evidence"": ""Crane used"", ""confidence"": ""HIGH"", ""match_method"": ""regex""}, {""value"": ""Forklift"", ""evidence"": ""Forklift"", ""confidence"": ""HIGH"", ""match_method"": ""regex""}]",[],[],[],[],"[{""rule"": ""Safe Mechanical Lifting"", ""score"": 0.9655269712974649}]"
REP-540C393B,2022-10-10,Terminal Echo,Boiler Area,Incident,Operator of Overhead Gantry during Hoisting forgot his safety glasses but was in an enclosed cab.,1,0.3569,Safe Mechanical Lifting,"[{""value"": ""Mechanical Lifting"", ""evidence"": ""Hoisting"", ""confidence"": ""HIGH"", ""match_method"": ""regex""}]","[{""value"": ""Crane"", ""evidence"": ""Gantry"", ""confidence"": ""HIGH"", ""match_method"": ""regex""}]",[],[],[],[],"[{""rule"": ""Safe Mechanical Lifting"", ""score"": 0.9485032014923228}]"
REP-C0773F61,2020-02-22,Site Alpha,Loading Bay,Near Miss,Indicator bulb on Fire & Gas Panel was burnt out during Alarm Testing.,0,0.2182,Bypassing Safety Controls,"[{""value"": ""Operations"", ""evidence"": ""Alarm Testing"", ""confidence"": ""HIGH"", ""match_method"": ""regex""}]","[{""value"": ""Electrical Panel"", ""evidence"": ""Panel was"", ""confidence"": ""HIGH"", ""match_method"": ""regex""}]",[],[],[],[],"[{""rule"": ""Bypassing Safety Controls"", ""score"": 0.9623871388521316}]"
REP-4AE9942D,2022-10-21,Refinery Delta,Pump Room,Near Miss,Welder doing Soldering with Welding Machine W-1 had untucked coveralls.,0,0.0229,Hot Work,"[{""value"": ""Hot Work"", ""evidence"": ""Welder"", ""confidence"": ""HIGH"", ""match_method"": ""regex""}]","[{""value"": ""Welding Machine"", ""evidence"": ""Welding Machine"", ""confidence"": ""HIGH"", ""match_method"": ""regex""}]",[],[],[],[],"[{""rule"": ""Hot Work"", ""score"": 0.9572216750819136}]"
REP-3C01336D,2022-11-12,Site Alpha,Loading Bay,Near Miss,The horn on Mobile Crane sounded a bit quiet during Hoisting.,0,0.0627,Safe Mechanical Lifting,"[{""value"": ""Mechanical Lifting"", ""evidence"": ""Hoisting"", ""confidence"": ""HIGH"", ""match_method"": ""regex""}]","[{""value"": ""Crane"", ""evidence"": ""Crane sounded"", ""confidence"": ""HIGH"", ""match_method"": ""regex""}]",[],[],[],[],"[{""rule"": ""Safe Mechanical Lifting"", ""score"": 0.9794328885610151}]"
REP-81F01673,2021-11-16,Facility Bravo,Pump Room,Near Miss,JSA for Non-routine Task near Workshop was printed on crumpled paper.,0,0.03,Work Authorization,"[{""value"": ""Operations"", ""evidence"": ""Non-routine Task"", ""confidence"": ""HIGH"", ""match_method"": ""regex""}]","[{""value"": ""Facility"", ""evidence"": ""Workshop"", ""confidence"": ""HIGH"", ""match_method"": ""regex""}]",[],[],[],[],"[{""rule"": ""Work Authorization"", ""score"": 0.8804007655392799}]"
REP-53D109ED,2022-01-18,Facility Bravo,Pipe Rack 2,Near Miss,"While inspecting Compressor C-10, Electrical shock was narrowly avoided because LOTO not applied.",1,0.5819,Energy Isolation,"[{""value"": ""Maintenance"", ""evidence"": ""inspecting"", ""confidence"": ""HIGH"", ""match_method"": ""regex""}]","[{""value"": ""Compressor"", ""evidence"": ""Compressor C-10"", ""confidence"": ""HIGH"", ""match_method"": ""regex""}]","[{""value"": ""Electrical Energy"", ""evidence"": ""Electrical"", ""confidence"": ""HIGH"", ""match_method"": ""regex""}]","[{""value"": ""ENERGY_ISOLATION_FAILURE"", ""evidence"": ""LOTO not applied"", ""confidence"": ""HIGH"", ""match_method"": ""regex""}]","[{""value"": ""Electrical Injury"", ""evidence"": ""shock"", ""confidence"": ""HIGH"", ""match_method"": ""regex""}]","[""missing-loto""]","[{""rule"": ""Energy Isolation"", ""score"": 0.8045074282868947}, {""rule"": ""Line of Fire"", ""score"": 0.5324592424869293}]"
REP-6728B97F,2020-05-31,Refinery Delta,Drilling Floor,Near Miss,Barricade tape for Pressure Testing near High Pressure Hose was blown down by the wind. No operations were ongoing.,0,0.284,Line of Fire,"[{""value"": ""Pressure Testing"", ""evidence"": ""Pressure Testing"", ""confidence"": ""HIGH"", ""match_method"": ""regex""}]","[{""value"": ""Hose"", ""evidence"": ""Pressure Hose"", ""confidence"": ""HIGH"", ""match_method"": ""regex""}]",[],[],[],[],"[{""rule"": ""Line of Fire"", ""score"": 0.954285724607735}]"
REP-FF5D9BBA,2022-07-27,Facility Bravo,Storage Tank A,Near Miss,The entry log for Reactor R-5 during Internal Inspection was smudged with dirt.,0,0.0283,Confined Space,"[{""value"": ""Maintenance"", ""evidence"": ""Inspection"", ""confidence"": ""HIGH"", ""match_method"": ""regex""}]","[{""value"": ""Reactor R-5"", ""evidence"": ""Reactor R-5"", ""confidence"": ""HIGH"", ""match_method"": ""regex""}, {""value"": ""For Reactor"", ""evidence"": ""for Reactor"", ""confidence"": ""HIGH"", ""match_method"": ""regex""}]",[],[],[],[],"[{""rule"": ""Confined Space"", ""score"": 0.9747016592922796}]"
REP-2BA27C48,2023-06-18,Platform Charlie,Main Workshop,Unsafe Act,Worker's chin strap on helmet was loose during Roof Repair on Roof Access Ladder.,0,0.0464,Work at Height,"[{""value"": ""Maintenance"", ""evidence"": ""Repair"", ""confidence"": ""HIGH"", ""match_method"": ""regex""}, {""value"": ""Working at Height"", ""evidence"": ""Roof"", ""confidence"": ""MEDIUM"", ""match_method"": ""regex""}]","[{""value"": ""Ladder"", ""evidence"": ""Ladder"", ""confidence"": ""HIGH"", ""match_method"": ""regex""}]",[],[],[],[],"[{""rule"": ""Work at Height"", ""score"": 0.9724840159847183}]"
REP-A8751ACC,2023-10-07,Refinery Delta,Storage Tank A,Near Miss,Worker doing Contractor Work at Workshop did not sign the permit exactly on the line.,0,0.0704,Work Authorization,"[{""value"": ""Contractor Work"", ""evidence"": ""Contractor Work"", ""confidence"": ""HIGH"", ""match_method"": ""regex""}]","[{""value"": ""Facility"", ""evidence"": ""Workshop"", ""confidence"": ""HIGH"", ""match_method"": ""regex""}]",[],[],[],[],"[{""rule"": ""Work Authorization"", ""score"": 0.9754613440116715}, {""rule"": ""Line of Fire"", ""score"": 0.45539571787768585}]"
REP-A039F087,2020-06-22,Station Foxtrot,Deck 3,Near Miss,"Screen on Fire & Gas Panel was dirty, making it hard to read during System Maintenance.",0,0.0442,Bypassing Safety Controls,"[{""value"": ""Maintenance"", ""evidence"": ""Maintenance"", ""confidence"": ""HIGH"", ""match_method"": ""regex""}]","[{""value"": ""Electrical Panel"", ""evidence"": ""Panel was"", ""confidence"": ""HIGH"", ""match_method"": ""regex""}, {""value"": ""System Maintenance"", ""evidence"": ""System Maintenance"", ""confidence"": ""HIGH"", ""match_method"": ""regex""}, {""value"": ""During System"", ""evidence"": ""during System"", ""confidence"": ""HIGH"", ""match_method"": ""regex""}]",[],[],[],[],"[{""rule"": ""Bypassing Safety Controls"", ""score"": 0.9595643165922458}]"
REP-44DE5D5F,2022-03-01,Platform Charlie,Loading Bay,Near Miss,The entry log for Underground Sump during Vessel Welding was smudged with dirt.,0,0.0204,Confined Space,"[{""value"": ""Hot Work"", ""evidence"": ""Welding"", ""confidence"": ""HIGH"", ""match_method"": ""regex""}]","[{""value"": ""Vessel"", ""evidence"": ""Vessel Welding"", ""confidence"": ""HIGH"", ""match_method"": ""regex""}]",[],[],[],[],"[{""rule"": ""Confined Space"", ""score"": 0.9789310024375147}]"
REP-80537940,2022-05-10,Platform Charlie,Control Room,Unsafe Act,Worker entered Reactor R-5 for Vessel Welding. Suddenly the alarm sounded. Ventilation failed meant the worker was exposed to Oxygen deficiency.,1,0.9132,Confined Space,"[{""value"": ""Hot Work"", ""evidence"": ""Welding"", ""confidence"": ""HIGH"", ""match_method"": ""regex""}, {""value"": ""Confined Space Entry"", ""evidence"": ""entered Reactor R-5 for Vessel"", ""confidence"": ""HIGH"", ""match_method"": ""regex""}]","[{""value"": ""Reactor R-5"", ""evidence"": ""Reactor R-5"", ""confidence"": ""HIGH"", ""match_method"": ""regex""}, {""value"": ""Vessel"", ""evidence"": ""Vessel Welding"", ""confidence"": ""HIGH"", ""match_method"": ""regex""}, {""value"": ""Entered Reactor"", ""evidence"": ""entered Reactor"", ""confidence"": ""HIGH"", ""match_method"": ""regex""}]","[{""value"": ""Confined Atmosphere"", ""evidence"": ""Oxygen deficiency"", ""confidence"": ""HIGH"", ""match_method"": ""regex""}]",[],[],[],"[{""rule"": ""Confined Space"", ""score"": 0.9533452314577474}, {""rule"": ""Energy Isolation"", ""score"": 0.3708908330568884}]"
REP-2117CCE8,2022-02-23,Platform Charlie,Main Workshop,Incident,Tools used for Tank Cleaning in Separator V-10 were left outside the entrance untidily.,0,0.0343,Confined Space,"[{""value"": ""Confined Space Entry"", ""evidence"": ""Tank Cleaning"", ""confidence"": ""HIGH"", ""match_method"": ""regex""}, {""value"": ""Cleaning"", ""evidence"": ""Cleaning"", ""confidence"": ""HIGH"", ""match_method"": ""regex""}]","[{""value"": ""Tank"", ""evidence"": ""Tank Cleaning"", ""confidence"": ""HIGH"", ""match_method"": ""regex""}, {""value"": ""Separator V-10"", ""evidence"": ""Separator V-10"", ""confidence"": ""HIGH"", ""match_method"": ""regex""}, {""value"": ""In Separator"", ""evidence"": ""in Separator"", ""confidence"": ""HIGH"", ""match_method"": ""regex""}]",[],[],[],[],"[{""rule"": ""Confined Space"", ""score"": 0.9759963613212138}]"
REP-7E06DAB5,2023-03-11,Station Foxtrot,Storage Tank A,Incident,"The tag for Valve V-99 was faded during Maintenance. No Pressurized hydrocarbon release was present, but tag needs replacement.",0,0.116,Energy Isolation,"[{""value"": ""Maintenance"", ""evidence"": ""Maintenance"", ""confidence"": ""HIGH"", ""match_method"": ""regex""}]","[{""value"": ""Valve"", ""evidence"": ""Valve V-99"", ""confidence"": ""HIGH"", ""match_method"": ""regex""}]","[{""value"": ""Loss of Containment"", ""evidence"": ""release"", ""confidence"": ""HIGH"", ""match_method"": ""regex""}]",[],"[{""value"": ""Major Process Safety Event"", ""evidence"": ""release"", ""confidence"": ""MEDIUM"", ""match_method"": ""synonym""}]",[],"[{""rule"": ""Energy Isolation"", ""score"": 0.974416912625264}]"
REP-76BE71E1,2023-07-01,Station Foxtrot,Main Workshop,Unsafe Act,Barricade tape for Pressure Testing near Winch W-2 was blown down by the wind. No operations were ongoing.,0,0.2407,Line of Fire,"[{""value"": ""Pressure Testing"", ""evidence"": ""Pressure Testing"", ""confidence"": ""HIGH"", ""match_method"": ""regex""}]","[{""value"": ""Crane"", ""evidence"": ""Winch W-2"", ""confidence"": ""HIGH"", ""match_method"": ""regex""}]",[],[],[],[],"[{""rule"": ""Line of Fire"", ""score"": 0.9694209079912927}]"
REP-2B0F225A,2021-03-09,Site Alpha,Boiler Area,Incident,"Worker performing Grinding on High Pressure Hose had their hands slightly close to a rough edge, causing a minor scratch.",0,0.2248,Line of Fire,"[{""value"": ""Hot Work"", ""evidence"": ""Grinding"", ""confidence"": ""MEDIUM"", ""match_method"": ""regex""}]","[{""value"": ""Hose"", ""evidence"": ""Pressure Hose"", ""confidence"": ""HIGH"", ""match_method"": ""regex""}]",[],[],[],[],"[{""rule"": ""Line of Fire"", ""score"": 0.959767237928009}, {""rule"": ""Hot Work"", ""score"": 0.3767770972119181}]"
REP-E6D805CD,2020-01-08,Platform Charlie,Main Workshop,Near Miss,Operator logged Alarm Testing for Fire & Gas Panel in the wrong logbook.,0,0.1625,Bypassing Safety Controls,"[{""value"": ""Operations"", ""evidence"": ""Alarm Testing"", ""confidence"": ""HIGH"", ""match_method"": ""regex""}]","[{""value"": ""Electrical Panel"", ""evidence"": ""Panel in"", ""confidence"": ""HIGH"", ""match_method"": ""regex""}]",[],[],[],[],"[{""rule"": ""Bypassing Safety Controls"", ""score"": 0.9682972827816406}]"
REP-F34038EA,2023-06-15,Platform Charlie,Deck 3,Unsafe Condition,Critical Non-routine Task on Utility Area proceeded despite JSA not discussed. This breakdown in authorization risked Unidentified hazards.,1,0.9689,Work Authorization,"[{""value"": ""Operations"", ""evidence"": ""Non-routine Task"", ""confidence"": ""HIGH"", ""match_method"": ""regex""}]","[{""value"": ""Facility"", ""evidence"": ""Utility Area"", ""confidence"": ""HIGH"", ""match_method"": ""regex""}]","[{""value"": ""Unidentified Hazards"", ""evidence"": ""Unidentified hazards"", ""confidence"": ""HIGH"", ""match_method"": ""regex""}]","[{""value"": ""WORK_AUTHORIZATION_FAILURE"", ""evidence"": ""JSA not discussed"", ""confidence"": ""HIGH"", ""match_method"": ""regex""}]",[],"[""expired-permit""]","[{""rule"": ""Work Authorization"", ""score"": 0.8828358047307964}, {""rule"": ""Bypassing Safety Controls"", ""score"": 0.682554853861488}]"
REP-153E7E92,2021-04-27,Terminal Echo,Boiler Area,Incident,"Scaffolding tubes for Pipe Rack Level 3 were stored untidily, causing a minor trip hazard during Rigging.",0,0.1589,Work at Height,"[{""value"": ""Mechanical Lifting"", ""evidence"": ""Rigging"", ""confidence"": ""MEDIUM"", ""match_method"": ""regex""}, {""value"": ""Working at Height"", ""evidence"": ""Scaffolding"", ""confidence"": ""HIGH"", ""match_method"": ""regex""}]","[{""value"": ""Structure"", ""evidence"": ""Pipe Rack"", ""confidence"": ""HIGH"", ""match_method"": ""regex""}, {""value"": ""Rigging"", ""evidence"": ""Rigging"", ""confidence"": ""HIGH"", ""match_method"": ""regex""}]",[],[],[],[],"[{""rule"": ""Work at Height"", ""score"": 0.9629528872688576}, {""rule"": ""Safe Mechanical Lifting"", ""score"": 0.36185388670356666}]"
REP-850D1805,2022-10-02,Facility Bravo,Storage Tank A,Unsafe Act,"During Trenching, Excavator failed unexpectedly. Because Safety pin removed, the worker was exposed to Caught between objects. Fortunately, the worker jumped back in time.",1,0.9873,Line of Fire,"[{""value"": ""Excavation"", ""evidence"": ""Trenching"", ""confidence"": ""HIGH"", ""match_method"": ""regex""}]","[{""value"": ""Excavator"", ""evidence"": ""Excavator"", ""confidence"": ""HIGH"", ""match_method"": ""regex""}]","[{""value"": ""Line-of-Fire Exposure"", ""evidence"": ""Caught between objects"", ""confidence"": ""HIGH"", ""match_method"": ""regex""}]",[],[],"[""line-of-fire""]","[{""rule"": ""Line of Fire"", ""score"": 0.919091686234592}, {""rule"": ""Confined Space"", ""score"": 0.4085462232972187}]"
REP-CB903FAC,2020-12-04,Refinery Delta,Boiler Area,Unsafe Act,"Torch Cutting was started on Pipe Spool P-10 near a live process area. Fire watcher absent was observed, posing a massive risk of Toxic fumes.",1,0.8789,Hot Work,"[{""value"": ""Hot Work"", ""evidence"": ""Torch Cutting"", ""confidence"": ""HIGH"", ""match_method"": ""regex""}, {""value"": ""Chemical Handling"", ""evidence"": ""Toxic"", ""confidence"": ""MEDIUM"", ""match_method"": ""regex""}]","[{""value"": ""Pipeline"", ""evidence"": ""Spool P-10"", ""confidence"": ""HIGH"", ""match_method"": ""regex""}, {""value"": ""Torch"", ""evidence"": ""Torch"", ""confidence"": ""HIGH"", ""match_method"": ""regex""}]","[{""value"": ""Fire/Explosion"", ""evidence"": ""Fire"", ""confidence"": ""MEDIUM"", ""match_method"": ""regex""}, {""value"": ""Toxic Gas"", ""evidence"": ""Toxic fumes"", ""confidence"": ""HIGH"", ""match_method"": ""regex""}]","[{""value"": ""COMMUNICATION_FAILURE"", ""evidence"": ""Fire watcher absent"", ""confidence"": ""HIGH"", ""match_method"": ""regex""}]","[{""value"": ""Toxic Exposure"", ""evidence"": ""fumes"", ""confidence"": ""HIGH"", ""match_method"": ""regex""}, {""value"": ""Fire Injury"", ""evidence"": ""Fire"", ""confidence"": ""MEDIUM"", ""match_method"": ""synonym""}, {""value"": ""Explosion Injury"", ""evidence"": ""Fire"", ""confidence"": ""MEDIUM"", ""match_method"": ""synonym""}, {""value"": ""Major Process Safety Event"", ""evidence"": ""Fire"", ""confidence"": ""MEDIUM"", ""match_method"": ""synonym""}]","[""communication-failure""]","[{""rule"": ""Hot Work"", ""score"": 0.9089724956198298}, {""rule"": ""Bypassing Safety Controls"", ""score"": 0.44826090472216507}]"
REP-5317B929,2023-11-17,Station Foxtrot,Deck 3,Incident,"Screen on DCS System was dirty, making it hard to read during Process Operation.",0,0.089,Bypassing Safety Controls,"[{""value"": ""Operations"", ""evidence"": ""Process Operation"", ""confidence"": ""HIGH"", ""match_method"": ""regex""}]","[{""value"": ""System Was"", ""evidence"": ""System was"", ""confidence"": ""HIGH"", ""match_method"": ""regex""}, {""value"": ""Electrical Panel"", ""evidence"": ""DCS System"", ""confidence"": ""HIGH"", ""match_method"": ""regex""}]",[],[],[],[],"[{""rule"": ""Bypassing Safety Controls"", ""score"": 0.9667464106386008}]"
REP-8F7F9C01,2021-04-18,Site Alpha,Boiler Area,Incident,"The tag for Electrical Panel EP-5 was faded during Repair. No Electrical shock was present, but tag needs replacement.",0,0.1738,Energy Isolation,"[{""value"": ""Maintenance"", ""evidence"": ""Repair"", ""confidence"": ""HIGH"", ""match_method"": ""regex""}]","[{""value"": ""Electrical Panel"", ""evidence"": ""Panel EP-5"", ""confidence"": ""HIGH"", ""match_method"": ""regex""}]","[{""value"": ""Electrical Energy"", ""evidence"": ""Electrical"", ""confidence"": ""HIGH"", ""match_method"": ""regex""}]",[],"[{""value"": ""Electrical Injury"", ""evidence"": ""shock"", ""confidence"": ""HIGH"", ""match_method"": ""regex""}]",[],"[{""rule"": ""Energy Isolation"", ""score"": 0.9247000848175245}]"
REP-FC1CF22F,2023-06-09,Platform Charlie,Control Room,Unsafe Condition,The horn on Forklift F-3 sounded a bit quiet during Crane Lifting.,0,0.0127,Safe Mechanical Lifting,"[{""value"": ""Mechanical Lifting"", ""evidence"": ""Lifting"", ""confidence"": ""HIGH"", ""match_method"": ""regex""}]","[{""value"": ""Crane"", ""evidence"": ""Crane Lifting"", ""confidence"": ""HIGH"", ""match_method"": ""regex""}, {""value"": ""Forklift"", ""evidence"": ""Forklift"", ""confidence"": ""HIGH"", ""match_method"": ""regex""}]",[],[],[],[],"[{""rule"": ""Safe Mechanical Lifting"", ""score"": 0.9815301231814074}]"
REP-CA5EE77A,2020-09-15,Site Alpha,Loading Bay,Unsafe Act,Worker doing Non-routine Task at Utility Area did not sign the permit exactly on the line.,0,0.1094,Work Authorization,"[{""value"": ""Operations"", ""evidence"": ""Non-routine Task"", ""confidence"": ""HIGH"", ""match_method"": ""regex""}]","[{""value"": ""Facility"", ""evidence"": ""Utility Area"", ""confidence"": ""HIGH"", ""match_method"": ""regex""}]",[],[],[],[],"[{""rule"": ""Work Authorization"", ""score"": 0.9879468319841963}]"
REP-D1BC389E,2021-01-17,Terminal Echo,Deck 3,Unsafe Condition,"Screen on Shutdown Valve SDV-1 was dirty, making it hard to read during Alarm Testing.",0,0.1287,Bypassing Safety Controls,"[{""value"": ""Operations"", ""evidence"": ""Alarm Testing"", ""confidence"": ""HIGH"", ""match_method"": ""regex""}]","[{""value"": ""Valve"", ""evidence"": ""Valve SDV-1"", ""confidence"": ""HIGH"", ""match_method"": ""regex""}]",[],[],[],[],"[{""rule"": ""Bypassing Safety Controls"", ""score"": 0.9761670627082443}]"
REP-F673F63F,2020-03-25,Station Foxtrot,Pipe Rack 2,Incident,"Crew commenced General Maintenance at Camp Facility but JSA not discussed. Unaware of SIMOPS, they were exposed to Unidentified hazards.",1,0.752,Work Authorization,"[{""value"": ""Maintenance"", ""evidence"": ""Maintenance"", ""confidence"": ""HIGH"", ""match_method"": ""regex""}]","[{""value"": ""Facility"", ""evidence"": ""Camp Facility"", ""confidence"": ""HIGH"", ""match_method"": ""regex""}]","[{""value"": ""Unidentified Hazards"", ""evidence"": ""Unidentified hazards"", ""confidence"": ""HIGH"", ""match_method"": ""regex""}]","[{""value"": ""WORK_AUTHORIZATION_FAILURE"", ""evidence"": ""JSA not discussed"", ""confidence"": ""HIGH"", ""match_method"": ""regex""}]",[],"[""expired-permit""]","[{""rule"": ""Work Authorization"", ""score"": 0.633586951410885}]"
REP-CFAC1E18,2021-01-31,Facility Bravo,Deck 3,Near Miss,Driver doing Transporting Personnel in Vacuum Truck parked slightly outside the designated lines.,0,0.1341,Driving,"[{""value"": ""Vehicle Movement"", ""evidence"": ""Transporting Personnel"", ""confidence"": ""HIGH"", ""match_method"": ""regex""}]","[{""value"": ""Vehicle"", ""evidence"": ""Truck parked"", ""confidence"": ""HIGH"", ""match_method"": ""regex""}]",[],[],[],[],"[{""rule"": ""Driving"", ""score"": 0.981968988952762}]"
REP-07E55965,2020-01-03,Site Alpha,Loading Bay,Near Miss,Operator of Overhead Gantry during Crane Lifting forgot his safety glasses but was in an enclosed cab.,0,0.2374,Safe Mechanical Lifting,"[{""value"": ""Mechanical Lifting"", ""evidence"": ""Lifting"", ""confidence"": ""HIGH"", ""match_method"": ""regex""}]","[{""value"": ""Crane"", ""evidence"": ""Crane Lifting"", ""confidence"": ""HIGH"", ""match_method"": ""regex""}]",[],[],[],[],"[{""rule"": ""Safe Mechanical Lifting"", ""score"": 0.9681505403107984}]"
REP-09717D9F,2023-01-22,Site Alpha,Loading Bay,Near Miss,"While inspecting Heat Exchanger HX-2, Electrical shock was narrowly avoided because LOTO not applied.",1,0.6522,Energy Isolation,"[{""value"": ""Maintenance"", ""evidence"": ""inspecting"", ""confidence"": ""HIGH"", ""match_method"": ""regex""}]","[{""value"": ""Heat Exchanger Hx-2"", ""evidence"": ""Heat Exchanger HX-2"", ""confidence"": ""HIGH"", ""match_method"": ""regex""}, {""value"": ""Inspecting Heat Exchanger"", ""evidence"": ""inspecting Heat Exchanger"", ""confidence"": ""HIGH"", ""match_method"": ""regex""}]","[{""value"": ""Electrical Energy"", ""evidence"": ""Electrical"", ""confidence"": ""HIGH"", ""match_method"": ""regex""}]","[{""value"": ""ENERGY_ISOLATION_FAILURE"", ""evidence"": ""LOTO not applied"", ""confidence"": ""HIGH"", ""match_method"": ""regex""}]","[{""value"": ""Electrical Injury"", ""evidence"": ""shock"", ""confidence"": ""HIGH"", ""match_method"": ""regex""}]","[""missing-loto""]","[{""rule"": ""Energy Isolation"", ""score"": 0.8353982348528481}]"
REP-511462B9,2022-05-02,Terminal Echo,Loading Bay,Incident,Worker's chin strap on helmet was loose during Rigging on Scaffold Tower B.,0,0.1425,Work at Height,"[{""value"": ""Mechanical Lifting"", ""evidence"": ""Rigging"", ""confidence"": ""MEDIUM"", ""match_method"": ""regex""}, {""value"": ""Working at Height"", ""evidence"": ""Scaffold"", ""confidence"": ""HIGH"", ""match_method"": ""regex""}]","[{""value"": ""Scaffold"", ""evidence"": ""Scaffold"", ""confidence"": ""HIGH"", ""match_method"": ""regex""}, {""value"": ""Rigging"", ""evidence"": ""Rigging"", ""confidence"": ""HIGH"", ""match_method"": ""regex""}]",[],[],[],[],"[{""rule"": ""Work at Height"", ""score"": 0.9740226413762558}]"
REP-7F6CB8D6,2020-10-13,Station Foxtrot,Pump Room,Incident,Fire extinguisher near Welding Machine W-1 for Grinding was due for monthly inspection next week.,0,0.1052,Hot Work,"[{""value"": ""Maintenance"", ""evidence"": ""inspection"", ""confidence"": ""HIGH"", ""match_method"": ""regex""}, {""value"": ""Hot Work"", ""evidence"": ""Welding"", ""confidence"": ""HIGH"", ""match_method"": ""regex""}]","[{""value"": ""Welding Machine"", ""evidence"": ""Welding Machine"", ""confidence"": ""HIGH"", ""match_method"": ""regex""}]",[],[],[],[],"[{""rule"": ""Hot Work"", ""score"": 0.9817318440017386}]"
REP-16BB3126,2021-08-15,Platform Charlie,Storage Tank A,Unsafe Condition,Fire extinguisher near Pipe Spool P-10 for Torch Cutting was due for monthly inspection next week.,0,0.1286,Hot Work,"[{""value"": ""Maintenance"", ""evidence"": ""inspection"", ""confidence"": ""HIGH"", ""match_method"": ""regex""}, {""value"": ""Hot Work"", ""evidence"": ""Torch Cutting"", ""confidence"": ""HIGH"", ""match_method"": ""regex""}]","[{""value"": ""Pipeline"", ""evidence"": ""Spool P-10"", ""confidence"": ""HIGH"", ""match_method"": ""regex""}, {""value"": ""Torch"", ""evidence"": ""Torch"", ""confidence"": ""HIGH"", ""match_method"": ""regex""}]",[],[],[],[],"[{""rule"": ""Hot Work"", ""score"": 0.9684892551489157}]"
REP-8696655A,2022-06-30,Site Alpha,Storage Tank A,Unsafe Condition,"During Lifting, a piece of non-tensioned wire from Drill Pipe was left on the floor.",0,0.1373,Line of Fire,"[{""value"": ""Drilling"", ""evidence"": ""Drill"", ""confidence"": ""HIGH"", ""match_method"": ""regex""}, {""value"": ""Mechanical Lifting"", ""evidence"": ""Lifting"", ""confidence"": ""HIGH"", ""match_method"": ""regex""}]","[{""value"": ""Drill Pipe"", ""evidence"": ""Drill Pipe"", ""confidence"": ""HIGH"", ""match_method"": ""regex""}]",[],[],[],[],"[{""rule"": ""Line of Fire"", ""score"": 0.9560424148596219}]"
REP-E4A0293A,2023-09-09,Station Foxtrot,Control Room,Near Miss,"Scaffolding tubes for Cherry Picker were stored untidily, causing a minor trip hazard during Roof Repair.",0,0.0543,Work at Height,"[{""value"": ""Maintenance"", ""evidence"": ""Repair"", ""confidence"": ""HIGH"", ""match_method"": ""regex""}, {""value"": ""Working at Height"", ""evidence"": ""Scaffolding"", ""confidence"": ""HIGH"", ""match_method"": ""regex""}]","[{""value"": ""Cherry Picker"", ""evidence"": ""Cherry Picker"", ""confidence"": ""HIGH"", ""match_method"": ""regex""}]",[],[],[],[],"[{""rule"": ""Work at Height"", ""score"": 0.9840897290757539}]"
REP-B641E421,2020-08-17,Station Foxtrot,Boiler Area,Incident,Worker's chin strap on helmet was loose during Painting on Roof Access Ladder.,0,0.08,Work at Height,"[{""value"": ""Working at Height"", ""evidence"": ""Roof"", ""confidence"": ""MEDIUM"", ""match_method"": ""regex""}, {""value"": ""Painting"", ""evidence"": ""Painting"", ""confidence"": ""HIGH"", ""match_method"": ""regex""}]","[{""value"": ""Ladder"", ""evidence"": ""Ladder"", ""confidence"": ""HIGH"", ""match_method"": ""regex""}]",[],[],[],[],"[{""rule"": ""Work at Height"", ""score"": 0.9661784147919787}]"
REP-5B4A9EC6,2020-10-01,Site Alpha,Pipe Rack 2,Near Miss,Indicator bulb on Pressure Safety Valve PSV-90 was burnt out during System Maintenance.,0,0.1384,Bypassing Safety Controls,"[{""value"": ""Maintenance"", ""evidence"": ""Maintenance"", ""confidence"": ""HIGH"", ""match_method"": ""regex""}]","[{""value"": ""Valve"", ""evidence"": ""Valve PSV-90"", ""confidence"": ""HIGH"", ""match_method"": ""regex""}, {""value"": ""System Maintenance"", ""evidence"": ""System Maintenance"", ""confidence"": ""HIGH"", ""match_method"": ""regex""}, {""value"": ""During System"", ""evidence"": ""during System"", ""confidence"": ""HIGH"", ""match_method"": ""regex""}]",[],[],[],[],"[{""rule"": ""Bypassing Safety Controls"", ""score"": 0.9743222958219627}]"
REP-EAD3D1BA,2023-05-27,Terminal Echo,Loading Bay,Unsafe Condition,The entry log for Separator V-10 during Vessel Welding was smudged with dirt.,0,0.0198,Confined Space,"[{""value"": ""Hot Work"", ""evidence"": ""Welding"", ""confidence"": ""HIGH"", ""match_method"": ""regex""}]","[{""value"": ""Separator V-10"", ""evidence"": ""Separator V-10"", ""confidence"": ""HIGH"", ""match_method"": ""regex""}, {""value"": ""Vessel"", ""evidence"": ""Vessel Welding"", ""confidence"": ""HIGH"", ""match_method"": ""regex""}, {""value"": ""For Separator"", ""evidence"": ""for Separator"", ""confidence"": ""HIGH"", ""match_method"": ""regex""}]",[],[],[],[],"[{""rule"": ""Confined Space"", ""score"": 0.9667598232835262}]"
REP-795D85C7,2021-12-19,Terminal Echo,Storage Tank A,Near Miss,JSA for General Maintenance near Workshop was printed on crumpled paper.,0,0.0157,Work Authorization,"[{""value"": ""Maintenance"", ""evidence"": ""Maintenance"", ""confidence"": ""HIGH"", ""match_method"": ""regex""}]","[{""value"": ""Facility"", ""evidence"": ""Workshop"", ""confidence"": ""HIGH"", ""match_method"": ""regex""}]",[],[],[],[],"[{""rule"": ""Work Authorization"", ""score"": 0.7739271703133211}]"
REP-98001121,2022-10-27,Refinery Delta,Pipe Rack 2,Unsafe Condition,"Noticed Valve V-99 had a minor weep during Repair. LOTO was applied correctly, but cleanup was delayed.",0,0.1252,Energy Isolation,"[{""value"": ""Maintenance"", ""evidence"": ""Repair"", ""confidence"": ""HIGH"", ""match_method"": ""regex""}]","[{""value"": ""Valve"", ""evidence"": ""Valve V-99"", ""confidence"": ""HIGH"", ""match_method"": ""regex""}]",[],[],[],[],"[{""rule"": ""Energy Isolation"", ""score"": 0.8125613508573639}, {""rule"": ""Bypassing Safety Controls"", ""score"": 0.35462571489193917}]"
REP-7825041C,2020-12-24,Refinery Delta,Drilling Floor,Near Miss,"Screen on Shutdown Valve SDV-1 was dirty, making it hard to read during System Maintenance.",0,0.0619,Bypassing Safety Controls,"[{""value"": ""Maintenance"", ""evidence"": ""Maintenance"", ""confidence"": ""HIGH"", ""match_method"": ""regex""}]","[{""value"": ""Valve"", ""evidence"": ""Valve SDV-1"", ""confidence"": ""HIGH"", ""match_method"": ""regex""}, {""value"": ""System Maintenance"", ""evidence"": ""System Maintenance"", ""confidence"": ""HIGH"", ""match_method"": ""regex""}, {""value"": ""During System"", ""evidence"": ""during System"", ""confidence"": ""HIGH"", ""match_method"": ""regex""}]",[],[],[],[],"[{""rule"": ""Bypassing Safety Controls"", ""score"": 0.9671703194244226}]"
REP-2804576F,2021-11-25,Refinery Delta,Boiler Area,Near Miss,Radio in Crew Bus was left on high volume after Material Delivery.,0,0.0465,Driving,"[{""value"": ""Vehicle Movement"", ""evidence"": ""Material Delivery"", ""confidence"": ""HIGH"", ""match_method"": ""regex""}]","[{""value"": ""Vehicle"", ""evidence"": ""Crew Bus"", ""confidence"": ""HIGH"", ""match_method"": ""regex""}]",[],[],[],[],"[{""rule"": ""Driving"", ""score"": 0.975570934790129}]"
REP-5F6091DB,2020-08-27,Facility Bravo,Drilling Floor,Unsafe Condition,Welder doing Torch Cutting with Pipe Spool P-10 had untucked coveralls.,0,0.0259,Hot Work,"[{""value"": ""Hot Work"", ""evidence"": ""Welder"", ""confidence"": ""HIGH"", ""match_method"": ""regex""}]","[{""value"": ""Pipeline"", ""evidence"": ""Spool P-10"", ""confidence"": ""HIGH"", ""match_method"": ""regex""}, {""value"": ""Torch"", ""evidence"": ""Torch"", ""confidence"": ""HIGH"", ""match_method"": ""regex""}]",[],[],[],[],"[{""rule"": ""Hot Work"", ""score"": 0.9745706109021701}]"
REP-0AF3B18D,2022-05-05,Site Alpha,Pump Room,Unsafe Condition,Indicator bulb on Pressure Safety Valve PSV-90 was burnt out during Alarm Testing.,0,0.2636,Bypassing Safety Controls,"[{""value"": ""Operations"", ""evidence"": ""Alarm Testing"", ""confidence"": ""HIGH"", ""match_method"": ""regex""}]","[{""value"": ""Valve"", ""evidence"": ""Valve PSV-90"", ""confidence"": ""HIGH"", ""match_method"": ""regex""}]",[],[],[],[],"[{""rule"": ""Bypassing Safety Controls"", ""score"": 0.9729770483918954}]"
REP-BFFF5F7F,2020-06-19,Refinery Delta,Loading Bay,Near Miss,The welding lead for Pipe Spool P-10 was slightly tangled during Torch Cutting.,0,0.1044,Hot Work,"[{""value"": ""Hot Work"", ""evidence"": ""welding"", ""confidence"": ""HIGH"", ""match_method"": ""regex""}]","[{""value"": ""Pipeline"", ""evidence"": ""Spool P-10"", ""confidence"": ""HIGH"", ""match_method"": ""regex""}, {""value"": ""Torch"", ""evidence"": ""Torch"", ""confidence"": ""HIGH"", ""match_method"": ""regex""}]",[],[],[],[],"[{""rule"": ""Hot Work"", ""score"": 0.9777790028632374}]"
REP-05340A53,2021-02-23,Platform Charlie,Storage Tank A,Incident,"During Hoisting using Forklift F-3, the load began to swing wildly. Overloaded crane caused a loss of control, resulting in Swinging load.",1,0.9262,Safe Mechanical Lifting,"[{""value"": ""Mechanical Lifting"", ""evidence"": ""Hoisting"", ""confidence"": ""HIGH"", ""match_method"": ""regex""}, {""value"": ""Loading/Unloading"", ""evidence"": ""load"", ""confidence"": ""HIGH"", ""match_method"": ""regex""}]","[{""value"": ""Crane"", ""evidence"": ""crane caused"", ""confidence"": ""HIGH"", ""match_method"": ""regex""}, {""value"": ""Forklift"", ""evidence"": ""Forklift"", ""confidence"": ""HIGH"", ""match_method"": ""regex""}]","[{""value"": ""Suspended Load"", ""evidence"": ""Swinging load"", ""confidence"": ""HIGH"", ""match_method"": ""regex""}, {""value"": ""Vehicle Interaction"", ""evidence"": ""loss of control"", ""confidence"": ""HIGH"", ""match_method"": ""regex""}]","[{""value"": ""LIFTING_CONTROL_FAILURE"", ""evidence"": ""Overloaded crane"", ""confidence"": ""HIGH"", ""match_method"": ""regex""}]","[{""value"": ""Crushing Injury"", ""evidence"": ""Swinging load"", ""confidence"": ""MEDIUM"", ""match_method"": ""synonym""}, {""value"": ""Struck-By Injury"", ""evidence"": ""Swinging load"", ""confidence"": ""MEDIUM"", ""match_method"": ""synonym""}, {""value"": ""Vehicle / Pedestrian Injury"", ""evidence"": ""loss of control"", ""confidence"": ""MEDIUM"", ""match_method"": ""synonym""}]","[""suspended-load"", ""vehicle-interaction""]","[{""rule"": ""Safe Mechanical Lifting"", ""score"": 0.9821191443030381}]"
REP-81A110DB,2021-03-25,Station Foxtrot,Deck 3,Unsafe Condition,Radio in Light Vehicle was left on high volume after Heavy Haulage.,0,0.0725,Driving,"[{""value"": ""Vehicle Movement"", ""evidence"": ""Heavy Haulage"", ""confidence"": ""HIGH"", ""match_method"": ""regex""}]","[{""value"": ""Vehicle"", ""evidence"": ""Light Vehicle"", ""confidence"": ""HIGH"", ""match_method"": ""regex""}]",[],[],[],[],"[{""rule"": ""Driving"", ""score"": 0.976121307905242}, {""rule"": ""Confined Space"", ""score"": 0.3673639389061888}]"
REP-76610B25,2021-04-11,Site Alpha,Pump Room,Unsafe Act,"While preparing for Maintenance on Pump P-204, found that the lock for LOTO was slightly rusted, making it hard to use.",0,0.0447,Energy Isolation,"[{""value"": ""Maintenance"", ""evidence"": ""Maintenance"", ""confidence"": ""HIGH"", ""match_method"": ""regex""}]","[{""value"": ""Pump"", ""evidence"": ""Pump P-204"", ""confidence"": ""HIGH"", ""match_method"": ""regex""}]",[],[],[],[],"[{""rule"": ""Energy Isolation"", ""score"": 0.8310254048262212}]"
REP-D9068094,2021-06-26,Facility Bravo,Control Room,Unsafe Act,The welding lead for Angle Grinder was slightly tangled during Torch Cutting.,0,0.1879,Hot Work,"[{""value"": ""Hot Work"", ""evidence"": ""welding"", ""confidence"": ""HIGH"", ""match_method"": ""regex""}]","[{""value"": ""Grinder"", ""evidence"": ""Angle Grinder"", ""confidence"": ""HIGH"", ""match_method"": ""regex""}, {""value"": ""Torch"", ""evidence"": ""Torch"", ""confidence"": ""HIGH"", ""match_method"": ""regex""}]",[],[],[],[],"[{""rule"": ""Hot Work"", ""score"": 0.9822861354748581}, {""rule"": ""Line of Fire"", ""score"": 0.4080439458221028}]"
REP-62DEC93A,2022-12-29,Platform Charlie,Storage Tank A,Unsafe Act,"Hoisting was taking place with Forklift F-3. It was found that Outriggers not extended, which is a severe violation that could result in Crane tip-over.",1,0.8519,Safe Mechanical Lifting,"[{""value"": ""Mechanical Lifting"", ""evidence"": ""Hoisting"", ""confidence"": ""HIGH"", ""match_method"": ""regex""}]","[{""value"": ""Crane"", ""evidence"": ""Crane tip-over"", ""confidence"": ""HIGH"", ""match_method"": ""regex""}, {""value"": ""Forklift"", ""evidence"": ""Forklift"", ""confidence"": ""HIGH"", ""match_method"": ""regex""}]","[{""value"": ""Suspended Load"", ""evidence"": ""Crane tip-over"", ""confidence"": ""HIGH"", ""match_method"": ""regex""}]","[{""value"": ""LIFTING_CONTROL_FAILURE"", ""evidence"": ""Outriggers not extended"", ""confidence"": ""HIGH"", ""match_method"": ""regex""}]","[{""value"": ""Crushing Injury"", ""evidence"": ""Crane tip-over"", ""confidence"": ""MEDIUM"", ""match_method"": ""synonym""}, {""value"": ""Struck-By Injury"", ""evidence"": ""Crane tip-over"", ""confidence"": ""MEDIUM"", ""match_method"": ""synonym""}]","[""suspended-load""]","[{""rule"": ""Safe Mechanical Lifting"", ""score"": 0.8988705397933612}, {""rule"": ""Work at Height"", ""score"": 0.3655804972672481}]"
REP-8683C4DD,2023-08-01,Facility Bravo,Drilling Floor,Unsafe Act,Permit for Contractor Work at Camp Facility had a minor spelling mistake in the supervisor's name.,0,0.0753,Work Authorization,"[{""value"": ""Contractor Work"", ""evidence"": ""Contractor Work"", ""confidence"": ""HIGH"", ""match_method"": ""regex""}]","[{""value"": ""Facility"", ""evidence"": ""Camp Facility"", ""confidence"": ""HIGH"", ""match_method"": ""regex""}]",[],[],[],[],"[{""rule"": ""Work Authorization"", ""score"": 0.9762476617061756}]"
REP-BFB01D18,2022-12-24,Facility Bravo,Pipe Rack 2,Near Miss,"Scaffolding tubes for Pipe Rack Level 3 were stored untidily, causing a minor trip hazard during Roof Repair.",0,0.0598,Work at Height,"[{""value"": ""Maintenance"", ""evidence"": ""Repair"", ""confidence"": ""HIGH"", ""match_method"": ""regex""}, {""value"": ""Working at Height"", ""evidence"": ""Scaffolding"", ""confidence"": ""HIGH"", ""match_method"": ""regex""}]","[{""value"": ""Structure"", ""evidence"": ""Pipe Rack"", ""confidence"": ""HIGH"", ""match_method"": ""regex""}]",[],[],[],[],"[{""rule"": ""Work at Height"", ""score"": 0.9770038979476149}]"
REP-C9B7AF2B,2021-04-05,Site Alpha,Drilling Floor,Unsafe Act,Operator logged Process Operation for Pressure Safety Valve PSV-90 in the wrong logbook.,0,0.1587,Bypassing Safety Controls,"[{""value"": ""Operations"", ""evidence"": ""Process Operation"", ""confidence"": ""HIGH"", ""match_method"": ""regex""}]","[{""value"": ""Valve"", ""evidence"": ""Valve PSV-90"", ""confidence"": ""HIGH"", ""match_method"": ""regex""}]",[],[],[],[],"[{""rule"": ""Bypassing Safety Controls"", ""score"": 0.966466038718053}]"
REP-2442BE6B,2021-06-06,Platform Charlie,Deck 3,Incident,"Operator was performing Inspection on Heat Exchanger HX-2. It was discovered that Padlock missing, leaving the system vulnerable to H2S exposure. Work was stopped immediately.",1,0.9412,Energy Isolation,"[{""value"": ""Maintenance"", ""evidence"": ""Inspection"", ""confidence"": ""HIGH"", ""match_method"": ""regex""}]","[{""value"": ""Heat Exchanger Hx-2"", ""evidence"": ""Heat Exchanger HX-2"", ""confidence"": ""HIGH"", ""match_method"": ""regex""}, {""value"": ""System Vulnerable"", ""evidence"": ""system vulnerable"", ""confidence"": ""HIGH"", ""match_method"": ""regex""}, {""value"": ""On Heat Exchanger"", ""evidence"": ""on Heat Exchanger"", ""confidence"": ""HIGH"", ""match_method"": ""regex""}, {""value"": ""The System"", ""evidence"": ""the system"", ""confidence"": ""HIGH"", ""match_method"": ""regex""}]","[{""value"": ""H2S Exposure"", ""evidence"": ""H2S"", ""confidence"": ""MEDIUM"", ""match_method"": ""regex""}]","[{""value"": ""ENERGY_ISOLATION_FAILURE"", ""evidence"": ""Padlock missing"", ""confidence"": ""HIGH"", ""match_method"": ""regex""}]","[{""value"": ""Toxic Exposure"", ""evidence"": ""H2S"", ""confidence"": ""MEDIUM"", ""match_method"": ""synonym""}, {""value"": ""Loss of Consciousness"", ""evidence"": ""H2S"", ""confidence"": ""MEDIUM"", ""match_method"": ""synonym""}, {""value"": ""Fatal Exposure"", ""evidence"": ""H2S"", ""confidence"": ""MEDIUM"", ""match_method"": ""synonym""}]","[""missing-loto""]","[{""rule"": ""Energy Isolation"", ""score"": 0.8275795355936638}, {""rule"": ""Bypassing Safety Controls"", ""score"": 0.49385039398706765}]"
REP-D964D65C,2021-05-03,Site Alpha,Pipe Rack 2,Incident,"Scaffolding tubes for Scaffold Tower B were stored untidily, causing a minor trip hazard during Structural Inspection.",0,0.1156,Work at Height,"[{""value"": ""Maintenance"", ""evidence"": ""Inspection"", ""confidence"": ""HIGH"", ""match_method"": ""regex""}, {""value"": ""Working at Height"", ""evidence"": ""Scaffolding"", ""confidence"": ""HIGH"", ""match_method"": ""regex""}]","[{""value"": ""Scaffold"", ""evidence"": ""Scaffold"", ""confidence"": ""HIGH"", ""match_method"": ""regex""}]",[],[],[],[],"[{""rule"": ""Work at Height"", ""score"": 0.9700342946942437}]"
REP-188F4AB0,2023-04-17,Terminal Echo,Drilling Floor,Incident,Permit for Contractor Work at Utility Area had a minor spelling mistake in the supervisor's name.,0,0.0463,Work Authorization,"[{""value"": ""Contractor Work"", ""evidence"": ""Contractor Work"", ""confidence"": ""HIGH"", ""match_method"": ""regex""}]","[{""value"": ""Facility"", ""evidence"": ""Utility Area"", ""confidence"": ""HIGH"", ""match_method"": ""regex""}]",[],[],[],[],"[{""rule"": ""Work Authorization"", ""score"": 0.9750988630779711}]"
REP-64BD1FDA,2020-07-28,Facility Bravo,Storage Tank A,Unsafe Condition,"Torch Cutting was started on Welding Machine W-1 near a live process area. Combustibles not cleared was observed, posing a massive risk of Fire.",1,0.777,Hot Work,"[{""value"": ""Hot Work"", ""evidence"": ""Welding"", ""confidence"": ""HIGH"", ""match_method"": ""regex""}]","[{""value"": ""Welding Machine"", ""evidence"": ""Welding Machine"", ""confidence"": ""HIGH"", ""match_method"": ""regex""}, {""value"": ""Torch"", ""evidence"": ""Torch"", ""confidence"": ""HIGH"", ""match_method"": ""regex""}]","[{""value"": ""Fire/Explosion"", ""evidence"": ""Fire"", ""confidence"": ""MEDIUM"", ""match_method"": ""regex""}]",[],"[{""value"": ""Fire Injury"", ""evidence"": ""Fire"", ""confidence"": ""MEDIUM"", ""match_method"": ""synonym""}, {""value"": ""Explosion Injury"", ""evidence"": ""Fire"", ""confidence"": ""MEDIUM"", ""match_method"": ""synonym""}, {""value"": ""Major Process Safety Event"", ""evidence"": ""Fire"", ""confidence"": ""MEDIUM"", ""match_method"": ""synonym""}]",[],"[{""rule"": ""Hot Work"", ""score"": 0.971021501127633}]"
REP-53C2B263,2021-07-27,Facility Bravo,Drilling Floor,Incident,Operator engaged in Alarm Testing admitted to bypassing safety logic on DCS System. Interlock bridged is a severe breach leading to Loss of containment.,1,0.9532,Bypassing Safety Controls,"[{""value"": ""Operations"", ""evidence"": ""Alarm Testing"", ""confidence"": ""HIGH"", ""match_method"": ""regex""}]","[{""value"": ""Electrical Panel"", ""evidence"": ""DCS System"", ""confidence"": ""HIGH"", ""match_method"": ""regex""}]","[{""value"": ""Loss of Containment"", ""evidence"": ""Loss of containment"", ""confidence"": ""HIGH"", ""match_method"": ""regex""}]","[{""value"": ""SAFETY_DEVICE_BYPASS"", ""evidence"": ""Interlock bridged"", ""confidence"": ""HIGH"", ""match_method"": ""regex""}]","[{""value"": ""Major Process Safety Event"", ""evidence"": ""Loss of containment"", ""confidence"": ""MEDIUM"", ""match_method"": ""synonym""}]","[""bypassed-interlock""]","[{""rule"": ""Bypassing Safety Controls"", ""score"": 0.9239255968147785}]"
REP-10A159E0,2023-10-23,Refinery Delta,Deck 3,Incident,The horn on Chain Block sounded a bit quiet during Rigging.,0,0.0413,Safe Mechanical Lifting,"[{""value"": ""Mechanical Lifting"", ""evidence"": ""Rigging"", ""confidence"": ""MEDIUM"", ""match_method"": ""regex""}]","[{""value"": ""Block Sounded"", ""evidence"": ""Block sounded"", ""confidence"": ""HIGH"", ""match_method"": ""regex""}, {""value"": ""Crane"", ""evidence"": ""Chain Block"", ""confidence"": ""HIGH"", ""match_method"": ""regex""}, {""value"": ""Rigging"", ""evidence"": ""Rigging"", ""confidence"": ""HIGH"", ""match_method"": ""regex""}]",[],[],[],[],"[{""rule"": ""Safe Mechanical Lifting"", ""score"": 0.9682594122344912}]"
REP-73D789A5,2023-07-28,Terminal Echo,Pipe Rack 2,Incident,"Scaffolding tubes for Scaffold Tower B were stored untidily, causing a minor trip hazard during Scaffolding.",0,0.1659,Work at Height,"[{""value"": ""Working at Height"", ""evidence"": ""Scaffolding"", ""confidence"": ""HIGH"", ""match_method"": ""regex""}]","[{""value"": ""Scaffold"", ""evidence"": ""Scaffold"", ""confidence"": ""HIGH"", ""match_method"": ""regex""}]",[],[],[],[],"[{""rule"": ""Work at Height"", ""score"": 0.9613533844787692}]"
REP-BCBAB38A,2021-06-12,Station Foxtrot,Boiler Area,Unsafe Act,Paint on Chain Block used for Forklift Operation is peeling off.,0,0.0288,Safe Mechanical Lifting,"[{""value"": ""Mechanical Lifting"", ""evidence"": ""Forklift Operation"", ""confidence"": ""HIGH"", ""match_method"": ""regex""}, {""value"": ""Painting"", ""evidence"": ""Paint"", ""confidence"": ""HIGH"", ""match_method"": ""regex""}]","[{""value"": ""Block Used"", ""evidence"": ""Block used"", ""confidence"": ""HIGH"", ""match_method"": ""regex""}, {""value"": ""Crane"", ""evidence"": ""Chain Block"", ""confidence"": ""HIGH"", ""match_method"": ""regex""}, {""value"": ""Forklift"", ""evidence"": ""Forklift"", ""confidence"": ""HIGH"", ""match_method"": ""regex""}]",[],[],[],[],"[{""rule"": ""Safe Mechanical Lifting"", ""score"": 0.9580211419252606}]"
REP-CF910D25,2020-05-24,Site Alpha,Main Workshop,Near Miss,Worker's chin strap on helmet was loose during Rigging on Cherry Picker.,0,0.1617,Work at Height,"[{""value"": ""Mechanical Lifting"", ""evidence"": ""Rigging"", ""confidence"": ""MEDIUM"", ""match_method"": ""regex""}]","[{""value"": ""Rigging"", ""evidence"": ""Rigging"", ""confidence"": ""HIGH"", ""match_method"": ""regex""}, {""value"": ""Cherry Picker"", ""evidence"": ""Cherry Picker"", ""confidence"": ""HIGH"", ""match_method"": ""regex""}]",[],[],[],[],"[{""rule"": ""Work at Height"", ""score"": 0.9557208122680356}]"
REP-1CC13E9C,2021-09-01,Station Foxtrot,Deck 3,Unsafe Condition,Tools used for Vessel Welding in Storage Tank A were left outside the entrance untidily.,0,0.0845,Confined Space,"[{""value"": ""Hot Work"", ""evidence"": ""Welding"", ""confidence"": ""HIGH"", ""match_method"": ""regex""}]","[{""value"": ""Vessel"", ""evidence"": ""Vessel Welding"", ""confidence"": ""HIGH"", ""match_method"": ""regex""}, {""value"": ""Tank"", ""evidence"": ""Tank A"", ""confidence"": ""HIGH"", ""match_method"": ""regex""}]",[],[],[],[],"[{""rule"": ""Confined Space"", ""score"": 0.9420263007162802}]"
REP-819E10EE,2021-03-11,Facility Bravo,Pipe Rack 2,Unsafe Act,"While inspecting Compressor C-10, H2S exposure was narrowly avoided because Padlock missing.",1,0.9105,Energy Isolation,"[{""value"": ""Maintenance"", ""evidence"": ""inspecting"", ""confidence"": ""HIGH"", ""match_method"": ""regex""}]","[{""value"": ""Compressor"", ""evidence"": ""Compressor C-10"", ""confidence"": ""HIGH"", ""match_method"": ""regex""}]","[{""value"": ""H2S Exposure"", ""evidence"": ""H2S"", ""confidence"": ""MEDIUM"", ""match_method"": ""regex""}]","[{""value"": ""ENERGY_ISOLATION_FAILURE"", ""evidence"": ""Padlock missing"", ""confidence"": ""HIGH"", ""match_method"": ""regex""}]","[{""value"": ""Toxic Exposure"", ""evidence"": ""H2S"", ""confidence"": ""MEDIUM"", ""match_method"": ""synonym""}, {""value"": ""Loss of Consciousness"", ""evidence"": ""H2S"", ""confidence"": ""MEDIUM"", ""match_method"": ""synonym""}, {""value"": ""Fatal Exposure"", ""evidence"": ""H2S"", ""confidence"": ""MEDIUM"", ""match_method"": ""synonym""}]","[""missing-loto""]","[{""rule"": ""Energy Isolation"", ""score"": 0.9015858140309735}]"
REP-17E9BBA5,2021-07-30,Station Foxtrot,Drilling Floor,Incident,Tools used for Tank Cleaning in Separator V-10 were left outside the entrance untidily.,0,0.0343,Confined Space,"[{""value"": ""Confined Space Entry"", ""evidence"": ""Tank Cleaning"", ""confidence"": ""HIGH"", ""match_method"": ""regex""}, {""value"": ""Cleaning"", ""evidence"": ""Cleaning"", ""confidence"": ""HIGH"", ""match_method"": ""regex""}]","[{""value"": ""Tank"", ""evidence"": ""Tank Cleaning"", ""confidence"": ""HIGH"", ""match_method"": ""regex""}, {""value"": ""Separator V-10"", ""evidence"": ""Separator V-10"", ""confidence"": ""HIGH"", ""match_method"": ""regex""}, {""value"": ""In Separator"", ""evidence"": ""in Separator"", ""confidence"": ""HIGH"", ""match_method"": ""regex""}]",[],[],[],[],"[{""rule"": ""Confined Space"", ""score"": 0.9759963613212138}]"
REP-3899F2B9,2021-07-28,Facility Bravo,Deck 3,Unsafe Condition,The welding lead for Pipe Spool P-10 was slightly tangled during Grinding.,0,0.0664,Hot Work,"[{""value"": ""Hot Work"", ""evidence"": ""welding"", ""confidence"": ""HIGH"", ""match_method"": ""regex""}]","[{""value"": ""Pipeline"", ""evidence"": ""Spool P-10"", ""confidence"": ""HIGH"", ""match_method"": ""regex""}]",[],[],[],[],"[{""rule"": ""Hot Work"", ""score"": 0.9716981149653685}]"
REP-BEC2317C,2020-06-28,Platform Charlie,Control Room,Unsafe Condition,Driver doing Site Patrol in Crew Bus parked slightly outside the designated lines.,0,0.0667,Driving,"[{""value"": ""Vehicle Movement"", ""evidence"": ""Site Patrol"", ""confidence"": ""HIGH"", ""match_method"": ""regex""}]","[{""value"": ""Vehicle"", ""evidence"": ""Crew Bus"", ""confidence"": ""HIGH"", ""match_method"": ""regex""}]",[],[],[],[],"[{""rule"": ""Driving"", ""score"": 0.978381411360455}]"
REP-677BCDC7,2023-11-07,Refinery Delta,Main Workshop,Incident,"A safety camera caught Crew Bus engaged in Material Delivery. The footage revealed Fatigued driver, which is a precursor to Loss of control.",1,0.7901,Driving,"[{""value"": ""Vehicle Movement"", ""evidence"": ""Material Delivery"", ""confidence"": ""HIGH"", ""match_method"": ""regex""}]","[{""value"": ""Vehicle"", ""evidence"": ""Crew Bus"", ""confidence"": ""HIGH"", ""match_method"": ""regex""}]","[{""value"": ""Vehicle Interaction"", ""evidence"": ""Loss of control"", ""confidence"": ""HIGH"", ""match_method"": ""regex""}]","[{""value"": ""TRAFFIC_CONTROL_FAILURE"", ""evidence"": ""Fatigued driver"", ""confidence"": ""HIGH"", ""match_method"": ""regex""}]","[{""value"": ""Vehicle / Pedestrian Injury"", ""evidence"": ""Loss of control"", ""confidence"": ""MEDIUM"", ""match_method"": ""synonym""}]","[""vehicle-interaction""]","[{""rule"": ""Driving"", ""score"": 0.96708819009706}]"
REP-2A43B7F7,2022-03-20,Platform Charlie,Storage Tank A,Near Miss,"Scaffolding tubes for Pipe Rack Level 3 were stored untidily, causing a minor trip hazard during Structural Inspection.",0,0.1113,Work at Height,"[{""value"": ""Maintenance"", ""evidence"": ""Inspection"", ""confidence"": ""HIGH"", ""match_method"": ""regex""}, {""value"": ""Working at Height"", ""evidence"": ""Scaffolding"", ""confidence"": ""HIGH"", ""match_method"": ""regex""}]","[{""value"": ""Structure"", ""evidence"": ""Pipe Rack"", ""confidence"": ""HIGH"", ""match_method"": ""regex""}]",[],[],[],[],"[{""rule"": ""Work at Height"", ""score"": 0.964345004051119}, {""rule"": ""Safe Mechanical Lifting"", ""score"": 0.3767124581798281}]"
REP-4BF02162,2023-09-10,Facility Bravo,Drilling Floor,Unsafe Condition,Worker doing Contractor Work at Utility Area did not sign the permit exactly on the line.,0,0.0608,Work Authorization,"[{""value"": ""Contractor Work"", ""evidence"": ""Contractor Work"", ""confidence"": ""HIGH"", ""match_method"": ""regex""}]","[{""value"": ""Facility"", ""evidence"": ""Utility Area"", ""confidence"": ""HIGH"", ""match_method"": ""regex""}]",[],[],[],[],"[{""rule"": ""Work Authorization"", ""score"": 0.9783564277339861}]"
REP-2E9D7514,2020-12-19,Terminal Echo,Main Workshop,Near Miss,Fire extinguisher near Pipe Spool P-10 for Grinding was due for monthly inspection next week.,0,0.0956,Hot Work,"[{""value"": ""Maintenance"", ""evidence"": ""inspection"", ""confidence"": ""HIGH"", ""match_method"": ""regex""}, {""value"": ""Hot Work"", ""evidence"": ""Grinding"", ""confidence"": ""MEDIUM"", ""match_method"": ""regex""}]","[{""value"": ""Pipeline"", ""evidence"": ""Spool P-10"", ""confidence"": ""HIGH"", ""match_method"": ""regex""}]",[],[],[],[],"[{""rule"": ""Hot Work"", ""score"": 0.9630908208280432}]"
REP-BEA1B9CC,2022-07-04,Station Foxtrot,Deck 3,Unsafe Condition,"Soldering was started on Oxy-Acetylene Torch near a live process area. Fire watcher absent was observed, posing a massive risk of Explosion.",1,0.8766,Hot Work,"[{""value"": ""Hot Work"", ""evidence"": ""Soldering"", ""confidence"": ""HIGH"", ""match_method"": ""regex""}]","[{""value"": ""Torch"", ""evidence"": ""Torch"", ""confidence"": ""HIGH"", ""match_method"": ""regex""}]","[{""value"": ""Fire/Explosion"", ""evidence"": ""Explosion"", ""confidence"": ""HIGH"", ""match_method"": ""regex""}]","[{""value"": ""COMMUNICATION_FAILURE"", ""evidence"": ""Fire watcher absent"", ""confidence"": ""HIGH"", ""match_method"": ""regex""}]","[{""value"": ""Fire Injury"", ""evidence"": ""Explosion"", ""confidence"": ""MEDIUM"", ""match_method"": ""synonym""}, {""value"": ""Explosion Injury"", ""evidence"": ""Explosion"", ""confidence"": ""MEDIUM"", ""match_method"": ""synonym""}, {""value"": ""Major Process Safety Event"", ""evidence"": ""Explosion"", ""confidence"": ""MEDIUM"", ""match_method"": ""synonym""}]","[""communication-failure""]","[{""rule"": ""Hot Work"", ""score"": 0.9267399137457537}]"
REP-E9830160,2020-06-07,Site Alpha,Storage Tank A,Unsafe Act,"During Pressure Testing, a piece of non-tensioned wire from Winch W-2 was left on the floor.",0,0.1854,Line of Fire,"[{""value"": ""Pressure Testing"", ""evidence"": ""Pressure Testing"", ""confidence"": ""HIGH"", ""match_method"": ""regex""}]","[{""value"": ""Crane"", ""evidence"": ""Winch W-2"", ""confidence"": ""HIGH"", ""match_method"": ""regex""}]",[],[],[],[],"[{""rule"": ""Line of Fire"", ""score"": 0.9618115427739691}]"
REP-F1BE61D4,2022-04-07,Terminal Echo,Deck 3,Incident,"Operator was performing Maintenance on Heat Exchanger HX-2. It was discovered that Padlock missing, leaving the system vulnerable to Electrical shock. Work was stopped immediately.",1,0.9462,Energy Isolation,"[{""value"": ""Maintenance"", ""evidence"": ""Maintenance"", ""confidence"": ""HIGH"", ""match_method"": ""regex""}]","[{""value"": ""Heat Exchanger Hx-2"", ""evidence"": ""Heat Exchanger HX-2"", ""confidence"": ""HIGH"", ""match_method"": ""regex""}, {""value"": ""System Vulnerable"", ""evidence"": ""system vulnerable"", ""confidence"": ""HIGH"", ""match_method"": ""regex""}, {""value"": ""On Heat Exchanger"", ""evidence"": ""on Heat Exchanger"", ""confidence"": ""HIGH"", ""match_method"": ""regex""}, {""value"": ""The System"", ""evidence"": ""the system"", ""confidence"": ""HIGH"", ""match_method"": ""regex""}]","[{""value"": ""Electrical Energy"", ""evidence"": ""Electrical"", ""confidence"": ""HIGH"", ""match_method"": ""regex""}]","[{""value"": ""ENERGY_ISOLATION_FAILURE"", ""evidence"": ""Padlock missing"", ""confidence"": ""HIGH"", ""match_method"": ""regex""}]","[{""value"": ""Electrical Injury"", ""evidence"": ""shock"", ""confidence"": ""HIGH"", ""match_method"": ""regex""}]","[""missing-loto""]","[{""rule"": ""Energy Isolation"", ""score"": 0.8626490326745909}, {""rule"": ""Bypassing Safety Controls"", ""score"": 0.42216972613418374}]"
REP-8BC0D868,2022-08-20,Station Foxtrot,Boiler Area,Near Miss,"Worker performing Lifting on Hydraulic Torque Wrench had their hands slightly close to a rough edge, causing a minor scratch.",0,0.2458,Line of Fire,"[{""value"": ""Mechanical Lifting"", ""evidence"": ""Lifting"", ""confidence"": ""HIGH"", ""match_method"": ""regex""}, {""value"": ""Torquing"", ""evidence"": ""Torque"", ""confidence"": ""MEDIUM"", ""match_method"": ""regex""}]","[{""value"": ""Torque Wrench"", ""evidence"": ""Torque Wrench"", ""confidence"": ""HIGH"", ""match_method"": ""regex""}]",[],[],[],[],"[{""rule"": ""Line of Fire"", ""score"": 0.9509074575985368}]"
REP-A78AEB76,2021-04-08,Refinery Delta,Pump Room,Incident,"Worker doing Tank Cleaning in Storage Tank A complained about poor lighting, though gas levels were normal.",0,0.0719,Confined Space,"[{""value"": ""Confined Space Entry"", ""evidence"": ""Tank Cleaning"", ""confidence"": ""HIGH"", ""match_method"": ""regex""}, {""value"": ""Cleaning"", ""evidence"": ""Cleaning"", ""confidence"": ""HIGH"", ""match_method"": ""regex""}]","[{""value"": ""Tank"", ""evidence"": ""Tank Cleaning"", ""confidence"": ""HIGH"", ""match_method"": ""regex""}]",[],[],[],[],"[{""rule"": ""Confined Space"", ""score"": 0.9531834092960334}]"
REP-2D3A9D7E,2020-07-22,Refinery Delta,Control Room,Incident,Welder doing Soldering with Oxy-Acetylene Torch had untucked coveralls.,0,0.0314,Hot Work,"[{""value"": ""Hot Work"", ""evidence"": ""Welder"", ""confidence"": ""HIGH"", ""match_method"": ""regex""}]","[{""value"": ""Torch"", ""evidence"": ""Torch"", ""confidence"": ""HIGH"", ""match_method"": ""regex""}]",[],[],[],[],"[{""rule"": ""Hot Work"", ""score"": 0.9738795702149491}]"
REP-A45E4106,2022-01-26,Station Foxtrot,Pump Room,Near Miss,"While Site Patrol with Light Vehicle, the driver was observed Fatigued driver. This led to a near miss involving Rollover.",1,0.8513,Driving,"[{""value"": ""Vehicle Movement"", ""evidence"": ""Site Patrol"", ""confidence"": ""HIGH"", ""match_method"": ""regex""}]","[{""value"": ""Vehicle"", ""evidence"": ""Light Vehicle"", ""confidence"": ""HIGH"", ""match_method"": ""regex""}]","[{""value"": ""Vehicle Interaction"", ""evidence"": ""Rollover"", ""confidence"": ""HIGH"", ""match_method"": ""regex""}]","[{""value"": ""TRAFFIC_CONTROL_FAILURE"", ""evidence"": ""Fatigued driver"", ""confidence"": ""HIGH"", ""match_method"": ""regex""}]","[{""value"": ""Vehicle / Pedestrian Injury"", ""evidence"": ""Rollover"", ""confidence"": ""MEDIUM"", ""match_method"": ""synonym""}]","[""vehicle-interaction""]","[{""rule"": ""Driving"", ""score"": 0.9604664688219602}]"
REP-26E5EE97,2020-06-09,Terminal Echo,Loading Bay,Unsafe Condition,Radio in Vacuum Truck was left on high volume after Transporting Personnel.,0,0.1085,Driving,"[{""value"": ""Vehicle Movement"", ""evidence"": ""Transporting Personnel"", ""confidence"": ""HIGH"", ""match_method"": ""regex""}]","[{""value"": ""Vehicle"", ""evidence"": ""Truck was"", ""confidence"": ""HIGH"", ""match_method"": ""regex""}]",[],[],[],[],"[{""rule"": ""Driving"", ""score"": 0.9753672410856273}]"
REP-F4BD88D7,2022-02-28,Refinery Delta,Pump Room,Unsafe Condition,"During Lifting, Excavator failed unexpectedly. Because Tension line snapped, the worker was exposed to Caught between objects. Fortunately, the worker jumped back in time.",1,0.9817,Line of Fire,"[{""value"": ""Mechanical Lifting"", ""evidence"": ""Lifting"", ""confidence"": ""HIGH"", ""match_method"": ""regex""}]","[{""value"": ""Excavator"", ""evidence"": ""Excavator"", ""confidence"": ""HIGH"", ""match_method"": ""regex""}]","[{""value"": ""Line-of-Fire Exposure"", ""evidence"": ""Caught between objects"", ""confidence"": ""HIGH"", ""match_method"": ""regex""}]","[{""value"": ""LINE_OF_FIRE_CONTROL_FAILURE"", ""evidence"": ""Tension line snapped"", ""confidence"": ""HIGH"", ""match_method"": ""regex""}]",[],"[""line-of-fire""]","[{""rule"": ""Line of Fire"", ""score"": 0.9284541941270047}]"
REP-10F4B33C,2020-06-05,Facility Bravo,Boiler Area,Near Miss,"Scaffolding tubes for Pipe Rack Level 3 were stored untidily, causing a minor trip hazard during Rigging.",0,0.1589,Work at Height,"[{""value"": ""Mechanical Lifting"", ""evidence"": ""Rigging"", ""confidence"": ""MEDIUM"", ""match_method"": ""regex""}, {""value"": ""Working at Height"", ""evidence"": ""Scaffolding"", ""confidence"": ""HIGH"", ""match_method"": ""regex""}]","[{""value"": ""Structure"", ""evidence"": ""Pipe Rack"", ""confidence"": ""HIGH"", ""match_method"": ""regex""}, {""value"": ""Rigging"", ""evidence"": ""Rigging"", ""confidence"": ""HIGH"", ""match_method"": ""regex""}]",[],[],[],[],"[{""rule"": ""Work at Height"", ""score"": 0.9629528872688576}, {""rule"": ""Safe Mechanical Lifting"", ""score"": 0.36185388670356666}]"
REP-670D43FA,2022-09-30,Station Foxtrot,Pipe Rack 2,Unsafe Condition,The welding lead for Angle Grinder was slightly tangled during Torch Cutting.,0,0.1879,Hot Work,"[{""value"": ""Hot Work"", ""evidence"": ""welding"", ""confidence"": ""HIGH"", ""match_method"": ""regex""}]","[{""value"": ""Grinder"", ""evidence"": ""Angle Grinder"", ""confidence"": ""HIGH"", ""match_method"": ""regex""}, {""value"": ""Torch"", ""evidence"": ""Torch"", ""confidence"": ""HIGH"", ""match_method"": ""regex""}]",[],[],[],[],"[{""rule"": ""Hot Work"", ""score"": 0.9822861354748581}, {""rule"": ""Line of Fire"", ""score"": 0.4080439458221028}]"
REP-9913DB8E,2022-04-30,Station Foxtrot,Main Workshop,Near Miss,The horn on Chain Block sounded a bit quiet during Forklift Operation.,0,0.0425,Safe Mechanical Lifting,"[{""value"": ""Mechanical Lifting"", ""evidence"": ""Forklift Operation"", ""confidence"": ""HIGH"", ""match_method"": ""regex""}]","[{""value"": ""Block Sounded"", ""evidence"": ""Block sounded"", ""confidence"": ""HIGH"", ""match_method"": ""regex""}, {""value"": ""Crane"", ""evidence"": ""Chain Block"", ""confidence"": ""HIGH"", ""match_method"": ""regex""}, {""value"": ""Forklift"", ""evidence"": ""Forklift"", ""confidence"": ""HIGH"", ""match_method"": ""regex""}]",[],[],[],[],"[{""rule"": ""Safe Mechanical Lifting"", ""score"": 0.9667241735789898}, {""rule"": ""Driving"", ""score"": 0.38969286573501327}]"
REP-0E99F988,2021-01-28,Station Foxtrot,Deck 3,Unsafe Act,"While investigating Fire & Gas Panel, it was found that Safety valve isolated during Process Operation. This exposed the facility to Loss of containment.",1,0.9505,Bypassing Safety Controls,"[{""value"": ""Operations"", ""evidence"": ""Process Operation"", ""confidence"": ""HIGH"", ""match_method"": ""regex""}]","[{""value"": ""Valve"", ""evidence"": ""valve isolated"", ""confidence"": ""HIGH"", ""match_method"": ""regex""}, {""value"": ""Electrical Panel"", ""evidence"": ""Gas Panel"", ""confidence"": ""HIGH"", ""match_method"": ""regex""}]","[{""value"": ""Loss of Containment"", ""evidence"": ""Loss of containment"", ""confidence"": ""HIGH"", ""match_method"": ""regex""}]","[{""value"": ""SAFETY_DEVICE_BYPASS"", ""evidence"": ""Safety valve isolated"", ""confidence"": ""HIGH"", ""match_method"": ""regex""}]","[{""value"": ""Major Process Safety Event"", ""evidence"": ""Loss of containment"", ""confidence"": ""MEDIUM"", ""match_method"": ""synonym""}]","[""bypassed-interlock""]","[{""rule"": ""Bypassing Safety Controls"", ""score"": 0.8459723263379099}, {""rule"": ""Energy Isolation"", ""score"": 0.36613463701671617}]"
REP-954C1EA5,2021-11-06,Refinery Delta,Pump Room,Incident,"Rigging was ongoing near Pipe Rack Level 3 when grating was removed. Harness not clipped left the hole unprotected, creating a high risk of Open grating.",1,0.8989,Work at Height,"[{""value"": ""Mechanical Lifting"", ""evidence"": ""Rigging"", ""confidence"": ""MEDIUM"", ""match_method"": ""regex""}]","[{""value"": ""Structure"", ""evidence"": ""Pipe Rack"", ""confidence"": ""HIGH"", ""match_method"": ""regex""}, {""value"": ""Rigging"", ""evidence"": ""Rigging"", ""confidence"": ""HIGH"", ""match_method"": ""regex""}]","[{""value"": ""Fall from Height"", ""evidence"": ""Open grating"", ""confidence"": ""HIGH"", ""match_method"": ""regex""}]","[{""value"": ""FALL_PROTECTION_FAILURE"", ""evidence"": ""Harness not clipped"", ""confidence"": ""HIGH"", ""match_method"": ""regex""}]","[{""value"": ""Fall Injury"", ""evidence"": ""Open grating"", ""confidence"": ""MEDIUM"", ""match_method"": ""synonym""}, {""value"": ""Fatal Fall"", ""evidence"": ""Open grating"", ""confidence"": ""MEDIUM"", ""match_method"": ""synonym""}]","[""fall-protection""]","[{""rule"": ""Work at Height"", ""score"": 0.9274781913564526}, {""rule"": ""Safe Mechanical Lifting"", ""score"": 0.5092036894890206}]"
REP-91F3276D,2021-09-05,Station Foxtrot,Storage Tank A,Unsafe Condition,Tools used for Vessel Welding in Separator V-10 were left outside the entrance untidily.,0,0.0732,Confined Space,"[{""value"": ""Hot Work"", ""evidence"": ""Welding"", ""confidence"": ""HIGH"", ""match_method"": ""regex""}]","[{""value"": ""Vessel"", ""evidence"": ""Vessel Welding"", ""confidence"": ""HIGH"", ""match_method"": ""regex""}, {""value"": ""Separator V-10"", ""evidence"": ""Separator V-10"", ""confidence"": ""HIGH"", ""match_method"": ""regex""}, {""value"": ""In Separator"", ""evidence"": ""in Separator"", ""confidence"": ""HIGH"", ""match_method"": ""regex""}]",[],[],[],[],"[{""rule"": ""Confined Space"", ""score"": 0.9466453525228766}, {""rule"": ""Hot Work"", ""score"": 0.3717569386832537}, {""rule"": ""Line of Fire"", ""score"": 0.35778727361607005}]"
REP-DD8ACE7A,2020-04-21,Site Alpha,Pump Room,Near Miss,Fire extinguisher near Oxy-Acetylene Torch for Grinding was due for monthly inspection next week.,0,0.1157,Hot Work,"[{""value"": ""Maintenance"", ""evidence"": ""inspection"", ""confidence"": ""HIGH"", ""match_method"": ""regex""}, {""value"": ""Hot Work"", ""evidence"": ""Grinding"", ""confidence"": ""MEDIUM"", ""match_method"": ""regex""}]","[{""value"": ""Torch"", ""evidence"": ""Torch"", ""confidence"": ""HIGH"", ""match_method"": ""regex""}]",[],[],[],[],"[{""rule"": ""Hot Work"", ""score"": 0.9722737593837436}]"
REP-2568AEE3,2021-01-04,Facility Bravo,Boiler Area,Incident,"During Pressure Testing, a piece of non-tensioned wire from Excavator was left on the floor.",0,0.2447,Line of Fire,"[{""value"": ""Pressure Testing"", ""evidence"": ""Pressure Testing"", ""confidence"": ""HIGH"", ""match_method"": ""regex""}]","[{""value"": ""Excavator"", ""evidence"": ""Excavator"", ""confidence"": ""HIGH"", ""match_method"": ""regex""}]",[],[],[],[],"[{""rule"": ""Line of Fire"", ""score"": 0.9796603895484014}]"
REP-A12CF9E5,2020-10-27,Site Alpha,Drilling Floor,Incident,"During Painting, worker used the correct harness but the inspection log was not filled in for Pipe Rack Level 3.",0,0.0932,Work at Height,"[{""value"": ""Maintenance"", ""evidence"": ""inspection"", ""confidence"": ""HIGH"", ""match_method"": ""regex""}, {""value"": ""Painting"", ""evidence"": ""Painting"", ""confidence"": ""HIGH"", ""match_method"": ""regex""}]","[{""value"": ""Structure"", ""evidence"": ""Pipe Rack"", ""confidence"": ""HIGH"", ""match_method"": ""regex""}]",[],[],[],[],"[{""rule"": ""Work at Height"", ""score"": 0.9312633125810524}]"
REP-A15806AE,2022-03-26,Site Alpha,Control Room,Incident,"Worker performing Trenching on Drill Pipe had their hands slightly close to a rough edge, causing a minor scratch.",0,0.0828,Line of Fire,"[{""value"": ""Drilling"", ""evidence"": ""Drill"", ""confidence"": ""HIGH"", ""match_method"": ""regex""}, {""value"": ""Excavation"", ""evidence"": ""Trenching"", ""confidence"": ""HIGH"", ""match_method"": ""regex""}]","[{""value"": ""Drill Pipe"", ""evidence"": ""Drill Pipe"", ""confidence"": ""HIGH"", ""match_method"": ""regex""}]",[],[],[],[],"[{""rule"": ""Line of Fire"", ""score"": 0.9559490422982673}]"
REP-FCF4F9CB,2023-05-19,Site Alpha,Deck 3,Unsafe Condition,"Scaffolding tubes for Pipe Rack Level 3 were stored untidily, causing a minor trip hazard during Roof Repair.",0,0.0598,Work at Height,"[{""value"": ""Maintenance"", ""evidence"": ""Repair"", ""confidence"": ""HIGH"", ""match_method"": ""regex""}, {""value"": ""Working at Height"", ""evidence"": ""Scaffolding"", ""confidence"": ""HIGH"", ""match_method"": ""regex""}]","[{""value"": ""Structure"", ""evidence"": ""Pipe Rack"", ""confidence"": ""HIGH"", ""match_method"": ""regex""}]",[],[],[],[],"[{""rule"": ""Work at Height"", ""score"": 0.9770038979476149}]"
REP-9E55A2DE,2020-02-26,Terminal Echo,Boiler Area,Near Miss,JSA for General Maintenance near Process Module 4 was printed on crumpled paper.,0,0.0139,Work Authorization,"[{""value"": ""Maintenance"", ""evidence"": ""Maintenance"", ""confidence"": ""HIGH"", ""match_method"": ""regex""}]","[{""value"": ""Facility"", ""evidence"": ""Process Module"", ""confidence"": ""HIGH"", ""match_method"": ""regex""}]",[],[],[],[],"[{""rule"": ""Work Authorization"", ""score"": 0.730347865678284}]"
REP-4084BD86,2020-06-22,Terminal Echo,Deck 3,Near Miss,"During Torquing, a piece of non-tensioned wire from Hydraulic Torque Wrench was left on the floor.",0,0.1879,Line of Fire,"[{""value"": ""Torquing"", ""evidence"": ""Torquing"", ""confidence"": ""MEDIUM"", ""match_method"": ""regex""}]","[{""value"": ""Torque Wrench"", ""evidence"": ""Torque Wrench"", ""confidence"": ""HIGH"", ""match_method"": ""regex""}]",[],[],[],[],"[{""rule"": ""Line of Fire"", ""score"": 0.9495791696153156}]"
REP-6A6FC483,2021-08-23,Facility Bravo,Pump Room,Unsafe Condition,"A contractor began Torch Cutting using Angle Grinder. A safety walk discovered Sparks falling to lower deck, immediately stopping work due to Toxic fumes risk.",1,0.9139,Hot Work,"[{""value"": ""Hot Work"", ""evidence"": ""Torch Cutting"", ""confidence"": ""HIGH"", ""match_method"": ""regex""}, {""value"": ""Chemical Handling"", ""evidence"": ""Toxic"", ""confidence"": ""MEDIUM"", ""match_method"": ""regex""}, {""value"": ""Contractor Work"", ""evidence"": ""contractor"", ""confidence"": ""HIGH"", ""match_method"": ""regex""}]","[{""value"": ""Grinder"", ""evidence"": ""Angle Grinder"", ""confidence"": ""HIGH"", ""match_method"": ""regex""}, {""value"": ""Torch"", ""evidence"": ""Torch"", ""confidence"": ""HIGH"", ""match_method"": ""regex""}]","[{""value"": ""Toxic Gas"", ""evidence"": ""Toxic fumes"", ""confidence"": ""HIGH"", ""match_method"": ""regex""}]",[],"[{""value"": ""Toxic Exposure"", ""evidence"": ""fumes"", ""confidence"": ""HIGH"", ""match_method"": ""regex""}]",[],"[{""rule"": ""Hot Work"", ""score"": 0.9314208243933341}, {""rule"": ""Line of Fire"", ""score"": 0.413714066544645}]"
REP-F3C20639,2020-12-21,Site Alpha,Drilling Floor,Unsafe Act,Tools used for Internal Inspection in Separator V-10 were left outside the entrance untidily.,0,0.105,Confined Space,"[{""value"": ""Maintenance"", ""evidence"": ""Inspection"", ""confidence"": ""HIGH"", ""match_method"": ""regex""}]","[{""value"": ""Separator V-10"", ""evidence"": ""Separator V-10"", ""confidence"": ""HIGH"", ""match_method"": ""regex""}, {""value"": ""In Separator"", ""evidence"": ""in Separator"", ""confidence"": ""HIGH"", ""match_method"": ""regex""}]",[],[],[],[],"[{""rule"": ""Confined Space"", ""score"": 0.9299784479980551}, {""rule"": ""Line of Fire"", ""score"": 0.39731821466828565}]"
REP-BC5D82BB,2021-11-04,Platform Charlie,Control Room,Unsafe Condition,Paint on Mobile Crane used for Crane Lifting is peeling off.,0,0.0345,Safe Mechanical Lifting,"[{""value"": ""Mechanical Lifting"", ""evidence"": ""Lifting"", ""confidence"": ""HIGH"", ""match_method"": ""regex""}, {""value"": ""Painting"", ""evidence"": ""Paint"", ""confidence"": ""HIGH"", ""match_method"": ""regex""}]","[{""value"": ""Crane"", ""evidence"": ""Crane used"", ""confidence"": ""HIGH"", ""match_method"": ""regex""}]",[],[],[],[],"[{""rule"": ""Safe Mechanical Lifting"", ""score"": 0.9656805887433778}]"
REP-028235B2,2022-05-19,Terminal Echo,Pump Room,Incident,Operator logged System Maintenance for Shutdown Valve SDV-1 in the wrong logbook.,0,0.0444,Bypassing Safety Controls,"[{""value"": ""Maintenance"", ""evidence"": ""Maintenance"", ""confidence"": ""HIGH"", ""match_method"": ""regex""}]","[{""value"": ""System Maintenance"", ""evidence"": ""System Maintenance"", ""confidence"": ""HIGH"", ""match_method"": ""regex""}, {""value"": ""Valve"", ""evidence"": ""Valve SDV-1"", ""confidence"": ""HIGH"", ""match_method"": ""regex""}, {""value"": ""Logged System"", ""evidence"": ""logged System"", ""confidence"": ""HIGH"", ""match_method"": ""regex""}]",[],[],[],[],"[{""rule"": ""Bypassing Safety Controls"", ""score"": 0.9761316417492889}]"
REP-E2A0E2B6,2020-08-12,Refinery Delta,Main Workshop,Near Miss,Permit for Non-routine Task at Utility Area had a minor spelling mistake in the supervisor's name.,0,0.135,Work Authorization,"[{""value"": ""Operations"", ""evidence"": ""Non-routine Task"", ""confidence"": ""HIGH"", ""match_method"": ""regex""}]","[{""value"": ""Facility"", ""evidence"": ""Utility Area"", ""confidence"": ""HIGH"", ""match_method"": ""regex""}]",[],[],[],[],"[{""rule"": ""Work Authorization"", ""score"": 0.9867807067527453}]"
REP-18492665,2023-05-18,Terminal Echo,Pipe Rack 2,Incident,"Worker performing Trenching on High Pressure Hose had their hands slightly close to a rough edge, causing a minor scratch.",0,0.1599,Line of Fire,"[{""value"": ""Excavation"", ""evidence"": ""Trenching"", ""confidence"": ""HIGH"", ""match_method"": ""regex""}]","[{""value"": ""Hose"", ""evidence"": ""Pressure Hose"", ""confidence"": ""HIGH"", ""match_method"": ""regex""}]",[],[],[],[],"[{""rule"": ""Line of Fire"", ""score"": 0.9770630037668946}]"
REP-1F004D32,2021-11-03,Platform Charlie,Control Room,Incident,"Crane Lifting was taking place with Mobile Crane. It was found that Overloaded crane, which is a severe violation that could result in Crane tip-over.",1,0.9502,Safe Mechanical Lifting,"[{""value"": ""Mechanical Lifting"", ""evidence"": ""Lifting"", ""confidence"": ""HIGH"", ""match_method"": ""regex""}]","[{""value"": ""Crane"", ""evidence"": ""Crane Lifting"", ""confidence"": ""HIGH"", ""match_method"": ""regex""}]","[{""value"": ""Suspended Load"", ""evidence"": ""Crane tip-over"", ""confidence"": ""HIGH"", ""match_method"": ""regex""}]","[{""value"": ""LIFTING_CONTROL_FAILURE"", ""evidence"": ""Overloaded crane"", ""confidence"": ""HIGH"", ""match_method"": ""regex""}]","[{""value"": ""Crushing Injury"", ""evidence"": ""Crane tip-over"", ""confidence"": ""MEDIUM"", ""match_method"": ""synonym""}, {""value"": ""Struck-By Injury"", ""evidence"": ""Crane tip-over"", ""confidence"": ""MEDIUM"", ""match_method"": ""synonym""}]","[""suspended-load""]","[{""rule"": ""Safe Mechanical Lifting"", ""score"": 0.8344699112887274}, {""rule"": ""Line of Fire"", ""score"": 0.3938476506226267}]"
REP-3E00109C,2022-12-02,Platform Charlie,Pump Room,Incident,"While investigating Pressure Safety Valve PSV-90, it was found that Safety valve isolated during Process Operation. This exposed the facility to Loss of containment.",1,0.8867,Bypassing Safety Controls,"[{""value"": ""Operations"", ""evidence"": ""Process Operation"", ""confidence"": ""HIGH"", ""match_method"": ""regex""}]","[{""value"": ""Valve"", ""evidence"": ""Valve PSV-90"", ""confidence"": ""HIGH"", ""match_method"": ""regex""}]","[{""value"": ""Loss of Containment"", ""evidence"": ""Loss of containment"", ""confidence"": ""HIGH"", ""match_method"": ""regex""}]","[{""value"": ""SAFETY_DEVICE_BYPASS"", ""evidence"": ""Safety valve isolated"", ""confidence"": ""HIGH"", ""match_method"": ""regex""}]","[{""value"": ""Major Process Safety Event"", ""evidence"": ""Loss of containment"", ""confidence"": ""MEDIUM"", ""match_method"": ""synonym""}]","[""bypassed-interlock""]","[{""rule"": ""Bypassing Safety Controls"", ""score"": 0.8100377811265056}, {""rule"": ""Energy Isolation"", ""score"": 0.5049596536476705}]"
REP-E2FBCF5E,2021-09-28,Terminal Echo,Pipe Rack 2,Incident,Fire extinguisher near Angle Grinder for Torch Cutting was due for monthly inspection next week.,0,0.1411,Hot Work,"[{""value"": ""Maintenance"", ""evidence"": ""inspection"", ""confidence"": ""HIGH"", ""match_method"": ""regex""}, {""value"": ""Hot Work"", ""evidence"": ""Torch Cutting"", ""confidence"": ""HIGH"", ""match_method"": ""regex""}]","[{""value"": ""Grinder"", ""evidence"": ""Angle Grinder"", ""confidence"": ""HIGH"", ""match_method"": ""regex""}, {""value"": ""Torch"", ""evidence"": ""Torch"", ""confidence"": ""HIGH"", ""match_method"": ""regex""}]",[],[],[],[],"[{""rule"": ""Hot Work"", ""score"": 0.9736906379484346}]"
REP-1BD198AD,2023-06-19,Station Foxtrot,Storage Tank A,Incident,"Noticed Electrical Panel EP-5 had a minor weep during Maintenance. LOTO was applied correctly, but cleanup was delayed.",0,0.0472,Energy Isolation,"[{""value"": ""Maintenance"", ""evidence"": ""Maintenance"", ""confidence"": ""HIGH"", ""match_method"": ""regex""}]","[{""value"": ""Electrical Panel"", ""evidence"": ""Panel EP-5"", ""confidence"": ""HIGH"", ""match_method"": ""regex""}]","[{""value"": ""Electrical Energy"", ""evidence"": ""Electrical"", ""confidence"": ""HIGH"", ""match_method"": ""regex""}]",[],"[{""value"": ""Electrical Injury"", ""evidence"": ""Electrical"", ""confidence"": ""MEDIUM"", ""match_method"": ""synonym""}]",[],"[{""rule"": ""Energy Isolation"", ""score"": 0.6749999171541501}]"
REP-91F41AD5,2020-04-10,Facility Bravo,Storage Tank A,Unsafe Act,Indicator bulb on DCS System was burnt out during Alarm Testing.,0,0.1822,Bypassing Safety Controls,"[{""value"": ""Operations"", ""evidence"": ""Alarm Testing"", ""confidence"": ""HIGH"", ""match_method"": ""regex""}]","[{""value"": ""System Was"", ""evidence"": ""System was"", ""confidence"": ""HIGH"", ""match_method"": ""regex""}, {""value"": ""Electrical Panel"", ""evidence"": ""DCS System"", ""confidence"": ""HIGH"", ""match_method"": ""regex""}]",[],[],[],[],"[{""rule"": ""Bypassing Safety Controls"", ""score"": 0.9847796083806976}]"
REP-C600224D,2022-04-06,Site Alpha,Loading Bay,Unsafe Condition,"Operator was performing Repair on Electrical Panel EP-5. It was discovered that Energy not verified zero, leaving the system vulnerable to Steam leak. Work was stopped immediately.",1,0.8064,Energy Isolation,"[{""value"": ""Maintenance"", ""evidence"": ""Repair"", ""confidence"": ""HIGH"", ""match_method"": ""regex""}]","[{""value"": ""Electrical Panel"", ""evidence"": ""Panel EP-5"", ""confidence"": ""HIGH"", ""match_method"": ""regex""}, {""value"": ""System Vulnerable"", ""evidence"": ""system vulnerable"", ""confidence"": ""HIGH"", ""match_method"": ""regex""}, {""value"": ""The System"", ""evidence"": ""the system"", ""confidence"": ""HIGH"", ""match_method"": ""regex""}]","[{""value"": ""Loss of Containment"", ""evidence"": ""Steam leak"", ""confidence"": ""HIGH"", ""match_method"": ""regex""}, {""value"": ""Electrical Energy"", ""evidence"": ""Electrical"", ""confidence"": ""HIGH"", ""match_method"": ""regex""}]","[{""value"": ""ENERGY_ISOLATION_FAILURE"", ""evidence"": ""Energy not verified zero"", ""confidence"": ""HIGH"", ""match_method"": ""regex""}]","[{""value"": ""Major Process Safety Event"", ""evidence"": ""Steam leak"", ""confidence"": ""MEDIUM"", ""match_method"": ""synonym""}, {""value"": ""Electrical Injury"", ""evidence"": ""Electrical"", ""confidence"": ""MEDIUM"", ""match_method"": ""synonym""}]","[""missing-loto""]","[{""rule"": ""Energy Isolation"", ""score"": 0.8083606674609694}, {""rule"": ""Bypassing Safety Controls"", ""score"": 0.594951384909742}]"
REP-650DBB37,2022-02-26,Station Foxtrot,Deck 3,Unsafe Condition,"During Pressure Testing, a piece of non-tensioned wire from High Pressure Hose was left on the floor.",0,0.306,Line of Fire,"[{""value"": ""Pressure Testing"", ""evidence"": ""Pressure Testing"", ""confidence"": ""HIGH"", ""match_method"": ""regex""}]","[{""value"": ""Hose"", ""evidence"": ""Pressure Hose"", ""confidence"": ""HIGH"", ""match_method"": ""regex""}]",[],[],[],[],"[{""rule"": ""Line of Fire"", ""score"": 0.9506469874840261}]"
REP-2468CD7A,2021-05-27,Site Alpha,Deck 3,Unsafe Condition,Operator logged System Maintenance for Shutdown Valve SDV-1 in the wrong logbook.,0,0.0444,Bypassing Safety Controls,"[{""value"": ""Maintenance"", ""evidence"": ""Maintenance"", ""confidence"": ""HIGH"", ""match_method"": ""regex""}]","[{""value"": ""System Maintenance"", ""evidence"": ""System Maintenance"", ""confidence"": ""HIGH"", ""match_method"": ""regex""}, {""value"": ""Valve"", ""evidence"": ""Valve SDV-1"", ""confidence"": ""HIGH"", ""match_method"": ""regex""}, {""value"": ""Logged System"", ""evidence"": ""logged System"", ""confidence"": ""HIGH"", ""match_method"": ""regex""}]",[],[],[],[],"[{""rule"": ""Bypassing Safety Controls"", ""score"": 0.9761316417492889}]"
REP-478ECD55,2021-04-14,Station Foxtrot,Control Room,Unsafe Condition,Operator logged System Maintenance for Shutdown Valve SDV-1 in the wrong logbook.,0,0.0444,Bypassing Safety Controls,"[{""value"": ""Maintenance"", ""evidence"": ""Maintenance"", ""confidence"": ""HIGH"", ""match_method"": ""regex""}]","[{""value"": ""System Maintenance"", ""evidence"": ""System Maintenance"", ""confidence"": ""HIGH"", ""match_method"": ""regex""}, {""value"": ""Valve"", ""evidence"": ""Valve SDV-1"", ""confidence"": ""HIGH"", ""match_method"": ""regex""}, {""value"": ""Logged System"", ""evidence"": ""logged System"", ""confidence"": ""HIGH"", ""match_method"": ""regex""}]",[],[],[],[],"[{""rule"": ""Bypassing Safety Controls"", ""score"": 0.9761316417492889}]"
REP-B9D36BE9,2021-11-14,Facility Bravo,Loading Bay,Incident,The Forklift was slightly dirty during Site Patrol.,0,0.0461,Driving,"[{""value"": ""Vehicle Movement"", ""evidence"": ""Site Patrol"", ""confidence"": ""HIGH"", ""match_method"": ""regex""}]","[{""value"": ""Forklift"", ""evidence"": ""Forklift"", ""confidence"": ""HIGH"", ""match_method"": ""regex""}]",[],[],[],[],"[{""rule"": ""Driving"", ""score"": 0.9049802178978547}]"
REP-F8332EBB,2023-12-25,Platform Charlie,Drilling Floor,Incident,The entry log for Storage Tank A during Vessel Welding was smudged with dirt.,0,0.0064,Confined Space,"[{""value"": ""Hot Work"", ""evidence"": ""Welding"", ""confidence"": ""HIGH"", ""match_method"": ""regex""}]","[{""value"": ""Tank"", ""evidence"": ""Tank A"", ""confidence"": ""HIGH"", ""match_method"": ""regex""}, {""value"": ""Vessel"", ""evidence"": ""Vessel Welding"", ""confidence"": ""HIGH"", ""match_method"": ""regex""}]",[],[],[],[],"[{""rule"": ""Confined Space"", ""score"": 0.9705843119273848}]"
REP-835DE7C7,2023-06-13,Site Alpha,Loading Bay,Unsafe Condition,"Worker doing Tank Cleaning in Separator V-10 complained about poor lighting, though gas levels were normal.",0,0.065,Confined Space,"[{""value"": ""Confined Space Entry"", ""evidence"": ""Tank Cleaning"", ""confidence"": ""HIGH"", ""match_method"": ""regex""}, {""value"": ""Cleaning"", ""evidence"": ""Cleaning"", ""confidence"": ""HIGH"", ""match_method"": ""regex""}]","[{""value"": ""Tank"", ""evidence"": ""Tank Cleaning"", ""confidence"": ""HIGH"", ""match_method"": ""regex""}, {""value"": ""Separator V-10"", ""evidence"": ""Separator V-10"", ""confidence"": ""HIGH"", ""match_method"": ""regex""}, {""value"": ""In Separator"", ""evidence"": ""in Separator"", ""confidence"": ""HIGH"", ""match_method"": ""regex""}]",[],[],[],[],"[{""rule"": ""Confined Space"", ""score"": 0.9734961161622705}]"
REP-BBA8B329,2022-10-22,Refinery Delta,Main Workshop,Near Miss,"Worker performing Pressure Testing on Drill Pipe had their hands slightly close to a rough edge, causing a minor scratch.",0,0.1364,Line of Fire,"[{""value"": ""Drilling"", ""evidence"": ""Drill"", ""confidence"": ""HIGH"", ""match_method"": ""regex""}, {""value"": ""Pressure Testing"", ""evidence"": ""Pressure Testing"", ""confidence"": ""HIGH"", ""match_method"": ""regex""}]","[{""value"": ""Drill Pipe"", ""evidence"": ""Drill Pipe"", ""confidence"": ""HIGH"", ""match_method"": ""regex""}]",[],[],[],[],"[{""rule"": ""Line of Fire"", ""score"": 0.967415217824672}]"
REP-6E201701,2021-08-16,Terminal Echo,Pipe Rack 2,Near Miss,"Welding was started on Angle Grinder near a live process area. Sparks falling to lower deck was observed, posing a massive risk of Explosion.",1,0.8273,Hot Work,"[{""value"": ""Hot Work"", ""evidence"": ""Welding"", ""confidence"": ""HIGH"", ""match_method"": ""regex""}]","[{""value"": ""Grinder"", ""evidence"": ""Angle Grinder"", ""confidence"": ""HIGH"", ""match_method"": ""regex""}]","[{""value"": ""Fire/Explosion"", ""evidence"": ""Explosion"", ""confidence"": ""HIGH"", ""match_method"": ""regex""}]",[],"[{""value"": ""Fire Injury"", ""evidence"": ""Explosion"", ""confidence"": ""MEDIUM"", ""match_method"": ""synonym""}, {""value"": ""Explosion Injury"", ""evidence"": ""Explosion"", ""confidence"": ""MEDIUM"", ""match_method"": ""synonym""}, {""value"": ""Major Process Safety Event"", ""evidence"": ""Explosion"", ""confidence"": ""MEDIUM"", ""match_method"": ""synonym""}]",[],"[{""rule"": ""Hot Work"", ""score"": 0.9622771038609936}]"
REP-970C66EC,2022-12-08,Refinery Delta,Drilling Floor,Incident,Welder doing Soldering with Oxy-Acetylene Torch had untucked coveralls.,0,0.0314,Hot Work,"[{""value"": ""Hot Work"", ""evidence"": ""Welder"", ""confidence"": ""HIGH"", ""match_method"": ""regex""}]","[{""value"": ""Torch"", ""evidence"": ""Torch"", ""confidence"": ""HIGH"", ""match_method"": ""regex""}]",[],[],[],[],"[{""rule"": ""Hot Work"", ""score"": 0.9738795702149491}]"
REP-06828C76,2020-02-23,Site Alpha,Loading Bay,Unsafe Act,Driver doing Heavy Haulage in Vacuum Truck parked slightly outside the designated lines.,0,0.1089,Driving,"[{""value"": ""Vehicle Movement"", ""evidence"": ""Heavy Haulage"", ""confidence"": ""HIGH"", ""match_method"": ""regex""}]","[{""value"": ""Vehicle"", ""evidence"": ""Truck parked"", ""confidence"": ""HIGH"", ""match_method"": ""regex""}]",[],[],[],[],"[{""rule"": ""Driving"", ""score"": 0.9767939698414243}]"
REP-C9D80D02,2020-07-05,Platform Charlie,Pump Room,Incident,Tools used for Tank Cleaning in Storage Tank A were left outside the entrance untidily.,0,0.0493,Confined Space,"[{""value"": ""Confined Space Entry"", ""evidence"": ""Tank Cleaning"", ""confidence"": ""HIGH"", ""match_method"": ""regex""}, {""value"": ""Cleaning"", ""evidence"": ""Cleaning"", ""confidence"": ""HIGH"", ""match_method"": ""regex""}]","[{""value"": ""Tank"", ""evidence"": ""Tank Cleaning"", ""confidence"": ""HIGH"", ""match_method"": ""regex""}]",[],[],[],[],"[{""rule"": ""Confined Space"", ""score"": 0.9465000580308065}]"
REP-904F769F,2023-10-15,Terminal Echo,Control Room,Incident,"Screen on Fire & Gas Panel was dirty, making it hard to read during Alarm Testing.",0,0.0896,Bypassing Safety Controls,"[{""value"": ""Operations"", ""evidence"": ""Alarm Testing"", ""confidence"": ""HIGH"", ""match_method"": ""regex""}]","[{""value"": ""Electrical Panel"", ""evidence"": ""Panel was"", ""confidence"": ""HIGH"", ""match_method"": ""regex""}]",[],[],[],[],"[{""rule"": ""Bypassing Safety Controls"", ""score"": 0.9567243742002417}]"
REP-5D6066AA,2020-01-21,Station Foxtrot,Deck 3,Unsafe Condition,"Noticed Electrical Panel EP-5 had a minor weep during Pipefitting. LOTO was applied correctly, but cleanup was delayed.",0,0.0251,Energy Isolation,"[{""value"": ""Pipefitting"", ""evidence"": ""Pipefitting"", ""confidence"": ""HIGH"", ""match_method"": ""regex""}]","[{""value"": ""Electrical Panel"", ""evidence"": ""Panel EP-5"", ""confidence"": ""HIGH"", ""match_method"": ""regex""}]","[{""value"": ""Electrical Energy"", ""evidence"": ""Electrical"", ""confidence"": ""HIGH"", ""match_method"": ""regex""}]",[],"[{""value"": ""Electrical Injury"", ""evidence"": ""Electrical"", ""confidence"": ""MEDIUM"", ""match_method"": ""synonym""}]",[],"[{""rule"": ""Energy Isolation"", ""score"": 0.7965764150732647}]"
REP-C366E449,2022-02-15,Site Alpha,Storage Tank A,Unsafe Act,"While investigating Pressure Safety Valve PSV-90, it was found that Alarm disabled during Process Operation. This exposed the facility to Loss of containment.",1,0.9482,Bypassing Safety Controls,"[{""value"": ""Operations"", ""evidence"": ""Process Operation"", ""confidence"": ""HIGH"", ""match_method"": ""regex""}]","[{""value"": ""Valve"", ""evidence"": ""Valve PSV-90"", ""confidence"": ""HIGH"", ""match_method"": ""regex""}]","[{""value"": ""Loss of Containment"", ""evidence"": ""Loss of containment"", ""confidence"": ""HIGH"", ""match_method"": ""regex""}]","[{""value"": ""SAFETY_DEVICE_BYPASS"", ""evidence"": ""Alarm disabled"", ""confidence"": ""HIGH"", ""match_method"": ""regex""}]","[{""value"": ""Major Process Safety Event"", ""evidence"": ""Loss of containment"", ""confidence"": ""MEDIUM"", ""match_method"": ""synonym""}]","[""bypassed-interlock""]","[{""rule"": ""Bypassing Safety Controls"", ""score"": 0.9326307078771182}]"
REP-0121D6B9,2020-07-21,Facility Bravo,Storage Tank A,Unsafe Act,A heavy skid was being moved during Crane Lifting. Outriggers not extended led to a near miss involving Crane tip-over near Overhead Gantry.,1,0.8653,Safe Mechanical Lifting,"[{""value"": ""Mechanical Lifting"", ""evidence"": ""Lifting"", ""confidence"": ""HIGH"", ""match_method"": ""regex""}]","[{""value"": ""Crane"", ""evidence"": ""Crane Lifting"", ""confidence"": ""HIGH"", ""match_method"": ""regex""}]","[{""value"": ""Suspended Load"", ""evidence"": ""Crane tip-over"", ""confidence"": ""HIGH"", ""match_method"": ""regex""}]","[{""value"": ""LIFTING_CONTROL_FAILURE"", ""evidence"": ""Outriggers not extended"", ""confidence"": ""HIGH"", ""match_method"": ""regex""}]","[{""value"": ""Crushing Injury"", ""evidence"": ""Crane tip-over"", ""confidence"": ""MEDIUM"", ""match_method"": ""synonym""}, {""value"": ""Struck-By Injury"", ""evidence"": ""Crane tip-over"", ""confidence"": ""MEDIUM"", ""match_method"": ""synonym""}]","[""suspended-load""]","[{""rule"": ""Safe Mechanical Lifting"", ""score"": 0.9463493725444153}]"
REP-3C76A455,2022-05-17,Station Foxtrot,Control Room,Near Miss,Welder doing Soldering with Welding Machine W-1 had untucked coveralls.,0,0.0229,Hot Work,"[{""value"": ""Hot Work"", ""evidence"": ""Welder"", ""confidence"": ""HIGH"", ""match_method"": ""regex""}]","[{""value"": ""Welding Machine"", ""evidence"": ""Welding Machine"", ""confidence"": ""HIGH"", ""match_method"": ""regex""}]",[],[],[],[],"[{""rule"": ""Hot Work"", ""score"": 0.9572216750819136}]"
REP-75F7B357,2021-07-23,Facility Bravo,Loading Bay,Near Miss,"The tag for Heat Exchanger HX-2 was faded during Inspection. No Steam leak was present, but tag needs replacement.",0,0.0653,Energy Isolation,"[{""value"": ""Maintenance"", ""evidence"": ""Inspection"", ""confidence"": ""HIGH"", ""match_method"": ""regex""}]","[{""value"": ""Heat Exchanger Hx-2"", ""evidence"": ""Heat Exchanger HX-2"", ""confidence"": ""HIGH"", ""match_method"": ""regex""}, {""value"": ""For Heat Exchanger"", ""evidence"": ""for Heat Exchanger"", ""confidence"": ""HIGH"", ""match_method"": ""regex""}]",[],[],[],[],"[{""rule"": ""Energy Isolation"", ""score"": 0.9668365640390721}]"
REP-47F690D0,2022-05-01,Station Foxtrot,Pump Room,Near Miss,The welding lead for Welding Machine W-1 was slightly tangled during Grinding.,0,0.0952,Hot Work,"[{""value"": ""Hot Work"", ""evidence"": ""welding"", ""confidence"": ""HIGH"", ""match_method"": ""regex""}]","[{""value"": ""Welding Machine"", ""evidence"": ""Welding Machine"", ""confidence"": ""HIGH"", ""match_method"": ""regex""}]",[],[],[],[],"[{""rule"": ""Hot Work"", ""score"": 0.9746534890526662}]"
REP-3B62479B,2022-12-23,Terminal Echo,Pipe Rack 2,Unsafe Act,"Worker performing Grinding on High Pressure Hose had their hands slightly close to a rough edge, causing a minor scratch.",0,0.2248,Line of Fire,"[{""value"": ""Hot Work"", ""evidence"": ""Grinding"", ""confidence"": ""MEDIUM"", ""match_method"": ""regex""}]","[{""value"": ""Hose"", ""evidence"": ""Pressure Hose"", ""confidence"": ""HIGH"", ""match_method"": ""regex""}]",[],[],[],[],"[{""rule"": ""Line of Fire"", ""score"": 0.959767237928009}, {""rule"": ""Hot Work"", ""score"": 0.3767770972119181}]"
REP-297BC3B6,2022-07-06,Site Alpha,Boiler Area,Unsafe Act,"During Roof Repair, worker used the correct harness but the inspection log was not filled in for Crane C-1.",0,0.0709,Work at Height,"[{""value"": ""Maintenance"", ""evidence"": ""Repair"", ""confidence"": ""HIGH"", ""match_method"": ""regex""}, {""value"": ""Mechanical Lifting"", ""evidence"": ""Crane"", ""confidence"": ""MEDIUM"", ""match_method"": ""regex""}, {""value"": ""Working at Height"", ""evidence"": ""Roof"", ""confidence"": ""MEDIUM"", ""match_method"": ""regex""}]","[{""value"": ""Crane"", ""evidence"": ""Crane C-1"", ""confidence"": ""HIGH"", ""match_method"": ""regex""}]",[],[],[],[],"[{""rule"": ""Work at Height"", ""score"": 0.9648959645952662}]"
REP-583B685A,2023-01-05,Site Alpha,Drilling Floor,Incident,Operator logged Alarm Testing for Pressure Safety Valve PSV-90 in the wrong logbook.,0,0.2392,Bypassing Safety Controls,"[{""value"": ""Operations"", ""evidence"": ""Alarm Testing"", ""confidence"": ""HIGH"", ""match_method"": ""regex""}]","[{""value"": ""Valve"", ""evidence"": ""Valve PSV-90"", ""confidence"": ""HIGH"", ""match_method"": ""regex""}]",[],[],[],[],"[{""rule"": ""Bypassing Safety Controls"", ""score"": 0.9672736617741352}]"
REP-50CAC006,2020-05-15,Site Alpha,Control Room,Incident,"Worker performing Grinding on Winch W-2 had their hands slightly close to a rough edge, causing a minor scratch.",0,0.1595,Line of Fire,"[{""value"": ""Hot Work"", ""evidence"": ""Grinding"", ""confidence"": ""MEDIUM"", ""match_method"": ""regex""}]","[{""value"": ""Crane"", ""evidence"": ""Winch W-2"", ""confidence"": ""HIGH"", ""match_method"": ""regex""}]",[],[],[],[],"[{""rule"": ""Line of Fire"", ""score"": 0.9416135325469431}, {""rule"": ""Hot Work"", ""score"": 0.3645843905285974}]"
REP-3302D870,2023-11-20,Facility Bravo,Drilling Floor,Unsafe Condition,JSA for Non-routine Task near Process Module 4 was printed on crumpled paper.,0,0.0358,Work Authorization,"[{""value"": ""Operations"", ""evidence"": ""Non-routine Task"", ""confidence"": ""HIGH"", ""match_method"": ""regex""}]","[{""value"": ""Facility"", ""evidence"": ""Process Module"", ""confidence"": ""HIGH"", ""match_method"": ""regex""}]",[],[],[],[],"[{""rule"": ""Work Authorization"", ""score"": 0.7971085278065722}]"
REP-60838EC5,2021-02-22,Platform Charlie,Loading Bay,Incident,JSA for Non-routine Task near Workshop was printed on crumpled paper.,0,0.03,Work Authorization,"[{""value"": ""Operations"", ""evidence"": ""Non-routine Task"", ""confidence"": ""HIGH"", ""match_method"": ""regex""}]","[{""value"": ""Facility"", ""evidence"": ""Workshop"", ""confidence"": ""HIGH"", ""match_method"": ""regex""}]",[],[],[],[],"[{""rule"": ""Work Authorization"", ""score"": 0.8804007655392799}]"
REP-2578C56F,2023-07-16,Site Alpha,Control Room,Incident,"Screen on Shutdown Valve SDV-1 was dirty, making it hard to read during Process Operation.",0,0.0997,Bypassing Safety Controls,"[{""value"": ""Operations"", ""evidence"": ""Process Operation"", ""confidence"": ""HIGH"", ""match_method"": ""regex""}]","[{""value"": ""Valve"", ""evidence"": ""Valve SDV-1"", ""confidence"": ""HIGH"", ""match_method"": ""regex""}]",[],[],[],[],"[{""rule"": ""Bypassing Safety Controls"", ""score"": 0.9645791316268975}]"
REP-7C2E1A56,2022-01-13,Terminal Echo,Main Workshop,Incident,"Screen on Fire & Gas Panel was dirty, making it hard to read during Process Operation.",0,0.056,Bypassing Safety Controls,"[{""value"": ""Operations"", ""evidence"": ""Process Operation"", ""confidence"": ""HIGH"", ""match_method"": ""regex""}]","[{""value"": ""Electrical Panel"", ""evidence"": ""Panel was"", ""confidence"": ""HIGH"", ""match_method"": ""regex""}]",[],[],[],[],"[{""rule"": ""Bypassing Safety Controls"", ""score"": 0.9499854771110517}]"
REP-3AD1CCD0,2023-05-27,Refinery Delta,Main Workshop,Unsafe Condition,"During a walkaround, found personnel doing General Maintenance on Camp Facility. Expired permit meant they had no controls for Uncontrolled work.",1,0.8165,Work Authorization,"[{""value"": ""Maintenance"", ""evidence"": ""Maintenance"", ""confidence"": ""HIGH"", ""match_method"": ""regex""}]","[{""value"": ""Facility"", ""evidence"": ""Camp Facility"", ""confidence"": ""HIGH"", ""match_method"": ""regex""}]","[{""value"": ""Unidentified Hazards"", ""evidence"": ""Uncontrolled work"", ""confidence"": ""HIGH"", ""match_method"": ""regex""}]","[{""value"": ""WORK_AUTHORIZATION_FAILURE"", ""evidence"": ""Expired permit"", ""confidence"": ""HIGH"", ""match_method"": ""regex""}]",[],"[""expired-permit""]","[{""rule"": ""Work Authorization"", ""score"": 0.9680063203731277}]"
REP-D5EB9521,2020-11-01,Facility Bravo,Main Workshop,Unsafe Act,Operator of Overhead Gantry during Forklift Operation forgot his safety glasses but was in an enclosed cab.,0,0.2541,Safe Mechanical Lifting,"[{""value"": ""Mechanical Lifting"", ""evidence"": ""Forklift Operation"", ""confidence"": ""HIGH"", ""match_method"": ""regex""}]","[{""value"": ""Forklift"", ""evidence"": ""Forklift"", ""confidence"": ""HIGH"", ""match_method"": ""regex""}, {""value"": ""Crane"", ""evidence"": ""Gantry"", ""confidence"": ""HIGH"", ""match_method"": ""regex""}]",[],[],[],[],"[{""rule"": ""Safe Mechanical Lifting"", ""score"": 0.949232614245347}]"
REP-459BCDAA,2023-05-09,Site Alpha,Boiler Area,Unsafe Condition,Worker's chin strap on helmet was loose during Painting on Roof Access Ladder.,0,0.08,Work at Height,"[{""value"": ""Working at Height"", ""evidence"": ""Roof"", ""confidence"": ""MEDIUM"", ""match_method"": ""regex""}, {""value"": ""Painting"", ""evidence"": ""Painting"", ""confidence"": ""HIGH"", ""match_method"": ""regex""}]","[{""value"": ""Ladder"", ""evidence"": ""Ladder"", ""confidence"": ""HIGH"", ""match_method"": ""regex""}]",[],[],[],[],"[{""rule"": ""Work at Height"", ""score"": 0.9661784147919787}]"
REP-C2652B8E,2023-04-03,Platform Charlie,Boiler Area,Unsafe Act,Paint on Overhead Gantry used for Hoisting is peeling off.,0,0.0603,Safe Mechanical Lifting,"[{""value"": ""Mechanical Lifting"", ""evidence"": ""Hoisting"", ""confidence"": ""HIGH"", ""match_method"": ""regex""}, {""value"": ""Painting"", ""evidence"": ""Paint"", ""confidence"": ""HIGH"", ""match_method"": ""regex""}]","[{""value"": ""Crane"", ""evidence"": ""Gantry"", ""confidence"": ""HIGH"", ""match_method"": ""regex""}]",[],[],[],[],"[{""rule"": ""Safe Mechanical Lifting"", ""score"": 0.9594447738860516}, {""rule"": ""Hot Work"", ""score"": 0.5267428652584085}]"
REP-D6E3CE2B,2022-08-11,Refinery Delta,Loading Bay,Unsafe Condition,Radio in Forklift was left on high volume after Transporting Personnel.,0,0.1126,Driving,"[{""value"": ""Vehicle Movement"", ""evidence"": ""Transporting Personnel"", ""confidence"": ""HIGH"", ""match_method"": ""regex""}]","[{""value"": ""Forklift"", ""evidence"": ""Forklift"", ""confidence"": ""HIGH"", ""match_method"": ""regex""}]",[],[],[],[],"[{""rule"": ""Driving"", ""score"": 0.9342142294088941}]"
REP-198982C4,2022-06-22,Site Alpha,Deck 3,Incident,"While conducting Torquing with High Pressure Hose, an IP stepped into the danger zone. Exclusion zone breached resulted in the worker being in the Line of Fire for Struck by moving object.",1,0.9782,Line of Fire,"[{""value"": ""Torquing"", ""evidence"": ""Torquing"", ""confidence"": ""MEDIUM"", ""match_method"": ""regex""}]","[{""value"": ""Hose"", ""evidence"": ""Pressure Hose"", ""confidence"": ""HIGH"", ""match_method"": ""regex""}]","[{""value"": ""Line-of-Fire Exposure"", ""evidence"": ""Line of Fire"", ""confidence"": ""HIGH"", ""match_method"": ""regex""}]","[{""value"": ""LINE_OF_FIRE_CONTROL_FAILURE"", ""evidence"": ""Exclusion zone breached"", ""confidence"": ""HIGH"", ""match_method"": ""regex""}]","[{""value"": ""Struck-By Injury"", ""evidence"": ""Struck by"", ""confidence"": ""HIGH"", ""match_method"": ""regex""}]","[""line-of-fire""]","[{""rule"": ""Line of Fire"", ""score"": 0.8690010824564519}, {""rule"": ""Hot Work"", ""score"": 0.37798985221593934}]"
REP-6D7EBB4D,2020-04-01,Facility Bravo,Boiler Area,Unsafe Condition,Operator engaged in Process Operation admitted to bypassing safety logic on DCS System. Interlock bridged is a severe breach leading to Loss of containment.,1,0.9363,Bypassing Safety Controls,"[{""value"": ""Operations"", ""evidence"": ""Process Operation"", ""confidence"": ""HIGH"", ""match_method"": ""regex""}]","[{""value"": ""Electrical Panel"", ""evidence"": ""DCS System"", ""confidence"": ""HIGH"", ""match_method"": ""regex""}]","[{""value"": ""Loss of Containment"", ""evidence"": ""Loss of containment"", ""confidence"": ""HIGH"", ""match_method"": ""regex""}]","[{""value"": ""SAFETY_DEVICE_BYPASS"", ""evidence"": ""Interlock bridged"", ""confidence"": ""HIGH"", ""match_method"": ""regex""}]","[{""value"": ""Major Process Safety Event"", ""evidence"": ""Loss of containment"", ""confidence"": ""MEDIUM"", ""match_method"": ""synonym""}]","[""bypassed-interlock""]","[{""rule"": ""Bypassing Safety Controls"", ""score"": 0.8930401636864519}]"
REP-BEFA2E03,2023-04-11,Station Foxtrot,Main Workshop,Unsafe Condition,Driver doing Material Delivery in Light Vehicle parked slightly outside the designated lines.,0,0.0631,Driving,"[{""value"": ""Vehicle Movement"", ""evidence"": ""Material Delivery"", ""confidence"": ""HIGH"", ""match_method"": ""regex""}]","[{""value"": ""Vehicle"", ""evidence"": ""Light Vehicle"", ""confidence"": ""HIGH"", ""match_method"": ""regex""}]",[],[],[],[],"[{""rule"": ""Driving"", ""score"": 0.9798988766039504}]"
REP-DAC25E52,2021-11-19,Refinery Delta,Control Room,Incident,"Scaffolding tubes for Scaffold Tower B were stored untidily, causing a minor trip hazard during Painting.",0,0.1194,Work at Height,"[{""value"": ""Working at Height"", ""evidence"": ""Scaffolding"", ""confidence"": ""HIGH"", ""match_method"": ""regex""}, {""value"": ""Painting"", ""evidence"": ""Painting"", ""confidence"": ""HIGH"", ""match_method"": ""regex""}]","[{""value"": ""Scaffold"", ""evidence"": ""Scaffold"", ""confidence"": ""HIGH"", ""match_method"": ""regex""}]",[],[],[],[],"[{""rule"": ""Work at Height"", ""score"": 0.9640882572437395}, {""rule"": ""Safe Mechanical Lifting"", ""score"": 0.45103038372615734}]"
REP-B5ACD463,2021-04-23,Platform Charlie,Pump Room,Near Miss,"A contractor began Grinding using Angle Grinder. A safety walk discovered Fire watcher absent, immediately stopping work due to Fire risk.",1,0.8787,Hot Work,"[{""value"": ""Hot Work"", ""evidence"": ""Grinding"", ""confidence"": ""MEDIUM"", ""match_method"": ""regex""}, {""value"": ""Contractor Work"", ""evidence"": ""contractor"", ""confidence"": ""HIGH"", ""match_method"": ""regex""}]","[{""value"": ""Grinder"", ""evidence"": ""Angle Grinder"", ""confidence"": ""HIGH"", ""match_method"": ""regex""}]","[{""value"": ""Fire/Explosion"", ""evidence"": ""Fire"", ""confidence"": ""MEDIUM"", ""match_method"": ""regex""}]","[{""value"": ""COMMUNICATION_FAILURE"", ""evidence"": ""Fire watcher absent"", ""confidence"": ""HIGH"", ""match_method"": ""regex""}]","[{""value"": ""Fire Injury"", ""evidence"": ""Fire"", ""confidence"": ""MEDIUM"", ""match_method"": ""synonym""}, {""value"": ""Explosion Injury"", ""evidence"": ""Fire"", ""confidence"": ""MEDIUM"", ""match_method"": ""synonym""}, {""value"": ""Major Process Safety Event"", ""evidence"": ""Fire"", ""confidence"": ""MEDIUM"", ""match_method"": ""synonym""}]","[""communication-failure""]","[{""rule"": ""Hot Work"", ""score"": 0.8023355808338741}, {""rule"": ""Line of Fire"", ""score"": 0.38522075486121415}]"
REP-BC463935,2022-06-15,Site Alpha,Storage Tank A,Near Miss,A heavy skid was being moved during Crane Lifting. Damaged slings used led to a near miss involving Swinging load near Mobile Crane.,1,0.9222,Safe Mechanical Lifting,"[{""value"": ""Mechanical Lifting"", ""evidence"": ""Lifting"", ""confidence"": ""HIGH"", ""match_method"": ""regex""}, {""value"": ""Loading/Unloading"", ""evidence"": ""load"", ""confidence"": ""HIGH"", ""match_method"": ""regex""}]","[{""value"": ""Crane"", ""evidence"": ""Crane Lifting"", ""confidence"": ""HIGH"", ""match_method"": ""regex""}]","[{""value"": ""Suspended Load"", ""evidence"": ""Swinging load"", ""confidence"": ""HIGH"", ""match_method"": ""regex""}]","[{""value"": ""LIFTING_CONTROL_FAILURE"", ""evidence"": ""Damaged slings used"", ""confidence"": ""HIGH"", ""match_method"": ""regex""}]","[{""value"": ""Crushing Injury"", ""evidence"": ""Swinging load"", ""confidence"": ""MEDIUM"", ""match_method"": ""synonym""}, {""value"": ""Struck-By Injury"", ""evidence"": ""Swinging load"", ""confidence"": ""MEDIUM"", ""match_method"": ""synonym""}]","[""suspended-load""]","[{""rule"": ""Safe Mechanical Lifting"", ""score"": 0.9608745670522778}]"
REP-A7784233,2021-02-23,Platform Charlie,Main Workshop,Unsafe Condition,JSA for General Maintenance near Workshop was printed on crumpled paper.,0,0.0157,Work Authorization,"[{""value"": ""Maintenance"", ""evidence"": ""Maintenance"", ""confidence"": ""HIGH"", ""match_method"": ""regex""}]","[{""value"": ""Facility"", ""evidence"": ""Workshop"", ""confidence"": ""HIGH"", ""match_method"": ""regex""}]",[],[],[],[],"[{""rule"": ""Work Authorization"", ""score"": 0.7739271703133211}]"
REP-864E3049,2022-12-30,Site Alpha,Drilling Floor,Unsafe Condition,Worker entered Storage Tank A for Internal Inspection. Suddenly the alarm sounded. Gas test not performed meant the worker was exposed to Oxygen deficiency.,1,0.8533,Confined Space,"[{""value"": ""Maintenance"", ""evidence"": ""Inspection"", ""confidence"": ""HIGH"", ""match_method"": ""regex""}, {""value"": ""Confined Space Entry"", ""evidence"": ""entered Storage Tank"", ""confidence"": ""HIGH"", ""match_method"": ""regex""}]","[{""value"": ""Tank"", ""evidence"": ""Tank A"", ""confidence"": ""HIGH"", ""match_method"": ""regex""}]","[{""value"": ""Confined Atmosphere"", ""evidence"": ""Oxygen deficiency"", ""confidence"": ""HIGH"", ""match_method"": ""regex""}]","[{""value"": ""GAS_TEST_FAILURE"", ""evidence"": ""Gas test not performed"", ""confidence"": ""HIGH"", ""match_method"": ""regex""}]",[],"[""gas-test-failure""]","[{""rule"": ""Confined Space"", ""score"": 0.9123445525331807}]"
REP-55469E56,2023-11-24,Terminal Echo,Storage Tank A,Near Miss,The Light Vehicle was slightly dirty during Material Delivery.,0,0.0129,Driving,"[{""value"": ""Vehicle Movement"", ""evidence"": ""Material Delivery"", ""confidence"": ""HIGH"", ""match_method"": ""regex""}]","[{""value"": ""Vehicle"", ""evidence"": ""Light Vehicle"", ""confidence"": ""HIGH"", ""match_method"": ""regex""}]",[],[],[],[],"[{""rule"": ""Driving"", ""score"": 0.943547706119462}, {""rule"": ""Confined Space"", ""score"": 0.4379177498640388}]"
REP-B9F67419,2020-07-06,Station Foxtrot,Pipe Rack 2,Unsafe Condition,"The tag for Pump P-204 was faded during Maintenance. No H2S exposure was present, but tag needs replacement.",0,0.0824,Energy Isolation,"[{""value"": ""Maintenance"", ""evidence"": ""Maintenance"", ""confidence"": ""HIGH"", ""match_method"": ""regex""}]","[{""value"": ""Pump"", ""evidence"": ""Pump P-204"", ""confidence"": ""HIGH"", ""match_method"": ""regex""}]",[],[],[],[],"[{""rule"": ""Energy Isolation"", ""score"": 0.9528184210949001}]"
REP-C9BF72E1,2022-05-18,Terminal Echo,Storage Tank A,Unsafe Act,Worker's chin strap on helmet was loose during Rigging on Roof Access Ladder.,0,0.1171,Work at Height,"[{""value"": ""Mechanical Lifting"", ""evidence"": ""Rigging"", ""confidence"": ""MEDIUM"", ""match_method"": ""regex""}, {""value"": ""Working at Height"", ""evidence"": ""Roof"", ""confidence"": ""MEDIUM"", ""match_method"": ""regex""}]","[{""value"": ""Ladder"", ""evidence"": ""Ladder"", ""confidence"": ""HIGH"", ""match_method"": ""regex""}, {""value"": ""Rigging"", ""evidence"": ""Rigging"", ""confidence"": ""HIGH"", ""match_method"": ""regex""}]",[],[],[],[],"[{""rule"": ""Work at Height"", ""score"": 0.9679231343591529}]"
REP-7C4A1487,2020-05-29,Refinery Delta,Storage Tank A,Unsafe Condition,The welding lead for Angle Grinder was slightly tangled during Welding.,0,0.1661,Hot Work,"[{""value"": ""Hot Work"", ""evidence"": ""welding"", ""confidence"": ""HIGH"", ""match_method"": ""regex""}]","[{""value"": ""Grinder"", ""evidence"": ""Angle Grinder"", ""confidence"": ""HIGH"", ""match_method"": ""regex""}]",[],[],[],[],"[{""rule"": ""Hot Work"", ""score"": 0.9713943858995598}]"
REP-3309004C,2021-09-30,Refinery Delta,Main Workshop,Unsafe Act,Radio in Light Vehicle was left on high volume after Heavy Haulage.,0,0.0725,Driving,"[{""value"": ""Vehicle Movement"", ""evidence"": ""Heavy Haulage"", ""confidence"": ""HIGH"", ""match_method"": ""regex""}]","[{""value"": ""Vehicle"", ""evidence"": ""Light Vehicle"", ""confidence"": ""HIGH"", ""match_method"": ""regex""}]",[],[],[],[],"[{""rule"": ""Driving"", ""score"": 0.976121307905242}, {""rule"": ""Confined Space"", ""score"": 0.3673639389061888}]"
REP-9ECA4168,2021-05-24,Refinery Delta,Drilling Floor,Incident,The entry log for Storage Tank A during Internal Inspection was smudged with dirt.,0,0.0115,Confined Space,"[{""value"": ""Maintenance"", ""evidence"": ""Inspection"", ""confidence"": ""HIGH"", ""match_method"": ""regex""}]","[{""value"": ""Tank"", ""evidence"": ""Tank A"", ""confidence"": ""HIGH"", ""match_method"": ""regex""}]",[],[],[],[],"[{""rule"": ""Confined Space"", ""score"": 0.9727818210842452}]"
REP-E1FE6369,2023-04-12,Site Alpha,Deck 3,Near Miss,The Light Vehicle was slightly dirty during Material Delivery.,0,0.0129,Driving,"[{""value"": ""Vehicle Movement"", ""evidence"": ""Material Delivery"", ""confidence"": ""HIGH"", ""match_method"": ""regex""}]","[{""value"": ""Vehicle"", ""evidence"": ""Light Vehicle"", ""confidence"": ""HIGH"", ""match_method"": ""regex""}]",[],[],[],[],"[{""rule"": ""Driving"", ""score"": 0.943547706119462}, {""rule"": ""Confined Space"", ""score"": 0.4379177498640388}]"
REP-CBDDE4CB,2022-07-23,Station Foxtrot,Boiler Area,Unsafe Act,Fire extinguisher near Angle Grinder for Welding was due for monthly inspection next week.,0,0.1008,Hot Work,"[{""value"": ""Maintenance"", ""evidence"": ""inspection"", ""confidence"": ""HIGH"", ""match_method"": ""regex""}, {""value"": ""Hot Work"", ""evidence"": ""Welding"", ""confidence"": ""HIGH"", ""match_method"": ""regex""}]","[{""value"": ""Grinder"", ""evidence"": ""Angle Grinder"", ""confidence"": ""HIGH"", ""match_method"": ""regex""}]",[],[],[],[],"[{""rule"": ""Hot Work"", ""score"": 0.9804686501843145}]"
REP-C68F8AD6,2023-09-25,Terminal Echo,Deck 3,Incident,"Worker performing Trenching on Drill Pipe had their hands slightly close to a rough edge, causing a minor scratch.",0,0.0828,Line of Fire,"[{""value"": ""Drilling"", ""evidence"": ""Drill"", ""confidence"": ""HIGH"", ""match_method"": ""regex""}, {""value"": ""Excavation"", ""evidence"": ""Trenching"", ""confidence"": ""HIGH"", ""match_method"": ""regex""}]","[{""value"": ""Drill Pipe"", ""evidence"": ""Drill Pipe"", ""confidence"": ""HIGH"", ""match_method"": ""regex""}]",[],[],[],[],"[{""rule"": ""Line of Fire"", ""score"": 0.9559490422982673}]"
REP-C81725EC,2022-10-30,Platform Charlie,Boiler Area,Incident,"Screen on Pressure Safety Valve PSV-90 was dirty, making it hard to read during Alarm Testing.",0,0.1886,Bypassing Safety Controls,"[{""value"": ""Operations"", ""evidence"": ""Alarm Testing"", ""confidence"": ""HIGH"", ""match_method"": ""regex""}]","[{""value"": ""Valve"", ""evidence"": ""Valve PSV-90"", ""confidence"": ""HIGH"", ""match_method"": ""regex""}]",[],[],[],[],"[{""rule"": ""Bypassing Safety Controls"", ""score"": 0.9619488382186393}]"
REP-FBDB49C6,2023-12-30,Facility Bravo,Control Room,Unsafe Act,Permit for General Maintenance at Process Module 4 had a minor spelling mistake in the supervisor's name.,0,0.0829,Work Authorization,"[{""value"": ""Maintenance"", ""evidence"": ""Maintenance"", ""confidence"": ""HIGH"", ""match_method"": ""regex""}]","[{""value"": ""Facility"", ""evidence"": ""Process Module"", ""confidence"": ""HIGH"", ""match_method"": ""regex""}]",[],[],[],[],"[{""rule"": ""Work Authorization"", ""score"": 0.9736767165821753}]"
REP-EEAC9B41,2020-01-20,Platform Charlie,Pipe Rack 2,Incident,"The tag for Heat Exchanger HX-2 was faded during Pipefitting. No H2S exposure was present, but tag needs replacement.",0,0.0381,Energy Isolation,"[{""value"": ""Pipefitting"", ""evidence"": ""Pipefitting"", ""confidence"": ""HIGH"", ""match_method"": ""regex""}]","[{""value"": ""Heat Exchanger Hx-2"", ""evidence"": ""Heat Exchanger HX-2"", ""confidence"": ""HIGH"", ""match_method"": ""regex""}, {""value"": ""For Heat Exchanger"", ""evidence"": ""for Heat Exchanger"", ""confidence"": ""HIGH"", ""match_method"": ""regex""}]",[],[],[],[],"[{""rule"": ""Energy Isolation"", ""score"": 0.9419829667375827}]"
REP-CDC5EEA2,2022-09-27,Station Foxtrot,Storage Tank A,Unsafe Act,"Worker doing Internal Inspection in Storage Tank A complained about poor lighting, though gas levels were normal.",0,0.13,Confined Space,"[{""value"": ""Maintenance"", ""evidence"": ""Inspection"", ""confidence"": ""HIGH"", ""match_method"": ""regex""}]","[{""value"": ""Tank"", ""evidence"": ""Tank A"", ""confidence"": ""HIGH"", ""match_method"": ""regex""}]",[],[],[],[],"[{""rule"": ""Confined Space"", ""score"": 0.9628264007386008}, {""rule"": ""Safe Mechanical Lifting"", ""score"": 0.43142556174181235}]"
REP-1C039F50,2021-02-12,Station Foxtrot,Drilling Floor,Unsafe Act,Worker's chin strap on helmet was loose during Painting on Cherry Picker.,0,0.0922,Work at Height,"[{""value"": ""Painting"", ""evidence"": ""Painting"", ""confidence"": ""HIGH"", ""match_method"": ""regex""}]","[{""value"": ""Cherry Picker"", ""evidence"": ""Cherry Picker"", ""confidence"": ""HIGH"", ""match_method"": ""regex""}]",[],[],[],[],"[{""rule"": ""Work at Height"", ""score"": 0.9530141841220521}]"
REP-A8D669B0,2022-03-21,Platform Charlie,Storage Tank A,Near Miss,Worker's chin strap on helmet was loose during Structural Inspection on Pipe Rack Level 3.,0,0.1042,Work at Height,"[{""value"": ""Maintenance"", ""evidence"": ""Inspection"", ""confidence"": ""HIGH"", ""match_method"": ""regex""}]","[{""value"": ""Structure"", ""evidence"": ""Pipe Rack"", ""confidence"": ""HIGH"", ""match_method"": ""regex""}]",[],[],[],[],"[{""rule"": ""Work at Height"", ""score"": 0.9724289092706015}]"
REP-E24C9C71,2022-04-25,Terminal Echo,Drilling Floor,Near Miss,"During Torquing, a piece of non-tensioned wire from Excavator was left on the floor.",0,0.1559,Line of Fire,"[{""value"": ""Torquing"", ""evidence"": ""Torquing"", ""confidence"": ""MEDIUM"", ""match_method"": ""regex""}]","[{""value"": ""Excavator"", ""evidence"": ""Excavator"", ""confidence"": ""HIGH"", ""match_method"": ""regex""}]",[],[],[],[],"[{""rule"": ""Line of Fire"", ""score"": 0.9626886243276649}]"
REP-AC9460FC,2021-04-17,Facility Bravo,Storage Tank A,Unsafe Condition,The Crew Bus was slightly dirty during Heavy Haulage.,0,0.0508,Driving,"[{""value"": ""Vehicle Movement"", ""evidence"": ""Heavy Haulage"", ""confidence"": ""HIGH"", ""match_method"": ""regex""}]","[{""value"": ""Vehicle"", ""evidence"": ""Crew Bus"", ""confidence"": ""HIGH"", ""match_method"": ""regex""}]",[],[],[],[],"[{""rule"": ""Driving"", ""score"": 0.9737538524149897}]"
REP-947939F4,2022-04-29,Site Alpha,Pump Room,Unsafe Act,The entry log for Underground Sump during Vessel Welding was smudged with dirt.,0,0.0204,Confined Space,"[{""value"": ""Hot Work"", ""evidence"": ""Welding"", ""confidence"": ""HIGH"", ""match_method"": ""regex""}]","[{""value"": ""Vessel"", ""evidence"": ""Vessel Welding"", ""confidence"": ""HIGH"", ""match_method"": ""regex""}]",[],[],[],[],"[{""rule"": ""Confined Space"", ""score"": 0.9789310024375147}]"
REP-709EAB32,2021-01-04,Terminal Echo,Pipe Rack 2,Unsafe Condition,The welding lead for Welding Machine W-1 was slightly tangled during Torch Cutting.,0,0.16,Hot Work,"[{""value"": ""Hot Work"", ""evidence"": ""welding"", ""confidence"": ""HIGH"", ""match_method"": ""regex""}]","[{""value"": ""Welding Machine"", ""evidence"": ""Welding Machine"", ""confidence"": ""HIGH"", ""match_method"": ""regex""}, {""value"": ""Torch"", ""evidence"": ""Torch"", ""confidence"": ""HIGH"", ""match_method"": ""regex""}]",[],[],[],[],"[{""rule"": ""Hot Work"", ""score"": 0.9806216114900689}]"
REP-33B95A13,2020-09-18,Terminal Echo,Main Workshop,Unsafe Condition,"During Painting, worker used the correct harness but the inspection log was not filled in for Roof Access Ladder.",0,0.0839,Work at Height,"[{""value"": ""Maintenance"", ""evidence"": ""inspection"", ""confidence"": ""HIGH"", ""match_method"": ""regex""}, {""value"": ""Working at Height"", ""evidence"": ""Roof"", ""confidence"": ""MEDIUM"", ""match_method"": ""regex""}, {""value"": ""Painting"", ""evidence"": ""Painting"", ""confidence"": ""HIGH"", ""match_method"": ""regex""}]","[{""value"": ""Ladder"", ""evidence"": ""Ladder"", ""confidence"": ""HIGH"", ""match_method"": ""regex""}]",[],[],[],[],"[{""rule"": ""Work at Height"", ""score"": 0.9669974056102263}, {""rule"": ""Safe Mechanical Lifting"", ""score"": 0.4037768901151955}]"
REP-3FBDF8F8,2022-05-31,Facility Bravo,Boiler Area,Incident,Operator engaged in Alarm Testing admitted to bypassing safety logic on DCS System. Alarm disabled is a severe breach leading to Process safety event.,1,0.9619,Bypassing Safety Controls,"[{""value"": ""Operations"", ""evidence"": ""Alarm Testing"", ""confidence"": ""HIGH"", ""match_method"": ""regex""}]","[{""value"": ""Electrical Panel"", ""evidence"": ""DCS System"", ""confidence"": ""HIGH"", ""match_method"": ""regex""}]",[],"[{""value"": ""SAFETY_DEVICE_BYPASS"", ""evidence"": ""Alarm disabled"", ""confidence"": ""HIGH"", ""match_method"": ""regex""}]","[{""value"": ""Major Process Safety Event"", ""evidence"": ""Process safety event"", ""confidence"": ""HIGH"", ""match_method"": ""regex""}]","[""bypassed-interlock""]","[{""rule"": ""Bypassing Safety Controls"", ""score"": 0.9740876031628825}]"
REP-0627A4E7,2023-11-29,Platform Charlie,Control Room,Unsafe Act,"While investigating Pressure Safety Valve PSV-90, it was found that Interlock bridged during System Maintenance. This exposed the facility to Process safety event.",1,0.9391,Bypassing Safety Controls,"[{""value"": ""Maintenance"", ""evidence"": ""Maintenance"", ""confidence"": ""HIGH"", ""match_method"": ""regex""}]","[{""value"": ""Valve"", ""evidence"": ""Valve PSV-90"", ""confidence"": ""HIGH"", ""match_method"": ""regex""}, {""value"": ""System Maintenance"", ""evidence"": ""System Maintenance"", ""confidence"": ""HIGH"", ""match_method"": ""regex""}, {""value"": ""During System"", ""evidence"": ""during System"", ""confidence"": ""HIGH"", ""match_method"": ""regex""}]",[],"[{""value"": ""SAFETY_DEVICE_BYPASS"", ""evidence"": ""Interlock bridged"", ""confidence"": ""HIGH"", ""match_method"": ""regex""}]","[{""value"": ""Major Process Safety Event"", ""evidence"": ""Process safety event"", ""confidence"": ""HIGH"", ""match_method"": ""regex""}]","[""bypassed-interlock""]","[{""rule"": ""Bypassing Safety Controls"", ""score"": 0.8513603326497554}, {""rule"": ""Energy Isolation"", ""score"": 0.4392666304653746}]"
REP-272BC80B,2021-03-11,Facility Bravo,Main Workshop,Near Miss,Operator logged Alarm Testing for DCS System in the wrong logbook.,0,0.1805,Bypassing Safety Controls,"[{""value"": ""Operations"", ""evidence"": ""Alarm Testing"", ""confidence"": ""HIGH"", ""match_method"": ""regex""}]","[{""value"": ""System In"", ""evidence"": ""System in"", ""confidence"": ""HIGH"", ""match_method"": ""regex""}, {""value"": ""Electrical Panel"", ""evidence"": ""DCS System"", ""confidence"": ""HIGH"", ""match_method"": ""regex""}]",[],[],[],[],"[{""rule"": ""Bypassing Safety Controls"", ""score"": 0.9759822493761435}]"
REP-4DCCDEA8,2021-07-31,Terminal Echo,Loading Bay,Near Miss,Radio in Light Vehicle was left on high volume after Transporting Personnel.,0,0.093,Driving,"[{""value"": ""Vehicle Movement"", ""evidence"": ""Transporting Personnel"", ""confidence"": ""HIGH"", ""match_method"": ""regex""}]","[{""value"": ""Vehicle"", ""evidence"": ""Light Vehicle"", ""confidence"": ""HIGH"", ""match_method"": ""regex""}]",[],[],[],[],"[{""rule"": ""Driving"", ""score"": 0.972929314266076}, {""rule"": ""Confined Space"", ""score"": 0.39243302742934594}]"
REP-B082A8AA,2022-01-01,Platform Charlie,Loading Bay,Unsafe Condition,"Worker performing Trenching on Excavator had their hands slightly close to a rough edge, causing a minor scratch.",0,0.0852,Line of Fire,"[{""value"": ""Excavation"", ""evidence"": ""Trenching"", ""confidence"": ""HIGH"", ""match_method"": ""regex""}]","[{""value"": ""Excavator"", ""evidence"": ""Excavator"", ""confidence"": ""HIGH"", ""match_method"": ""regex""}]",[],[],[],[],"[{""rule"": ""Line of Fire"", ""score"": 0.9730961444720944}]"
REP-9E9C9F40,2021-09-26,Terminal Echo,Main Workshop,Near Miss,The horn on Mobile Crane sounded a bit quiet during Hoisting.,0,0.0627,Safe Mechanical Lifting,"[{""value"": ""Mechanical Lifting"", ""evidence"": ""Hoisting"", ""confidence"": ""HIGH"", ""match_method"": ""regex""}]","[{""value"": ""Crane"", ""evidence"": ""Crane sounded"", ""confidence"": ""HIGH"", ""match_method"": ""regex""}]",[],[],[],[],"[{""rule"": ""Safe Mechanical Lifting"", ""score"": 0.9794328885610151}]"
REP-ECFA6E41,2020-10-25,Facility Bravo,Drilling Floor,Near Miss,Tools used for Internal Inspection in Separator V-10 were left outside the entrance untidily.,0,0.105,Confined Space,"[{""value"": ""Maintenance"", ""evidence"": ""Inspection"", ""confidence"": ""HIGH"", ""match_method"": ""regex""}]","[{""value"": ""Separator V-10"", ""evidence"": ""Separator V-10"", ""confidence"": ""HIGH"", ""match_method"": ""regex""}, {""value"": ""In Separator"", ""evidence"": ""in Separator"", ""confidence"": ""HIGH"", ""match_method"": ""regex""}]",[],[],[],[],"[{""rule"": ""Confined Space"", ""score"": 0.9299784479980551}, {""rule"": ""Line of Fire"", ""score"": 0.39731821466828565}]"
REP-361E9584,2023-09-25,Station Foxtrot,Loading Bay,Incident,"Crane Lifting was taking place with Mobile Crane. It was found that Damaged slings used, which is a severe violation that could result in Crane tip-over.",1,0.9513,Safe Mechanical Lifting,"[{""value"": ""Mechanical Lifting"", ""evidence"": ""Lifting"", ""confidence"": ""HIGH"", ""match_method"": ""regex""}]","[{""value"": ""Crane"", ""evidence"": ""Crane Lifting"", ""confidence"": ""HIGH"", ""match_method"": ""regex""}]","[{""value"": ""Suspended Load"", ""evidence"": ""Crane tip-over"", ""confidence"": ""HIGH"", ""match_method"": ""regex""}]","[{""value"": ""LIFTING_CONTROL_FAILURE"", ""evidence"": ""Damaged slings used"", ""confidence"": ""HIGH"", ""match_method"": ""regex""}]","[{""value"": ""Crushing Injury"", ""evidence"": ""Crane tip-over"", ""confidence"": ""MEDIUM"", ""match_method"": ""synonym""}, {""value"": ""Struck-By Injury"", ""evidence"": ""Crane tip-over"", ""confidence"": ""MEDIUM"", ""match_method"": ""synonym""}]","[""suspended-load""]","[{""rule"": ""Safe Mechanical Lifting"", ""score"": 0.9001393065869545}, {""rule"": ""Line of Fire"", ""score"": 0.5253196854846046}, {""rule"": ""Work at Height"", ""score"": 0.4003337701424578}]"
REP-CBE4EEF1,2021-05-19,Platform Charlie,Pipe Rack 2,Near Miss,The welding lead for Pipe Spool P-10 was slightly tangled during Grinding.,0,0.0664,Hot Work,"[{""value"": ""Hot Work"", ""evidence"": ""welding"", ""confidence"": ""HIGH"", ""match_method"": ""regex""}]","[{""value"": ""Pipeline"", ""evidence"": ""Spool P-10"", ""confidence"": ""HIGH"", ""match_method"": ""regex""}]",[],[],[],[],"[{""rule"": ""Hot Work"", ""score"": 0.9716981149653685}]"
REP-7E3B7419,2023-06-25,Platform Charlie,Control Room,Near Miss,Barricade tape for Grinding near High Pressure Hose was blown down by the wind. No operations were ongoing.,0,0.2376,Line of Fire,"[{""value"": ""Hot Work"", ""evidence"": ""Grinding"", ""confidence"": ""MEDIUM"", ""match_method"": ""regex""}]","[{""value"": ""Hose"", ""evidence"": ""Pressure Hose"", ""confidence"": ""HIGH"", ""match_method"": ""regex""}]",[],[],[],[],"[{""rule"": ""Line of Fire"", ""score"": 0.9603717754929678}, {""rule"": ""Hot Work"", ""score"": 0.4369703629223869}]"
REP-29C5D4B1,2021-12-18,Facility Bravo,Control Room,Incident,"Noticed Electrical Panel EP-5 had a minor weep during Maintenance. LOTO was applied correctly, but cleanup was delayed.",0,0.0472,Energy Isolation,"[{""value"": ""Maintenance"", ""evidence"": ""Maintenance"", ""confidence"": ""HIGH"", ""match_method"": ""regex""}]","[{""value"": ""Electrical Panel"", ""evidence"": ""Panel EP-5"", ""confidence"": ""HIGH"", ""match_method"": ""regex""}]","[{""value"": ""Electrical Energy"", ""evidence"": ""Electrical"", ""confidence"": ""HIGH"", ""match_method"": ""regex""}]",[],"[{""value"": ""Electrical Injury"", ""evidence"": ""Electrical"", ""confidence"": ""MEDIUM"", ""match_method"": ""synonym""}]",[],"[{""rule"": ""Energy Isolation"", ""score"": 0.6749999171541501}]"
REP-C3030CE5,2021-02-20,Facility Bravo,Main Workshop,Near Miss,"Worker performing Trenching on Winch W-2 had their hands slightly close to a rough edge, causing a minor scratch.",0,0.1208,Line of Fire,"[{""value"": ""Excavation"", ""evidence"": ""Trenching"", ""confidence"": ""HIGH"", ""match_method"": ""regex""}]","[{""value"": ""Crane"", ""evidence"": ""Winch W-2"", ""confidence"": ""HIGH"", ""match_method"": ""regex""}]",[],[],[],[],"[{""rule"": ""Line of Fire"", ""score"": 0.9714478590880024}]"
REP-3307A532,2021-03-15,Platform Charlie,Pipe Rack 2,Unsafe Condition,Driver doing Site Patrol in Crew Bus parked slightly outside the designated lines.,0,0.0667,Driving,"[{""value"": ""Vehicle Movement"", ""evidence"": ""Site Patrol"", ""confidence"": ""HIGH"", ""match_method"": ""regex""}]","[{""value"": ""Vehicle"", ""evidence"": ""Crew Bus"", ""confidence"": ""HIGH"", ""match_method"": ""regex""}]",[],[],[],[],"[{""rule"": ""Driving"", ""score"": 0.978381411360455}]"
REP-3208001D,2023-10-02,Platform Charlie,Storage Tank A,Unsafe Act,Radio in Pickup Truck P-12 was left on high volume after Transporting Personnel.,0,0.0729,Driving,"[{""value"": ""Vehicle Movement"", ""evidence"": ""Transporting Personnel"", ""confidence"": ""HIGH"", ""match_method"": ""regex""}]","[{""value"": ""Vehicle"", ""evidence"": ""Truck P-12"", ""confidence"": ""HIGH"", ""match_method"": ""regex""}]",[],[],[],[],"[{""rule"": ""Driving"", ""score"": 0.9793084779884391}]"
REP-2ED3F35D,2020-03-21,Site Alpha,Loading Bay,Unsafe Act,"While investigating Fire & Gas Panel, it was found that Interlock bridged during Process Operation. This exposed the facility to Loss of containment.",1,0.9649,Bypassing Safety Controls,"[{""value"": ""Operations"", ""evidence"": ""Process Operation"", ""confidence"": ""HIGH"", ""match_method"": ""regex""}]","[{""value"": ""Electrical Panel"", ""evidence"": ""Gas Panel"", ""confidence"": ""HIGH"", ""match_method"": ""regex""}]","[{""value"": ""Loss of Containment"", ""evidence"": ""Loss of containment"", ""confidence"": ""HIGH"", ""match_method"": ""regex""}]","[{""value"": ""SAFETY_DEVICE_BYPASS"", ""evidence"": ""Interlock bridged"", ""confidence"": ""HIGH"", ""match_method"": ""regex""}]","[{""value"": ""Major Process Safety Event"", ""evidence"": ""Loss of containment"", ""confidence"": ""MEDIUM"", ""match_method"": ""synonym""}]","[""bypassed-interlock""]","[{""rule"": ""Bypassing Safety Controls"", ""score"": 0.6885414591279587}, {""rule"": ""Confined Space"", ""score"": 0.3829812401791263}, {""rule"": ""Energy Isolation"", ""score"": 0.3622998292868997}]"
REP-5D969009,2020-04-24,Facility Bravo,Main Workshop,Unsafe Condition,Indicator bulb on Shutdown Valve SDV-1 was burnt out during System Maintenance.,0,0.0795,Bypassing Safety Controls,"[{""value"": ""Maintenance"", ""evidence"": ""Maintenance"", ""confidence"": ""HIGH"", ""match_method"": ""regex""}]","[{""value"": ""Valve"", ""evidence"": ""Valve SDV-1"", ""confidence"": ""HIGH"", ""match_method"": ""regex""}, {""value"": ""System Maintenance"", ""evidence"": ""System Maintenance"", ""confidence"": ""HIGH"", ""match_method"": ""regex""}, {""value"": ""During System"", ""evidence"": ""during System"", ""confidence"": ""HIGH"", ""match_method"": ""regex""}]",[],[],[],[],"[{""rule"": ""Bypassing Safety Controls"", ""score"": 0.9794305897410468}]"
REP-7117F4A1,2020-06-10,Terminal Echo,Storage Tank A,Unsafe Act,Tools used for Tank Cleaning in Storage Tank A were left outside the entrance untidily.,0,0.0493,Confined Space,"[{""value"": ""Confined Space Entry"", ""evidence"": ""Tank Cleaning"", ""confidence"": ""HIGH"", ""match_method"": ""regex""}, {""value"": ""Cleaning"", ""evidence"": ""Cleaning"", ""confidence"": ""HIGH"", ""match_method"": ""regex""}]","[{""value"": ""Tank"", ""evidence"": ""Tank Cleaning"", ""confidence"": ""HIGH"", ""match_method"": ""regex""}]",[],[],[],[],"[{""rule"": ""Confined Space"", ""score"": 0.9465000580308065}]"
REP-F90D5615,2023-11-27,Terminal Echo,Boiler Area,Incident,"While investigating DCS System, it was found that Alarm disabled during System Maintenance. This exposed the facility to Equipment destruction.",1,0.9196,Bypassing Safety Controls,"[{""value"": ""Maintenance"", ""evidence"": ""Maintenance"", ""confidence"": ""HIGH"", ""match_method"": ""regex""}]","[{""value"": ""System Maintenance"", ""evidence"": ""System Maintenance"", ""confidence"": ""HIGH"", ""match_method"": ""regex""}, {""value"": ""Electrical Panel"", ""evidence"": ""DCS System"", ""confidence"": ""HIGH"", ""match_method"": ""regex""}, {""value"": ""During System"", ""evidence"": ""during System"", ""confidence"": ""HIGH"", ""match_method"": ""regex""}]",[],"[{""value"": ""SAFETY_DEVICE_BYPASS"", ""evidence"": ""Alarm disabled"", ""confidence"": ""HIGH"", ""match_method"": ""regex""}]","[{""value"": ""Major Equipment Damage"", ""evidence"": ""Equipment destruction"", ""confidence"": ""HIGH"", ""match_method"": ""regex""}]","[""bypassed-interlock""]","[{""rule"": ""Bypassing Safety Controls"", ""score"": 0.9576197400540212}]"
REP-0B2838FD,2021-03-12,Station Foxtrot,Storage Tank A,Unsafe Act,Tools used for Internal Inspection in Storage Tank A were left outside the entrance untidily.,0,0.1403,Confined Space,"[{""value"": ""Maintenance"", ""evidence"": ""Inspection"", ""confidence"": ""HIGH"", ""match_method"": ""regex""}]","[{""value"": ""Tank"", ""evidence"": ""Tank A"", ""confidence"": ""HIGH"", ""match_method"": ""regex""}]",[],[],[],[],"[{""rule"": ""Confined Space"", ""score"": 0.9601447703777607}]"
REP-17318857,2021-09-03,Station Foxtrot,Loading Bay,Near Miss,Worker doing Non-routine Task at Camp Facility did not sign the permit exactly on the line.,0,0.1681,Work Authorization,"[{""value"": ""Operations"", ""evidence"": ""Non-routine Task"", ""confidence"": ""HIGH"", ""match_method"": ""regex""}]","[{""value"": ""Facility"", ""evidence"": ""Camp Facility"", ""confidence"": ""HIGH"", ""match_method"": ""regex""}]",[],[],[],[],"[{""rule"": ""Work Authorization"", ""score"": 0.9849039413423302}]"
REP-CDF14453,2021-10-26,Refinery Delta,Main Workshop,Unsafe Condition,Operator logged Process Operation for Shutdown Valve SDV-1 in the wrong logbook.,0,0.1081,Bypassing Safety Controls,"[{""value"": ""Operations"", ""evidence"": ""Process Operation"", ""confidence"": ""HIGH"", ""match_method"": ""regex""}]","[{""value"": ""Valve"", ""evidence"": ""Valve SDV-1"", ""confidence"": ""HIGH"", ""match_method"": ""regex""}]",[],[],[],[],"[{""rule"": ""Bypassing Safety Controls"", ""score"": 0.9736561448601229}]"
REP-0C9D7DC7,2020-09-20,Site Alpha,Deck 3,Unsafe Condition,"Worker doing Tank Cleaning in Reactor R-5 complained about poor lighting, though gas levels were normal.",0,0.0818,Confined Space,"[{""value"": ""Confined Space Entry"", ""evidence"": ""Tank Cleaning"", ""confidence"": ""HIGH"", ""match_method"": ""regex""}, {""value"": ""Cleaning"", ""evidence"": ""Cleaning"", ""confidence"": ""HIGH"", ""match_method"": ""regex""}]","[{""value"": ""Tank"", ""evidence"": ""Tank Cleaning"", ""confidence"": ""HIGH"", ""match_method"": ""regex""}, {""value"": ""Reactor R-5"", ""evidence"": ""Reactor R-5"", ""confidence"": ""HIGH"", ""match_method"": ""regex""}, {""value"": ""In Reactor"", ""evidence"": ""in Reactor"", ""confidence"": ""HIGH"", ""match_method"": ""regex""}]",[],[],[],[],"[{""rule"": ""Confined Space"", ""score"": 0.9668756570031515}]"
REP-15A1AC8D,2022-11-07,Refinery Delta,Control Room,Unsafe Act,The welding lead for Welding Machine W-1 was slightly tangled during Soldering.,0,0.112,Hot Work,"[{""value"": ""Hot Work"", ""evidence"": ""welding"", ""confidence"": ""HIGH"", ""match_method"": ""regex""}]","[{""value"": ""Welding Machine"", ""evidence"": ""Welding Machine"", ""confidence"": ""HIGH"", ""match_method"": ""regex""}]",[],[],[],[],"[{""rule"": ""Hot Work"", ""score"": 0.9686513114053115}, {""rule"": ""Energy Isolation"", ""score"": 0.37944871376934053}]"
REP-44C0F596,2023-06-12,Terminal Echo,Loading Bay,Unsafe Condition,"A safety camera caught Pickup Truck P-12 engaged in Heavy Haulage. The footage revealed Brakes defective, which is a precursor to Vehicle collision.",1,0.889,Driving,"[{""value"": ""Vehicle Movement"", ""evidence"": ""Heavy Haulage"", ""confidence"": ""HIGH"", ""match_method"": ""regex""}]","[{""value"": ""Vehicle"", ""evidence"": ""Truck P-12"", ""confidence"": ""HIGH"", ""match_method"": ""regex""}]","[{""value"": ""Vehicle Interaction"", ""evidence"": ""Vehicle collision"", ""confidence"": ""HIGH"", ""match_method"": ""regex""}]","[{""value"": ""TRAFFIC_CONTROL_FAILURE"", ""evidence"": ""Brakes defective"", ""confidence"": ""HIGH"", ""match_method"": ""regex""}]","[{""value"": ""Vehicle / Pedestrian Injury"", ""evidence"": ""Vehicle collision"", ""confidence"": ""MEDIUM"", ""match_method"": ""synonym""}]","[""vehicle-interaction""]","[{""rule"": ""Driving"", ""score"": 0.9629046303730083}]"
REP-57AB943F,2020-12-13,Station Foxtrot,Deck 3,Near Miss,"The tag for Electrical Panel EP-5 was faded during Repair. No Electrical shock was present, but tag needs replacement.",0,0.1738,Energy Isolation,"[{""value"": ""Maintenance"", ""evidence"": ""Repair"", ""confidence"": ""HIGH"", ""match_method"": ""regex""}]","[{""value"": ""Electrical Panel"", ""evidence"": ""Panel EP-5"", ""confidence"": ""HIGH"", ""match_method"": ""regex""}]","[{""value"": ""Electrical Energy"", ""evidence"": ""Electrical"", ""confidence"": ""HIGH"", ""match_method"": ""regex""}]",[],"[{""value"": ""Electrical Injury"", ""evidence"": ""shock"", ""confidence"": ""HIGH"", ""match_method"": ""regex""}]",[],"[{""rule"": ""Energy Isolation"", ""score"": 0.9247000848175245}]"
REP-DB48BFE0,2020-01-23,Platform Charlie,Pump Room,Near Miss,Barricade tape for Grinding near High Pressure Hose was blown down by the wind. No operations were ongoing.,0,0.2376,Line of Fire,"[{""value"": ""Hot Work"", ""evidence"": ""Grinding"", ""confidence"": ""MEDIUM"", ""match_method"": ""regex""}]","[{""value"": ""Hose"", ""evidence"": ""Pressure Hose"", ""confidence"": ""HIGH"", ""match_method"": ""regex""}]",[],[],[],[],"[{""rule"": ""Line of Fire"", ""score"": 0.9603717754929678}, {""rule"": ""Hot Work"", ""score"": 0.4369703629223869}]"
REP-0E943BDB,2022-07-28,Facility Bravo,Deck 3,Near Miss,Worker's chin strap on helmet was loose during Painting on Crane C-1.,0,0.0738,Work at Height,"[{""value"": ""Mechanical Lifting"", ""evidence"": ""Crane"", ""confidence"": ""MEDIUM"", ""match_method"": ""regex""}, {""value"": ""Painting"", ""evidence"": ""Painting"", ""confidence"": ""HIGH"", ""match_method"": ""regex""}]","[{""value"": ""Crane"", ""evidence"": ""Crane C-1"", ""confidence"": ""HIGH"", ""match_method"": ""regex""}]",[],[],[],[],"[{""rule"": ""Work at Height"", ""score"": 0.9369333587711826}]"
REP-F0D2CB4B,2023-07-17,Platform Charlie,Pump Room,Near Miss,"Scaffolding tubes for Crane C-1 were stored untidily, causing a minor trip hazard during Scaffolding.",0,0.1221,Work at Height,"[{""value"": ""Mechanical Lifting"", ""evidence"": ""Crane"", ""confidence"": ""MEDIUM"", ""match_method"": ""regex""}, {""value"": ""Working at Height"", ""evidence"": ""Scaffolding"", ""confidence"": ""HIGH"", ""match_method"": ""regex""}]","[{""value"": ""Crane"", ""evidence"": ""Crane C-1"", ""confidence"": ""HIGH"", ""match_method"": ""regex""}]",[],[],[],[],"[{""rule"": ""Work at Height"", ""score"": 0.9583303526647206}]"
REP-397FCB20,2020-04-10,Station Foxtrot,Boiler Area,Near Miss,Worker observed performing Painting on Crane C-1 at 15 meters. It was noted that No barricade below. A Open grating could have resulted in a fatality.,1,0.9423,Work at Height,"[{""value"": ""Mechanical Lifting"", ""evidence"": ""Crane"", ""confidence"": ""MEDIUM"", ""match_method"": ""regex""}, {""value"": ""Painting"", ""evidence"": ""Painting"", ""confidence"": ""HIGH"", ""match_method"": ""regex""}]","[{""value"": ""Crane"", ""evidence"": ""Crane C-1"", ""confidence"": ""HIGH"", ""match_method"": ""regex""}, {""value"": ""Structure"", ""evidence"": ""grating"", ""confidence"": ""HIGH"", ""match_method"": ""regex""}]","[{""value"": ""Fall from Height"", ""evidence"": ""Open grating"", ""confidence"": ""HIGH"", ""match_method"": ""regex""}]","[{""value"": ""BARRICADING_FAILURE"", ""evidence"": ""No barricade below"", ""confidence"": ""HIGH"", ""match_method"": ""regex""}]","[{""value"": ""Fatal Exposure"", ""evidence"": ""fatality"", ""confidence"": ""HIGH"", ""match_method"": ""regex""}, {""value"": ""Fall Injury"", ""evidence"": ""Open grating"", ""confidence"": ""MEDIUM"", ""match_method"": ""synonym""}, {""value"": ""Fatal Fall"", ""evidence"": ""Open grating"", ""confidence"": ""MEDIUM"", ""match_method"": ""synonym""}]","[""missing-barricade""]","[{""rule"": ""Work at Height"", ""score"": 0.7035730754767296}, {""rule"": ""Line of Fire"", ""score"": 0.376027363731463}]"
REP-E03B5D02,2021-07-10,Site Alpha,Control Room,Near Miss,"Roof Repair was ongoing near Cherry Picker when grating was removed. No barricade below left the hole unprotected, creating a high risk of Unstable platform.",1,0.638,Work at Height,"[{""value"": ""Maintenance"", ""evidence"": ""Repair"", ""confidence"": ""HIGH"", ""match_method"": ""regex""}, {""value"": ""Working at Height"", ""evidence"": ""Roof"", ""confidence"": ""MEDIUM"", ""match_method"": ""regex""}]","[{""value"": ""Cherry Picker"", ""evidence"": ""Cherry Picker"", ""confidence"": ""HIGH"", ""match_method"": ""regex""}, {""value"": ""Structure"", ""evidence"": ""grating"", ""confidence"": ""HIGH"", ""match_method"": ""regex""}]",[],"[{""value"": ""BARRICADING_FAILURE"", ""evidence"": ""No barricade below"", ""confidence"": ""HIGH"", ""match_method"": ""regex""}]",[],"[""missing-barricade""]","[{""rule"": ""Work at Height"", ""score"": 0.9642263974293286}]"
REP-7B3D77EC,2021-08-10,Platform Charlie,Loading Bay,Unsafe Act,The Pickup Truck P-12 was slightly dirty during Site Patrol.,0,0.0168,Driving,"[{""value"": ""Vehicle Movement"", ""evidence"": ""Site Patrol"", ""confidence"": ""HIGH"", ""match_method"": ""regex""}]","[{""value"": ""Vehicle"", ""evidence"": ""Truck P-12"", ""confidence"": ""HIGH"", ""match_method"": ""regex""}]",[],[],[],[],"[{""rule"": ""Driving"", ""score"": 0.9746220057198448}]"
REP-E0212187,2022-11-21,Facility Bravo,Pipe Rack 2,Near Miss,Indicator bulb on Fire & Gas Panel was burnt out during Process Operation.,0,0.1345,Bypassing Safety Controls,"[{""value"": ""Operations"", ""evidence"": ""Process Operation"", ""confidence"": ""HIGH"", ""match_method"": ""regex""}]","[{""value"": ""Electrical Panel"", ""evidence"": ""Panel was"", ""confidence"": ""HIGH"", ""match_method"": ""regex""}]",[],[],[],[],"[{""rule"": ""Bypassing Safety Controls"", ""score"": 0.9544714203587106}]"
REP-71A244DC,2023-05-15,Platform Charlie,Control Room,Incident,"During Torquing, a piece of non-tensioned wire from Drill Pipe was left on the floor.",0,0.1024,Line of Fire,"[{""value"": ""Drilling"", ""evidence"": ""Drill"", ""confidence"": ""HIGH"", ""match_method"": ""regex""}, {""value"": ""Torquing"", ""evidence"": ""Torquing"", ""confidence"": ""MEDIUM"", ""match_method"": ""regex""}]","[{""value"": ""Drill Pipe"", ""evidence"": ""Drill Pipe"", ""confidence"": ""HIGH"", ""match_method"": ""regex""}]",[],[],[],[],"[{""rule"": ""Line of Fire"", ""score"": 0.9660334053873476}]"
REP-3AD7730A,2023-01-10,Terminal Echo,Loading Bay,Incident,"During Structural Inspection, worker used the correct harness but the inspection log was not filled in for Pipe Rack Level 3.",0,0.188,Work at Height,"[{""value"": ""Maintenance"", ""evidence"": ""Inspection"", ""confidence"": ""HIGH"", ""match_method"": ""regex""}]","[{""value"": ""Structure"", ""evidence"": ""Pipe Rack"", ""confidence"": ""HIGH"", ""match_method"": ""regex""}]",[],[],[],[],"[{""rule"": ""Work at Height"", ""score"": 0.9515001291617037}]"
REP-8E4A29D6,2020-08-29,Refinery Delta,Control Room,Incident,Operator of Mobile Crane during Crane Lifting forgot his safety glasses but was in an enclosed cab.,0,0.1672,Safe Mechanical Lifting,"[{""value"": ""Mechanical Lifting"", ""evidence"": ""Lifting"", ""confidence"": ""HIGH"", ""match_method"": ""regex""}]","[{""value"": ""Crane"", ""evidence"": ""Crane during"", ""confidence"": ""HIGH"", ""match_method"": ""regex""}]",[],[],[],[],"[{""rule"": ""Safe Mechanical Lifting"", ""score"": 0.9654554235547069}]"
REP-EBFE12FA,2021-07-04,Site Alpha,Control Room,Near Miss,Worker entered Underground Sump for Tank Cleaning. Suddenly the alarm sounded. Rescue plan inadequate meant the worker was exposed to Engulfment.,1,0.9023,Confined Space,"[{""value"": ""Confined Space Entry"", ""evidence"": ""entered Underground Sump for Tank"", ""confidence"": ""HIGH"", ""match_method"": ""regex""}, {""value"": ""Cleaning"", ""evidence"": ""Cleaning"", ""confidence"": ""HIGH"", ""match_method"": ""regex""}]","[{""value"": ""Tank"", ""evidence"": ""Tank Cleaning"", ""confidence"": ""HIGH"", ""match_method"": ""regex""}, {""value"": ""Vessel"", ""evidence"": ""Sump"", ""confidence"": ""HIGH"", ""match_method"": ""regex""}]","[{""value"": ""Confined Atmosphere"", ""evidence"": ""Engulfment"", ""confidence"": ""HIGH"", ""match_method"": ""regex""}]",[],[],[],"[{""rule"": ""Confined Space"", ""score"": 0.9672425767740847}]"
REP-89E00FAB,2022-02-26,Site Alpha,Loading Bay,Unsafe Condition,The entry log for Separator V-10 during Vessel Welding was smudged with dirt.,0,0.0198,Confined Space,"[{""value"": ""Hot Work"", ""evidence"": ""Welding"", ""confidence"": ""HIGH"", ""match_method"": ""regex""}]","[{""value"": ""Separator V-10"", ""evidence"": ""Separator V-10"", ""confidence"": ""HIGH"", ""match_method"": ""regex""}, {""value"": ""Vessel"", ""evidence"": ""Vessel Welding"", ""confidence"": ""HIGH"", ""match_method"": ""regex""}, {""value"": ""For Separator"", ""evidence"": ""for Separator"", ""confidence"": ""HIGH"", ""match_method"": ""regex""}]",[],[],[],[],"[{""rule"": ""Confined Space"", ""score"": 0.9667598403251348}]"
REP-FAFAB7A4,2021-05-12,Platform Charlie,Storage Tank A,Unsafe Act,"While inspecting Pump P-204, H2S exposure was narrowly avoided because Bleed valve closed.",1,0.7883,Energy Isolation,"[{""value"": ""Maintenance"", ""evidence"": ""inspecting"", ""confidence"": ""HIGH"", ""match_method"": ""regex""}]","[{""value"": ""Pump"", ""evidence"": ""Pump P-204"", ""confidence"": ""HIGH"", ""match_method"": ""regex""}, {""value"": ""Valve"", ""evidence"": ""valve closed"", ""confidence"": ""HIGH"", ""match_method"": ""regex""}]","[{""value"": ""H2S Exposure"", ""evidence"": ""H2S"", ""confidence"": ""MEDIUM"", ""match_method"": ""regex""}]","[{""value"": ""ENERGY_ISOLATION_FAILURE"", ""evidence"": ""Bleed valve closed"", ""confidence"": ""HIGH"", ""match_method"": ""regex""}]","[{""value"": ""Toxic Exposure"", ""evidence"": ""H2S"", ""confidence"": ""MEDIUM"", ""match_method"": ""synonym""}, {""value"": ""Loss of Consciousness"", ""evidence"": ""H2S"", ""confidence"": ""MEDIUM"", ""match_method"": ""synonym""}, {""value"": ""Fatal Exposure"", ""evidence"": ""H2S"", ""confidence"": ""MEDIUM"", ""match_method"": ""synonym""}]","[""missing-loto""]","[{""rule"": ""Energy Isolation"", ""score"": 0.9101698179465549}]"
REP-D98AB3A5,2023-12-17,Platform Charlie,Pipe Rack 2,Incident,Welder doing Grinding with Angle Grinder had untucked coveralls.,0,0.0235,Hot Work,"[{""value"": ""Hot Work"", ""evidence"": ""Welder"", ""confidence"": ""HIGH"", ""match_method"": ""regex""}]","[{""value"": ""Grinder"", ""evidence"": ""Angle Grinder"", ""confidence"": ""HIGH"", ""match_method"": ""regex""}]",[],[],[],[],"[{""rule"": ""Hot Work"", ""score"": 0.9580010469084096}]"
REP-CC632C22,2023-07-08,Platform Charlie,Pipe Rack 2,Unsafe Condition,Fire extinguisher near Pipe Spool P-10 for Grinding was due for monthly inspection next week.,0,0.0956,Hot Work,"[{""value"": ""Maintenance"", ""evidence"": ""inspection"", ""confidence"": ""HIGH"", ""match_method"": ""regex""}, {""value"": ""Hot Work"", ""evidence"": ""Grinding"", ""confidence"": ""MEDIUM"", ""match_method"": ""regex""}]","[{""value"": ""Pipeline"", ""evidence"": ""Spool P-10"", ""confidence"": ""HIGH"", ""match_method"": ""regex""}]",[],[],[],[],"[{""rule"": ""Hot Work"", ""score"": 0.9630908208280432}]"
REP-40A377D5,2021-02-09,Terminal Echo,Loading Bay,Unsafe Act,"While investigating Pressure Safety Valve PSV-90, it was found that Interlock bridged during Process Operation. This exposed the facility to Overpressure.",1,0.9303,Bypassing Safety Controls,"[{""value"": ""Operations"", ""evidence"": ""Process Operation"", ""confidence"": ""HIGH"", ""match_method"": ""regex""}]","[{""value"": ""Valve"", ""evidence"": ""Valve PSV-90"", ""confidence"": ""HIGH"", ""match_method"": ""regex""}]","[{""value"": ""Pressurized Equipment"", ""evidence"": ""Overpressure"", ""confidence"": ""HIGH"", ""match_method"": ""regex""}]","[{""value"": ""SAFETY_DEVICE_BYPASS"", ""evidence"": ""Interlock bridged"", ""confidence"": ""HIGH"", ""match_method"": ""regex""}]","[{""value"": ""Major Process Safety Event"", ""evidence"": ""Overpressure"", ""confidence"": ""MEDIUM"", ""match_method"": ""synonym""}]","[""pressurized-system"", ""bypassed-interlock""]","[{""rule"": ""Bypassing Safety Controls"", ""score"": 0.7831543023806716}, {""rule"": ""Energy Isolation"", ""score"": 0.5867047868807445}]"
REP-8ACBEEAE,2023-07-07,Station Foxtrot,Control Room,Unsafe Act,"During Grinding, Hydraulic Torque Wrench failed unexpectedly. Because Tension line snapped, the worker was exposed to Struck by moving object. Fortunately, the worker jumped back in time.",1,0.9804,Line of Fire,"[{""value"": ""Hot Work"", ""evidence"": ""Grinding"", ""confidence"": ""MEDIUM"", ""match_method"": ""regex""}, {""value"": ""Torquing"", ""evidence"": ""Torque"", ""confidence"": ""MEDIUM"", ""match_method"": ""regex""}]","[{""value"": ""Torque Wrench"", ""evidence"": ""Torque Wrench"", ""confidence"": ""HIGH"", ""match_method"": ""regex""}]","[{""value"": ""Line-of-Fire Exposure"", ""evidence"": ""Struck by moving object"", ""confidence"": ""HIGH"", ""match_method"": ""regex""}]","[{""value"": ""LINE_OF_FIRE_CONTROL_FAILURE"", ""evidence"": ""Tension line snapped"", ""confidence"": ""HIGH"", ""match_method"": ""regex""}]","[{""value"": ""Struck-By Injury"", ""evidence"": ""Struck by"", ""confidence"": ""HIGH"", ""match_method"": ""regex""}]","[""line-of-fire""]","[{""rule"": ""Line of Fire"", ""score"": 0.9411454440289411}]"
REP-38178119,2020-07-26,Platform Charlie,Loading Bay,Unsafe Condition,Driver doing Transporting Personnel in Crew Bus parked slightly outside the designated lines.,0,0.1207,Driving,"[{""value"": ""Vehicle Movement"", ""evidence"": ""Transporting Personnel"", ""confidence"": ""HIGH"", ""match_method"": ""regex""}]","[{""value"": ""Vehicle"", ""evidence"": ""Crew Bus"", ""confidence"": ""HIGH"", ""match_method"": ""regex""}]",[],[],[],[],"[{""rule"": ""Driving"", ""score"": 0.9817343492405995}]"
REP-FD4AA4C6,2020-10-30,Terminal Echo,Control Room,Unsafe Condition,Operator logged Alarm Testing for Pressure Safety Valve PSV-90 in the wrong logbook.,0,0.2392,Bypassing Safety Controls,"[{""value"": ""Operations"", ""evidence"": ""Alarm Testing"", ""confidence"": ""HIGH"", ""match_method"": ""regex""}]","[{""value"": ""Valve"", ""evidence"": ""Valve PSV-90"", ""confidence"": ""HIGH"", ""match_method"": ""regex""}]",[],[],[],[],"[{""rule"": ""Bypassing Safety Controls"", ""score"": 0.9672736617741352}]"
REP-2645EA40,2020-01-02,Facility Bravo,Pump Room,Near Miss,The horn on Mobile Crane sounded a bit quiet during Crane Lifting.,0,0.0246,Safe Mechanical Lifting,"[{""value"": ""Mechanical Lifting"", ""evidence"": ""Lifting"", ""confidence"": ""HIGH"", ""match_method"": ""regex""}]","[{""value"": ""Crane"", ""evidence"": ""Crane sounded"", ""confidence"": ""HIGH"", ""match_method"": ""regex""}]",[],[],[],[],"[{""rule"": ""Safe Mechanical Lifting"", ""score"": 0.9801586955886717}]"
REP-39A456CB,2020-06-14,Station Foxtrot,Storage Tank A,Unsafe Condition,The entry log for Reactor R-5 during Internal Inspection was smudged with dirt.,0,0.0283,Confined Space,"[{""value"": ""Maintenance"", ""evidence"": ""Inspection"", ""confidence"": ""HIGH"", ""match_method"": ""regex""}]","[{""value"": ""Reactor R-5"", ""evidence"": ""Reactor R-5"", ""confidence"": ""HIGH"", ""match_method"": ""regex""}, {""value"": ""For Reactor"", ""evidence"": ""for Reactor"", ""confidence"": ""HIGH"", ""match_method"": ""regex""}]",[],[],[],[],"[{""rule"": ""Confined Space"", ""score"": 0.9747016592922796}]"
REP-188E294F,2021-08-22,Facility Bravo,Storage Tank A,Incident,Barricade tape for Lifting near Winch W-2 was blown down by the wind. No operations were ongoing.,0,0.233,Line of Fire,"[{""value"": ""Mechanical Lifting"", ""evidence"": ""Lifting"", ""confidence"": ""HIGH"", ""match_method"": ""regex""}]","[{""value"": ""Crane"", ""evidence"": ""Winch W-2"", ""confidence"": ""HIGH"", ""match_method"": ""regex""}]",[],[],[],[],"[{""rule"": ""Line of Fire"", ""score"": 0.9398597406894126}]"
REP-62386845,2023-12-17,Facility Bravo,Pipe Rack 2,Unsafe Condition,The entry log for Reactor R-5 during Vessel Welding was smudged with dirt.,0,0.0168,Confined Space,"[{""value"": ""Hot Work"", ""evidence"": ""Welding"", ""confidence"": ""HIGH"", ""match_method"": ""regex""}]","[{""value"": ""Reactor R-5"", ""evidence"": ""Reactor R-5"", ""confidence"": ""HIGH"", ""match_method"": ""regex""}, {""value"": ""Vessel"", ""evidence"": ""Vessel Welding"", ""confidence"": ""HIGH"", ""match_method"": ""regex""}, {""value"": ""For Reactor"", ""evidence"": ""for Reactor"", ""confidence"": ""HIGH"", ""match_method"": ""regex""}]",[],[],[],[],"[{""rule"": ""Confined Space"", ""score"": 0.975432404395423}]"
REP-ABD50BB7,2023-11-23,Platform Charlie,Drilling Floor,Incident,Welder doing Torch Cutting with Angle Grinder had untucked coveralls.,0,0.04,Hot Work,"[{""value"": ""Hot Work"", ""evidence"": ""Welder"", ""confidence"": ""HIGH"", ""match_method"": ""regex""}]","[{""value"": ""Grinder"", ""evidence"": ""Angle Grinder"", ""confidence"": ""HIGH"", ""match_method"": ""regex""}, {""value"": ""Torch"", ""evidence"": ""Torch"", ""confidence"": ""HIGH"", ""match_method"": ""regex""}]",[],[],[],[],"[{""rule"": ""Hot Work"", ""score"": 0.9769352865700259}]"
REP-8419787D,2021-08-27,Refinery Delta,Storage Tank A,Incident,"Audit of Fire & Gas Panel post-Process Operation revealed Alarm disabled. Without this protection, Overpressure could have occurred.",1,0.9745,Bypassing Safety Controls,"[{""value"": ""Operations"", ""evidence"": ""Process Operation"", ""confidence"": ""HIGH"", ""match_method"": ""regex""}]","[{""value"": ""Electrical Panel"", ""evidence"": ""Panel post-Process"", ""confidence"": ""HIGH"", ""match_method"": ""regex""}]","[{""value"": ""Pressurized Equipment"", ""evidence"": ""Overpressure"", ""confidence"": ""HIGH"", ""match_method"": ""regex""}]","[{""value"": ""SAFETY_DEVICE_BYPASS"", ""evidence"": ""Alarm disabled"", ""confidence"": ""HIGH"", ""match_method"": ""regex""}]","[{""value"": ""Major Process Safety Event"", ""evidence"": ""Overpressure"", ""confidence"": ""MEDIUM"", ""match_method"": ""synonym""}]","[""pressurized-system"", ""bypassed-interlock""]","[{""rule"": ""Bypassing Safety Controls"", ""score"": 0.9578659020362738}]"
REP-722C6160,2022-01-04,Site Alpha,Drilling Floor,Unsafe Act,"Roof Repair was ongoing near Roof Access Ladder when grating was removed. Scaffold tag missing left the hole unprotected, creating a high risk of Unstable platform.",1,0.4057,Work at Height,"[{""value"": ""Maintenance"", ""evidence"": ""Repair"", ""confidence"": ""HIGH"", ""match_method"": ""regex""}, {""value"": ""Working at Height"", ""evidence"": ""Scaffold"", ""confidence"": ""HIGH"", ""match_method"": ""regex""}]","[{""value"": ""Scaffold"", ""evidence"": ""Scaffold"", ""confidence"": ""HIGH"", ""match_method"": ""regex""}, {""value"": ""Ladder"", ""evidence"": ""Ladder"", ""confidence"": ""HIGH"", ""match_method"": ""regex""}, {""value"": ""Structure"", ""evidence"": ""grating"", ""confidence"": ""HIGH"", ""match_method"": ""regex""}]",[],"[{""value"": ""FALL_PROTECTION_FAILURE"", ""evidence"": ""Scaffold tag missing"", ""confidence"": ""HIGH"", ""match_method"": ""regex""}]",[],"[""fall-protection""]","[{""rule"": ""Work at Height"", ""score"": 0.9836749657053078}]"
REP-040FD704,2020-03-16,Site Alpha,Pump Room,Near Miss,"Audit of Fire & Gas Panel post-Process Operation revealed Override left active. Without this protection, Equipment destruction could have occurred.",1,0.9552,Bypassing Safety Controls,"[{""value"": ""Operations"", ""evidence"": ""Process Operation"", ""confidence"": ""HIGH"", ""match_method"": ""regex""}]","[{""value"": ""Electrical Panel"", ""evidence"": ""Panel post-Process"", ""confidence"": ""HIGH"", ""match_method"": ""regex""}]",[],"[{""value"": ""SAFETY_DEVICE_BYPASS"", ""evidence"": ""Override left active"", ""confidence"": ""HIGH"", ""match_method"": ""regex""}]","[{""value"": ""Major Equipment Damage"", ""evidence"": ""Equipment destruction"", ""confidence"": ""HIGH"", ""match_method"": ""regex""}]","[""bypassed-interlock""]","[{""rule"": ""Bypassing Safety Controls"", ""score"": 0.9356886702006411}]"
REP-ACF245A0,2023-02-26,Station Foxtrot,Deck 3,Unsafe Condition,Operator logged System Maintenance for Shutdown Valve SDV-1 in the wrong logbook.,0,0.0444,Bypassing Safety Controls,"[{""value"": ""Maintenance"", ""evidence"": ""Maintenance"", ""confidence"": ""HIGH"", ""match_method"": ""regex""}]","[{""value"": ""System Maintenance"", ""evidence"": ""System Maintenance"", ""confidence"": ""HIGH"", ""match_method"": ""regex""}, {""value"": ""Valve"", ""evidence"": ""Valve SDV-1"", ""confidence"": ""HIGH"", ""match_method"": ""regex""}, {""value"": ""Logged System"", ""evidence"": ""logged System"", ""confidence"": ""HIGH"", ""match_method"": ""regex""}]",[],[],[],[],"[{""rule"": ""Bypassing Safety Controls"", ""score"": 0.9761316417492889}]"
REP-419A6E24,2020-03-28,Facility Bravo,Pump Room,Near Miss,Operator logged System Maintenance for Pressure Safety Valve PSV-90 in the wrong logbook.,0,0.0772,Bypassing Safety Controls,"[{""value"": ""Maintenance"", ""evidence"": ""Maintenance"", ""confidence"": ""HIGH"", ""match_method"": ""regex""}]","[{""value"": ""System Maintenance"", ""evidence"": ""System Maintenance"", ""confidence"": ""HIGH"", ""match_method"": ""regex""}, {""value"": ""Valve"", ""evidence"": ""Valve PSV-90"", ""confidence"": ""HIGH"", ""match_method"": ""regex""}, {""value"": ""Logged System"", ""evidence"": ""logged System"", ""confidence"": ""HIGH"", ""match_method"": ""regex""}]",[],[],[],[],"[{""rule"": ""Bypassing Safety Controls"", ""score"": 0.9724331918668553}]"
REP-C879635C,2023-08-30,Terminal Echo,Drilling Floor,Unsafe Condition,JSA for Contractor Work near Process Module 4 was printed on crumpled paper.,0,0.0187,Work Authorization,"[{""value"": ""Contractor Work"", ""evidence"": ""Contractor Work"", ""confidence"": ""HIGH"", ""match_method"": ""regex""}]","[{""value"": ""Facility"", ""evidence"": ""Process Module"", ""confidence"": ""HIGH"", ""match_method"": ""regex""}]",[],[],[],[],"[{""rule"": ""Work Authorization"", ""score"": 0.839686873153895}]"
REP-97B932F7,2023-06-21,Site Alpha,Main Workshop,Unsafe Condition,"Noticed Compressor C-10 had a minor weep during Repair. LOTO was applied correctly, but cleanup was delayed.",0,0.0569,Energy Isolation,"[{""value"": ""Maintenance"", ""evidence"": ""Repair"", ""confidence"": ""HIGH"", ""match_method"": ""regex""}]","[{""value"": ""Compressor"", ""evidence"": ""Compressor C-10"", ""confidence"": ""HIGH"", ""match_method"": ""regex""}]",[],[],[],[],"[{""rule"": ""Energy Isolation"", ""score"": 0.7753483742176179}]"
REP-20A9818B,2022-09-06,Site Alpha,Control Room,Unsafe Act,JSA for Contractor Work near Workshop was printed on crumpled paper.,0,0.0174,Work Authorization,"[{""value"": ""Contractor Work"", ""evidence"": ""Contractor Work"", ""confidence"": ""HIGH"", ""match_method"": ""regex""}]","[{""value"": ""Facility"", ""evidence"": ""Workshop"", ""confidence"": ""HIGH"", ""match_method"": ""regex""}]",[],[],[],[],"[{""rule"": ""Work Authorization"", ""score"": 0.8290270620672929}]"
REP-BE463895,2021-05-31,Facility Bravo,Main Workshop,Near Miss,"During a walkaround, found personnel doing Non-routine Task on Workshop. PTW not issued meant they had no controls for Uncontrolled work.",1,0.6996,Work Authorization,"[{""value"": ""Operations"", ""evidence"": ""Non-routine Task"", ""confidence"": ""HIGH"", ""match_method"": ""regex""}]","[{""value"": ""Facility"", ""evidence"": ""Workshop"", ""confidence"": ""HIGH"", ""match_method"": ""regex""}]","[{""value"": ""Unidentified Hazards"", ""evidence"": ""Uncontrolled work"", ""confidence"": ""HIGH"", ""match_method"": ""regex""}]","[{""value"": ""WORK_AUTHORIZATION_FAILURE"", ""evidence"": ""PTW not issued"", ""confidence"": ""HIGH"", ""match_method"": ""regex""}]",[],"[""expired-permit""]","[{""rule"": ""Work Authorization"", ""score"": 0.9080307840034003}, {""rule"": ""Line of Fire"", ""score"": 0.5397457761100967}]"
REP-E7B00913,2020-07-16,Refinery Delta,Drilling Floor,Near Miss,Paint on Mobile Crane used for Hoisting is peeling off.,0,0.0589,Safe Mechanical Lifting,"[{""value"": ""Mechanical Lifting"", ""evidence"": ""Hoisting"", ""confidence"": ""HIGH"", ""match_method"": ""regex""}, {""value"": ""Painting"", ""evidence"": ""Paint"", ""confidence"": ""HIGH"", ""match_method"": ""regex""}]","[{""value"": ""Crane"", ""evidence"": ""Crane used"", ""confidence"": ""HIGH"", ""match_method"": ""regex""}]",[],[],[],[],"[{""rule"": ""Safe Mechanical Lifting"", ""score"": 0.963797660580696}, {""rule"": ""Hot Work"", ""score"": 0.43916659075155745}]"
REP-9E1D19CE,2023-03-28,Refinery Delta,Pump Room,Unsafe Condition,The welding lead for Pipe Spool P-10 was slightly tangled during Soldering.,0,0.0783,Hot Work,"[{""value"": ""Hot Work"", ""evidence"": ""welding"", ""confidence"": ""HIGH"", ""match_method"": ""regex""}]","[{""value"": ""Pipeline"", ""evidence"": ""Spool P-10"", ""confidence"": ""HIGH"", ""match_method"": ""regex""}]",[],[],[],[],"[{""rule"": ""Hot Work"", ""score"": 0.9591996170864732}]"
REP-79118088,2022-05-07,Platform Charlie,Boiler Area,Near Miss,The entry log for Reactor R-5 during Tank Cleaning was smudged with dirt.,0,0.0137,Confined Space,"[{""value"": ""Confined Space Entry"", ""evidence"": ""Tank Cleaning"", ""confidence"": ""HIGH"", ""match_method"": ""regex""}, {""value"": ""Cleaning"", ""evidence"": ""Cleaning"", ""confidence"": ""HIGH"", ""match_method"": ""regex""}]","[{""value"": ""Reactor R-5"", ""evidence"": ""Reactor R-5"", ""confidence"": ""HIGH"", ""match_method"": ""regex""}, {""value"": ""Tank"", ""evidence"": ""Tank Cleaning"", ""confidence"": ""HIGH"", ""match_method"": ""regex""}, {""value"": ""For Reactor"", ""evidence"": ""for Reactor"", ""confidence"": ""HIGH"", ""match_method"": ""regex""}]",[],[],[],[],"[{""rule"": ""Confined Space"", ""score"": 0.9790456190125826}]"
REP-A2A937EA,2020-02-26,Refinery Delta,Drilling Floor,Near Miss,"Noticed Pump P-204 had a minor weep during Repair. LOTO was applied correctly, but cleanup was delayed.",0,0.0601,Energy Isolation,"[{""value"": ""Maintenance"", ""evidence"": ""Repair"", ""confidence"": ""HIGH"", ""match_method"": ""regex""}]","[{""value"": ""Pump"", ""evidence"": ""Pump P-204"", ""confidence"": ""HIGH"", ""match_method"": ""regex""}]",[],[],[],[],"[{""rule"": ""Energy Isolation"", ""score"": 0.7913279604736045}]"
REP-471DC38C,2023-11-14,Platform Charlie,Control Room,Unsafe Act,"Operator was performing Repair on Compressor C-10. It was discovered that Bleed valve closed, leaving the system vulnerable to Steam leak. Work was stopped immediately.",1,0.7396,Energy Isolation,"[{""value"": ""Maintenance"", ""evidence"": ""Repair"", ""confidence"": ""HIGH"", ""match_method"": ""regex""}]","[{""value"": ""Compressor"", ""evidence"": ""Compressor C-10"", ""confidence"": ""HIGH"", ""match_method"": ""regex""}, {""value"": ""Valve"", ""evidence"": ""valve closed"", ""confidence"": ""HIGH"", ""match_method"": ""regex""}, {""value"": ""System Vulnerable"", ""evidence"": ""system vulnerable"", ""confidence"": ""HIGH"", ""match_method"": ""regex""}, {""value"": ""The System"", ""evidence"": ""the system"", ""confidence"": ""HIGH"", ""match_method"": ""regex""}]","[{""value"": ""Loss of Containment"", ""evidence"": ""Steam leak"", ""confidence"": ""HIGH"", ""match_method"": ""regex""}]","[{""value"": ""ENERGY_ISOLATION_FAILURE"", ""evidence"": ""Bleed valve closed"", ""confidence"": ""HIGH"", ""match_method"": ""regex""}]","[{""value"": ""Major Process Safety Event"", ""evidence"": ""Steam leak"", ""confidence"": ""MEDIUM"", ""match_method"": ""synonym""}]","[""missing-loto""]","[{""rule"": ""Energy Isolation"", ""score"": 0.8473490440273288}, {""rule"": ""Bypassing Safety Controls"", ""score"": 0.4700661920015748}]"
REP-39AF0A15,2020-09-20,Terminal Echo,Boiler Area,Incident,Permit for Contractor Work at Process Module 4 had a minor spelling mistake in the supervisor's name.,0,0.0549,Work Authorization,"[{""value"": ""Contractor Work"", ""evidence"": ""Contractor Work"", ""confidence"": ""HIGH"", ""match_method"": ""regex""}]","[{""value"": ""Facility"", ""evidence"": ""Process Module"", ""confidence"": ""HIGH"", ""match_method"": ""regex""}]",[],[],[],[],"[{""rule"": ""Work Authorization"", ""score"": 0.9744406415438173}]"
REP-13E4C921,2020-07-04,Refinery Delta,Drilling Floor,Unsafe Act,Driver doing Heavy Haulage in Vacuum Truck parked slightly outside the designated lines.,0,0.1089,Driving,"[{""value"": ""Vehicle Movement"", ""evidence"": ""Heavy Haulage"", ""confidence"": ""HIGH"", ""match_method"": ""regex""}]","[{""value"": ""Vehicle"", ""evidence"": ""Truck parked"", ""confidence"": ""HIGH"", ""match_method"": ""regex""}]",[],[],[],[],"[{""rule"": ""Driving"", ""score"": 0.9767939698414243}]"
REP-AC7A3E9F,2020-07-23,Platform Charlie,Boiler Area,Unsafe Act,"During Lifting, a piece of non-tensioned wire from Winch W-2 was left on the floor.",0,0.1723,Line of Fire,"[{""value"": ""Mechanical Lifting"", ""evidence"": ""Lifting"", ""confidence"": ""HIGH"", ""match_method"": ""regex""}]","[{""value"": ""Crane"", ""evidence"": ""Winch W-2"", ""confidence"": ""HIGH"", ""match_method"": ""regex""}]",[],[],[],[],"[{""rule"": ""Line of Fire"", ""score"": 0.9159572247860668}]"
REP-83F3EBA0,2020-09-27,Facility Bravo,Pipe Rack 2,Unsafe Condition,Paint on Forklift F-3 used for Rigging is peeling off.,0,0.0193,Safe Mechanical Lifting,"[{""value"": ""Mechanical Lifting"", ""evidence"": ""Rigging"", ""confidence"": ""MEDIUM"", ""match_method"": ""regex""}, {""value"": ""Painting"", ""evidence"": ""Paint"", ""confidence"": ""HIGH"", ""match_method"": ""regex""}]","[{""value"": ""Forklift"", ""evidence"": ""Forklift"", ""confidence"": ""HIGH"", ""match_method"": ""regex""}, {""value"": ""Rigging"", ""evidence"": ""Rigging"", ""confidence"": ""HIGH"", ""match_method"": ""regex""}]",[],[],[],[],"[{""rule"": ""Safe Mechanical Lifting"", ""score"": 0.9530187119567163}]"
REP-BBC6B086,2022-09-22,Station Foxtrot,Pipe Rack 2,Near Miss,"During Pressure Testing, a piece of non-tensioned wire from Hydraulic Torque Wrench was left on the floor.",0,0.2973,Line of Fire,"[{""value"": ""Pressure Testing"", ""evidence"": ""Pressure Testing"", ""confidence"": ""HIGH"", ""match_method"": ""regex""}, {""value"": ""Torquing"", ""evidence"": ""Torque"", ""confidence"": ""MEDIUM"", ""match_method"": ""regex""}]","[{""value"": ""Torque Wrench"", ""evidence"": ""Torque Wrench"", ""confidence"": ""HIGH"", ""match_method"": ""regex""}]",[],[],[],[],"[{""rule"": ""Line of Fire"", ""score"": 0.9686053782960002}]"
REP-20926CAA,2020-02-19,Terminal Echo,Drilling Floor,Near Miss,Operator logged Process Operation for Pressure Safety Valve PSV-90 in the wrong logbook.,0,0.1587,Bypassing Safety Controls,"[{""value"": ""Operations"", ""evidence"": ""Process Operation"", ""confidence"": ""HIGH"", ""match_method"": ""regex""}]","[{""value"": ""Valve"", ""evidence"": ""Valve PSV-90"", ""confidence"": ""HIGH"", ""match_method"": ""regex""}]",[],[],[],[],"[{""rule"": ""Bypassing Safety Controls"", ""score"": 0.966466038718053}]"
REP-DFBCDB76,2023-01-03,Refinery Delta,Boiler Area,Unsafe Condition,"A contractor began Torch Cutting using Pipe Spool P-10. A safety walk discovered Fire watcher absent, immediately stopping work due to Toxic fumes risk.",1,0.8172,Hot Work,"[{""value"": ""Hot Work"", ""evidence"": ""Torch Cutting"", ""confidence"": ""HIGH"", ""match_method"": ""regex""}, {""value"": ""Chemical Handling"", ""evidence"": ""Toxic"", ""confidence"": ""MEDIUM"", ""match_method"": ""regex""}, {""value"": ""Contractor Work"", ""evidence"": ""contractor"", ""confidence"": ""HIGH"", ""match_method"": ""regex""}]","[{""value"": ""Pipeline"", ""evidence"": ""Spool P-10"", ""confidence"": ""HIGH"", ""match_method"": ""regex""}, {""value"": ""Torch"", ""evidence"": ""Torch"", ""confidence"": ""HIGH"", ""match_method"": ""regex""}]","[{""value"": ""Fire/Explosion"", ""evidence"": ""Fire"", ""confidence"": ""MEDIUM"", ""match_method"": ""regex""}, {""value"": ""Toxic Gas"", ""evidence"": ""Toxic fumes"", ""confidence"": ""HIGH"", ""match_method"": ""regex""}]","[{""value"": ""COMMUNICATION_FAILURE"", ""evidence"": ""Fire watcher absent"", ""confidence"": ""HIGH"", ""match_method"": ""regex""}]","[{""value"": ""Toxic Exposure"", ""evidence"": ""fumes"", ""confidence"": ""HIGH"", ""match_method"": ""regex""}, {""value"": ""Fire Injury"", ""evidence"": ""Fire"", ""confidence"": ""MEDIUM"", ""match_method"": ""synonym""}, {""value"": ""Explosion Injury"", ""evidence"": ""Fire"", ""confidence"": ""MEDIUM"", ""match_method"": ""synonym""}, {""value"": ""Major Process Safety Event"", ""evidence"": ""Fire"", ""confidence"": ""MEDIUM"", ""match_method"": ""synonym""}]","[""communication-failure""]","[{""rule"": ""Hot Work"", ""score"": 0.8855323635827679}]"
REP-0E3F18D6,2020-06-27,Platform Charlie,Storage Tank A,Near Miss,"During Grinding, a piece of non-tensioned wire from Excavator was left on the floor.",0,0.1321,Line of Fire,"[{""value"": ""Hot Work"", ""evidence"": ""Grinding"", ""confidence"": ""MEDIUM"", ""match_method"": ""regex""}]","[{""value"": ""Excavator"", ""evidence"": ""Excavator"", ""confidence"": ""HIGH"", ""match_method"": ""regex""}]",[],[],[],[],"[{""rule"": ""Line of Fire"", ""score"": 0.9519252719624484}]"
REP-1D7D6145,2023-06-01,Refinery Delta,Pump Room,Unsafe Condition,"During Pressure Testing, Drill Pipe failed unexpectedly. Because Standing in pinch point, the worker was exposed to Struck by moving object. Fortunately, the worker jumped back in time.",1,0.9543,Line of Fire,"[{""value"": ""Drilling"", ""evidence"": ""Drill"", ""confidence"": ""HIGH"", ""match_method"": ""regex""}, {""value"": ""Pressure Testing"", ""evidence"": ""Pressure Testing"", ""confidence"": ""HIGH"", ""match_method"": ""regex""}]","[{""value"": ""Drill Pipe"", ""evidence"": ""Drill Pipe"", ""confidence"": ""HIGH"", ""match_method"": ""regex""}]","[{""value"": ""Line-of-Fire Exposure"", ""evidence"": ""pinch point"", ""confidence"": ""HIGH"", ""match_method"": ""regex""}]","[{""value"": ""LINE_OF_FIRE_CONTROL_FAILURE"", ""evidence"": ""Standing in pinch point"", ""confidence"": ""HIGH"", ""match_method"": ""regex""}]","[{""value"": ""Struck-By Injury"", ""evidence"": ""Struck by"", ""confidence"": ""HIGH"", ""match_method"": ""regex""}]","[""line-of-fire""]","[{""rule"": ""Line of Fire"", ""score"": 0.9575941787779221}]"
REP-DE833CD1,2020-09-28,Platform Charlie,Pump Room,Incident,"The tag for Pump P-204 was faded during Inspection. No Electrical shock was present, but tag needs replacement.",0,0.1546,Energy Isolation,"[{""value"": ""Maintenance"", ""evidence"": ""Inspection"", ""confidence"": ""HIGH"", ""match_method"": ""regex""}]","[{""value"": ""Pump"", ""evidence"": ""Pump P-204"", ""confidence"": ""HIGH"", ""match_method"": ""regex""}]",[],[],"[{""value"": ""Electrical Injury"", ""evidence"": ""shock"", ""confidence"": ""HIGH"", ""match_method"": ""regex""}]",[],"[{""rule"": ""Energy Isolation"", ""score"": 0.9595387995949016}]"
REP-268BC2A4,2020-05-13,Station Foxtrot,Pipe Rack 2,Unsafe Act,Operator logged System Maintenance for DCS System in the wrong logbook.,0,0.024,Bypassing Safety Controls,"[{""value"": ""Maintenance"", ""evidence"": ""Maintenance"", ""confidence"": ""HIGH"", ""match_method"": ""regex""}]","[{""value"": ""System Maintenance"", ""evidence"": ""System Maintenance"", ""confidence"": ""HIGH"", ""match_method"": ""regex""}, {""value"": ""System In"", ""evidence"": ""System in"", ""confidence"": ""HIGH"", ""match_method"": ""regex""}, {""value"": ""Logged System"", ""evidence"": ""logged System"", ""confidence"": ""HIGH"", ""match_method"": ""regex""}, {""value"": ""Electrical Panel"", ""evidence"": ""DCS System"", ""confidence"": ""HIGH"", ""match_method"": ""regex""}]",[],[],[],[],"[{""rule"": ""Bypassing Safety Controls"", ""score"": 0.9652244527089083}, {""rule"": ""Work Authorization"", ""score"": 0.4197562102937099}]"
REP-37B40B2D,2022-02-26,Station Foxtrot,Boiler Area,Unsafe Act,Tools used for Tank Cleaning in Storage Tank A were left outside the entrance untidily.,0,0.0493,Confined Space,"[{""value"": ""Confined Space Entry"", ""evidence"": ""Tank Cleaning"", ""confidence"": ""HIGH"", ""match_method"": ""regex""}, {""value"": ""Cleaning"", ""evidence"": ""Cleaning"", ""confidence"": ""HIGH"", ""match_method"": ""regex""}]","[{""value"": ""Tank"", ""evidence"": ""Tank Cleaning"", ""confidence"": ""HIGH"", ""match_method"": ""regex""}]",[],[],[],[],"[{""rule"": ""Confined Space"", ""score"": 0.9465000580308065}]"
REP-FF073861,2020-09-06,Platform Charlie,Storage Tank A,Incident,"Scaffolding tubes for Scaffold Tower B were stored untidily, causing a minor trip hazard during Rigging.",0,0.1839,Work at Height,"[{""value"": ""Mechanical Lifting"", ""evidence"": ""Rigging"", ""confidence"": ""MEDIUM"", ""match_method"": ""regex""}, {""value"": ""Working at Height"", ""evidence"": ""Scaffolding"", ""confidence"": ""HIGH"", ""match_method"": ""regex""}]","[{""value"": ""Scaffold"", ""evidence"": ""Scaffold"", ""confidence"": ""HIGH"", ""match_method"": ""regex""}, {""value"": ""Rigging"", ""evidence"": ""Rigging"", ""confidence"": ""HIGH"", ""match_method"": ""regex""}]",[],[],[],[],"[{""rule"": ""Work at Height"", ""score"": 0.96744093830893}]"
REP-0EAEA4F4,2023-08-26,Site Alpha,Pipe Rack 2,Unsafe Condition,"Scaffolding tubes for Crane C-1 were stored untidily, causing a minor trip hazard during Structural Inspection.",0,0.0837,Work at Height,"[{""value"": ""Maintenance"", ""evidence"": ""Inspection"", ""confidence"": ""HIGH"", ""match_method"": ""regex""}, {""value"": ""Mechanical Lifting"", ""evidence"": ""Crane"", ""confidence"": ""MEDIUM"", ""match_method"": ""regex""}, {""value"": ""Working at Height"", ""evidence"": ""Scaffolding"", ""confidence"": ""HIGH"", ""match_method"": ""regex""}]","[{""value"": ""Crane"", ""evidence"": ""Crane C-1"", ""confidence"": ""HIGH"", ""match_method"": ""regex""}]",[],[],[],[],"[{""rule"": ""Work at Height"", ""score"": 0.966612555272115}, {""rule"": ""Safe Mechanical Lifting"", ""score"": 0.356489764339713}]"
REP-91ED1E4E,2020-08-31,Platform Charlie,Pump Room,Unsafe Act,Worker observed performing Roof Repair on Scaffold Tower B at 15 meters. It was noted that Harness not clipped. A Fall from height could have resulted in a fatality.,1,0.7489,Work at Height,"[{""value"": ""Maintenance"", ""evidence"": ""Repair"", ""confidence"": ""HIGH"", ""match_method"": ""regex""}, {""value"": ""Working at Height"", ""evidence"": ""Scaffold"", ""confidence"": ""HIGH"", ""match_method"": ""regex""}]","[{""value"": ""Scaffold"", ""evidence"": ""Scaffold"", ""confidence"": ""HIGH"", ""match_method"": ""regex""}]","[{""value"": ""Fall from Height"", ""evidence"": ""Fall from height"", ""confidence"": ""HIGH"", ""match_method"": ""regex""}]","[{""value"": ""FALL_PROTECTION_FAILURE"", ""evidence"": ""Harness not clipped"", ""confidence"": ""HIGH"", ""match_method"": ""regex""}]","[{""value"": ""Fall Injury"", ""evidence"": ""Fall"", ""confidence"": ""HIGH"", ""match_method"": ""regex""}, {""value"": ""Fatal Exposure"", ""evidence"": ""fatality"", ""confidence"": ""HIGH"", ""match_method"": ""regex""}, {""value"": ""Fatal Fall"", ""evidence"": ""Fall from height"", ""confidence"": ""MEDIUM"", ""match_method"": ""synonym""}]","[""fall-protection""]","[{""rule"": ""Work at Height"", ""score"": 0.9852809224080582}]"
REP-24E70F1F,2021-11-24,Terminal Echo,Control Room,Unsafe Act,"While Transporting Personnel with Vacuum Truck, the driver was observed Brakes defective. This led to a near miss involving Pedestrian impact.",1,0.9734,Driving,"[{""value"": ""Vehicle Movement"", ""evidence"": ""Transporting Personnel"", ""confidence"": ""HIGH"", ""match_method"": ""regex""}]","[{""value"": ""Vehicle"", ""evidence"": ""Vacuum Truck"", ""confidence"": ""HIGH"", ""match_method"": ""regex""}]","[{""value"": ""Vehicle Interaction"", ""evidence"": ""Pedestrian impact"", ""confidence"": ""HIGH"", ""match_method"": ""regex""}]","[{""value"": ""TRAFFIC_CONTROL_FAILURE"", ""evidence"": ""Brakes defective"", ""confidence"": ""HIGH"", ""match_method"": ""regex""}]","[{""value"": ""Vehicle / Pedestrian Injury"", ""evidence"": ""Pedestrian impact"", ""confidence"": ""HIGH"", ""match_method"": ""regex""}]","[""vehicle-interaction""]","[{""rule"": ""Driving"", ""score"": 0.968655194171941}, {""rule"": ""Line of Fire"", ""score"": 0.5480392500585779}]"
REP-9A511CCA,2023-11-23,Site Alpha,Drilling Floor,Unsafe Act,"The tag for Pump P-204 was faded during Maintenance. No H2S exposure was present, but tag needs replacement.",0,0.0824,Energy Isolation,"[{""value"": ""Maintenance"", ""evidence"": ""Maintenance"", ""confidence"": ""HIGH"", ""match_method"": ""regex""}]","[{""value"": ""Pump"", ""evidence"": ""Pump P-204"", ""confidence"": ""HIGH"", ""match_method"": ""regex""}]",[],[],[],[],"[{""rule"": ""Energy Isolation"", ""score"": 0.9528184210949001}]"
REP-AE1A00E1,2020-12-14,Terminal Echo,Drilling Floor,Incident,Operator logged Alarm Testing for Pressure Safety Valve PSV-90 in the wrong logbook.,0,0.2392,Bypassing Safety Controls,"[{""value"": ""Operations"", ""evidence"": ""Alarm Testing"", ""confidence"": ""HIGH"", ""match_method"": ""regex""}]","[{""value"": ""Valve"", ""evidence"": ""Valve PSV-90"", ""confidence"": ""HIGH"", ""match_method"": ""regex""}]",[],[],[],[],"[{""rule"": ""Bypassing Safety Controls"", ""score"": 0.9672736617741352}]"
REP-23984075,2020-07-28,Terminal Echo,Boiler Area,Unsafe Condition,Welder doing Welding with Oxy-Acetylene Torch had untucked coveralls.,0,0.0366,Hot Work,"[{""value"": ""Hot Work"", ""evidence"": ""Welder"", ""confidence"": ""HIGH"", ""match_method"": ""regex""}]","[{""value"": ""Torch"", ""evidence"": ""Torch"", ""confidence"": ""HIGH"", ""match_method"": ""regex""}]",[],[],[],[],"[{""rule"": ""Hot Work"", ""score"": 0.9713164742140258}]"
REP-66313BBE,2022-08-04,Site Alpha,Deck 3,Unsafe Condition,"During Welding with Welding Machine W-1, Gas test expired allowed slag to ignite a small fire. Fire potential was extremely high.",1,0.9142,Hot Work,"[{""value"": ""Hot Work"", ""evidence"": ""Welding"", ""confidence"": ""HIGH"", ""match_method"": ""regex""}]","[{""value"": ""Welding Machine"", ""evidence"": ""Welding Machine"", ""confidence"": ""HIGH"", ""match_method"": ""regex""}]","[{""value"": ""Fire/Explosion"", ""evidence"": ""fire"", ""confidence"": ""MEDIUM"", ""match_method"": ""regex""}]","[{""value"": ""GAS_TEST_FAILURE"", ""evidence"": ""Gas test expired"", ""confidence"": ""HIGH"", ""match_method"": ""regex""}]","[{""value"": ""Fire Injury"", ""evidence"": ""fire"", ""confidence"": ""MEDIUM"", ""match_method"": ""synonym""}, {""value"": ""Explosion Injury"", ""evidence"": ""fire"", ""confidence"": ""MEDIUM"", ""match_method"": ""synonym""}, {""value"": ""Major Process Safety Event"", ""evidence"": ""fire"", ""confidence"": ""MEDIUM"", ""match_method"": ""synonym""}]","[""gas-test-failure""]","[{""rule"": ""Hot Work"", ""score"": 0.9549080125888262}]"
REP-A8EE27AD,2020-04-05,Refinery Delta,Control Room,Unsafe Condition,Radio in Light Vehicle was left on high volume after Heavy Haulage.,0,0.0725,Driving,"[{""value"": ""Vehicle Movement"", ""evidence"": ""Heavy Haulage"", ""confidence"": ""HIGH"", ""match_method"": ""regex""}]","[{""value"": ""Vehicle"", ""evidence"": ""Light Vehicle"", ""confidence"": ""HIGH"", ""match_method"": ""regex""}]",[],[],[],[],"[{""rule"": ""Driving"", ""score"": 0.976121307905242}, {""rule"": ""Confined Space"", ""score"": 0.3673639389061888}]"
REP-5D7EEFC0,2022-06-04,Refinery Delta,Loading Bay,Near Miss,"Scaffolding tubes for Cherry Picker were stored untidily, causing a minor trip hazard during Rigging.",0,0.1581,Work at Height,"[{""value"": ""Mechanical Lifting"", ""evidence"": ""Rigging"", ""confidence"": ""MEDIUM"", ""match_method"": ""regex""}, {""value"": ""Working at Height"", ""evidence"": ""Scaffolding"", ""confidence"": ""HIGH"", ""match_method"": ""regex""}]","[{""value"": ""Rigging"", ""evidence"": ""Rigging"", ""confidence"": ""HIGH"", ""match_method"": ""regex""}, {""value"": ""Cherry Picker"", ""evidence"": ""Cherry Picker"", ""confidence"": ""HIGH"", ""match_method"": ""regex""}]",[],[],[],[],"[{""rule"": ""Work at Height"", ""score"": 0.9748130030739495}]"
REP-863B3D8F,2022-03-12,Refinery Delta,Pump Room,Incident,"While conducting Torquing with Winch W-2, an IP stepped into the danger zone. Standing in pinch point resulted in the worker being in the Line of Fire for Caught between objects.",1,0.9685,Line of Fire,"[{""value"": ""Torquing"", ""evidence"": ""Torquing"", ""confidence"": ""MEDIUM"", ""match_method"": ""regex""}]","[{""value"": ""Crane"", ""evidence"": ""Winch W-2"", ""confidence"": ""HIGH"", ""match_method"": ""regex""}]","[{""value"": ""Line-of-Fire Exposure"", ""evidence"": ""Line of Fire"", ""confidence"": ""HIGH"", ""match_method"": ""regex""}]","[{""value"": ""LINE_OF_FIRE_CONTROL_FAILURE"", ""evidence"": ""Standing in pinch point"", ""confidence"": ""HIGH"", ""match_method"": ""regex""}]",[],"[""line-of-fire""]","[{""rule"": ""Line of Fire"", ""score"": 0.8809873906511774}, {""rule"": ""Hot Work"", ""score"": 0.5650628307393941}]"
REP-D9B34195,2022-08-19,Site Alpha,Loading Bay,Unsafe Act,"Worker doing Tank Cleaning in Underground Sump complained about poor lighting, though gas levels were normal.",0,0.0601,Confined Space,"[{""value"": ""Confined Space Entry"", ""evidence"": ""Tank Cleaning"", ""confidence"": ""HIGH"", ""match_method"": ""regex""}, {""value"": ""Cleaning"", ""evidence"": ""Cleaning"", ""confidence"": ""HIGH"", ""match_method"": ""regex""}]","[{""value"": ""Tank"", ""evidence"": ""Tank Cleaning"", ""confidence"": ""HIGH"", ""match_method"": ""regex""}, {""value"": ""Vessel"", ""evidence"": ""Sump"", ""confidence"": ""HIGH"", ""match_method"": ""regex""}]",[],[],[],[],"[{""rule"": ""Confined Space"", ""score"": 0.9750418415297645}]"
REP-D0D54819,2020-06-02,Terminal Echo,Loading Bay,Near Miss,"Noticed Pump P-204 had a minor weep during Repair. LOTO was applied correctly, but cleanup was delayed.",0,0.0601,Energy Isolation,"[{""value"": ""Maintenance"", ""evidence"": ""Repair"", ""confidence"": ""HIGH"", ""match_method"": ""regex""}]","[{""value"": ""Pump"", ""evidence"": ""Pump P-204"", ""confidence"": ""HIGH"", ""match_method"": ""regex""}]",[],[],[],[],"[{""rule"": ""Energy Isolation"", ""score"": 0.7913279604736045}]"
REP-77F2C805,2020-05-04,Site Alpha,Storage Tank A,Near Miss,Critical General Maintenance on Utility Area proceeded despite Wrong permit type. This breakdown in authorization risked Unidentified hazards.,1,0.9353,Work Authorization,"[{""value"": ""Maintenance"", ""evidence"": ""Maintenance"", ""confidence"": ""HIGH"", ""match_method"": ""regex""}]","[{""value"": ""Facility"", ""evidence"": ""Utility Area"", ""confidence"": ""HIGH"", ""match_method"": ""regex""}]","[{""value"": ""Unidentified Hazards"", ""evidence"": ""Unidentified hazards"", ""confidence"": ""HIGH"", ""match_method"": ""regex""}]","[{""value"": ""WORK_AUTHORIZATION_FAILURE"", ""evidence"": ""Wrong permit type"", ""confidence"": ""HIGH"", ""match_method"": ""regex""}]",[],"[""expired-permit""]","[{""rule"": ""Work Authorization"", ""score"": 0.9082586676925709}, {""rule"": ""Confined Space"", ""score"": 0.4033678563608207}]"
REP-95B292D8,2021-09-27,Station Foxtrot,Drilling Floor,Unsafe Condition,"While inspecting Compressor C-10, H2S exposure was narrowly avoided because Padlock missing.",1,0.9105,Energy Isolation,"[{""value"": ""Maintenance"", ""evidence"": ""inspecting"", ""confidence"": ""HIGH"", ""match_method"": ""regex""}]","[{""value"": ""Compressor"", ""evidence"": ""Compressor C-10"", ""confidence"": ""HIGH"", ""match_method"": ""regex""}]","[{""value"": ""H2S Exposure"", ""evidence"": ""H2S"", ""confidence"": ""MEDIUM"", ""match_method"": ""regex""}]","[{""value"": ""ENERGY_ISOLATION_FAILURE"", ""evidence"": ""Padlock missing"", ""confidence"": ""HIGH"", ""match_method"": ""regex""}]","[{""value"": ""Toxic Exposure"", ""evidence"": ""H2S"", ""confidence"": ""MEDIUM"", ""match_method"": ""synonym""}, {""value"": ""Loss of Consciousness"", ""evidence"": ""H2S"", ""confidence"": ""MEDIUM"", ""match_method"": ""synonym""}, {""value"": ""Fatal Exposure"", ""evidence"": ""H2S"", ""confidence"": ""MEDIUM"", ""match_method"": ""synonym""}]","[""missing-loto""]","[{""rule"": ""Energy Isolation"", ""score"": 0.9015858140309735}]"
REP-3CEE7166,2023-05-18,Refinery Delta,Deck 3,Incident,Permit for Contractor Work at Workshop had a minor spelling mistake in the supervisor's name.,0,0.0604,Work Authorization,"[{""value"": ""Contractor Work"", ""evidence"": ""Contractor Work"", ""confidence"": ""HIGH"", ""match_method"": ""regex""}]","[{""value"": ""Facility"", ""evidence"": ""Workshop"", ""confidence"": ""HIGH"", ""match_method"": ""regex""}]",[],[],[],[],"[{""rule"": ""Work Authorization"", ""score"": 0.9701382667623936}]"
REP-C3019B85,2020-02-03,Terminal Echo,Main Workshop,Incident,"While conducting Torquing with Drill Pipe, an IP stepped into the danger zone. Exclusion zone breached resulted in the worker being in the Line of Fire for Caught between objects.",1,0.9554,Line of Fire,"[{""value"": ""Drilling"", ""evidence"": ""Drill"", ""confidence"": ""HIGH"", ""match_method"": ""regex""}, {""value"": ""Torquing"", ""evidence"": ""Torquing"", ""confidence"": ""MEDIUM"", ""match_method"": ""regex""}]","[{""value"": ""Drill Pipe"", ""evidence"": ""Drill Pipe"", ""confidence"": ""HIGH"", ""match_method"": ""regex""}]","[{""value"": ""Line-of-Fire Exposure"", ""evidence"": ""Line of Fire"", ""confidence"": ""HIGH"", ""match_method"": ""regex""}]","[{""value"": ""LINE_OF_FIRE_CONTROL_FAILURE"", ""evidence"": ""Exclusion zone breached"", ""confidence"": ""HIGH"", ""match_method"": ""regex""}]",[],"[""line-of-fire""]","[{""rule"": ""Line of Fire"", ""score"": 0.8197637653552521}, {""rule"": ""Hot Work"", ""score"": 0.3776795632629436}]"
REP-C1176C4A,2021-01-26,Terminal Echo,Storage Tank A,Unsafe Act,Welder doing Torch Cutting with Welding Machine W-1 had untucked coveralls.,0,0.0346,Hot Work,"[{""value"": ""Hot Work"", ""evidence"": ""Welder"", ""confidence"": ""HIGH"", ""match_method"": ""regex""}]","[{""value"": ""Welding Machine"", ""evidence"": ""Welding Machine"", ""confidence"": ""HIGH"", ""match_method"": ""regex""}, {""value"": ""Torch"", ""evidence"": ""Torch"", ""confidence"": ""HIGH"", ""match_method"": ""regex""}]",[],[],[],[],"[{""rule"": ""Hot Work"", ""score"": 0.9679876682131247}]"
REP-D6A5CB51,2023-02-16,Terminal Echo,Loading Bay,Incident,Operator logged System Maintenance for DCS System in the wrong logbook.,0,0.024,Bypassing Safety Controls,"[{""value"": ""Maintenance"", ""evidence"": ""Maintenance"", ""confidence"": ""HIGH"", ""match_method"": ""regex""}]","[{""value"": ""System Maintenance"", ""evidence"": ""System Maintenance"", ""confidence"": ""HIGH"", ""match_method"": ""regex""}, {""value"": ""System In"", ""evidence"": ""System in"", ""confidence"": ""HIGH"", ""match_method"": ""regex""}, {""value"": ""Logged System"", ""evidence"": ""logged System"", ""confidence"": ""HIGH"", ""match_method"": ""regex""}, {""value"": ""Electrical Panel"", ""evidence"": ""DCS System"", ""confidence"": ""HIGH"", ""match_method"": ""regex""}]",[],[],[],[],"[{""rule"": ""Bypassing Safety Controls"", ""score"": 0.9652244527089083}, {""rule"": ""Work Authorization"", ""score"": 0.4197562102937099}]"
REP-2C6239AE,2023-12-08,Terminal Echo,Storage Tank A,Unsafe Act,The Vacuum Truck was slightly dirty during Site Patrol.,0,0.0242,Driving,"[{""value"": ""Vehicle Movement"", ""evidence"": ""Site Patrol"", ""confidence"": ""HIGH"", ""match_method"": ""regex""}]","[{""value"": ""Vehicle"", ""evidence"": ""Truck was"", ""confidence"": ""HIGH"", ""match_method"": ""regex""}]",[],[],[],[],"[{""rule"": ""Driving"", ""score"": 0.9637725720058974}]"
REP-0DDD3EC0,2021-10-09,Site Alpha,Pump Room,Incident,Radio in Crew Bus was left on high volume after Site Patrol.,0,0.0615,Driving,"[{""value"": ""Vehicle Movement"", ""evidence"": ""Site Patrol"", ""confidence"": ""HIGH"", ""match_method"": ""regex""}]","[{""value"": ""Vehicle"", ""evidence"": ""Crew Bus"", ""confidence"": ""HIGH"", ""match_method"": ""regex""}]",[],[],[],[],"[{""rule"": ""Driving"", ""score"": 0.9753128383976387}]"
REP-F9F6A8D4,2022-09-18,Terminal Echo,Deck 3,Unsafe Condition,Worker doing Non-routine Task at Workshop did not sign the permit exactly on the line.,0,0.1274,Work Authorization,"[{""value"": ""Operations"", ""evidence"": ""Non-routine Task"", ""confidence"": ""HIGH"", ""match_method"": ""regex""}]","[{""value"": ""Facility"", ""evidence"": ""Workshop"", ""confidence"": ""HIGH"", ""match_method"": ""regex""}]",[],[],[],[],"[{""rule"": ""Work Authorization"", ""score"": 0.9893296812558172}, {""rule"": ""Line of Fire"", ""score"": 0.37473891714846747}]"
REP-C3009FF4,2020-11-26,Site Alpha,Main Workshop,Near Miss,Permit for General Maintenance at Process Module 4 had a minor spelling mistake in the supervisor's name.,0,0.0829,Work Authorization,"[{""value"": ""Maintenance"", ""evidence"": ""Maintenance"", ""confidence"": ""HIGH"", ""match_method"": ""regex""}]","[{""value"": ""Facility"", ""evidence"": ""Process Module"", ""confidence"": ""HIGH"", ""match_method"": ""regex""}]",[],[],[],[],"[{""rule"": ""Work Authorization"", ""score"": 0.9736767165821753}]"
REP-64C1A45F,2023-07-26,Terminal Echo,Storage Tank A,Near Miss,Worker doing Non-routine Task at Utility Area did not sign the permit exactly on the line.,0,0.1094,Work Authorization,"[{""value"": ""Operations"", ""evidence"": ""Non-routine Task"", ""confidence"": ""HIGH"", ""match_method"": ""regex""}]","[{""value"": ""Facility"", ""evidence"": ""Utility Area"", ""confidence"": ""HIGH"", ""match_method"": ""regex""}]",[],[],[],[],"[{""rule"": ""Work Authorization"", ""score"": 0.9879468319841963}]"
REP-21FF87B8,2020-08-31,Refinery Delta,Control Room,Unsafe Act,Fire extinguisher near Pipe Spool P-10 for Grinding was due for monthly inspection next week.,0,0.0956,Hot Work,"[{""value"": ""Maintenance"", ""evidence"": ""inspection"", ""confidence"": ""HIGH"", ""match_method"": ""regex""}, {""value"": ""Hot Work"", ""evidence"": ""Grinding"", ""confidence"": ""MEDIUM"", ""match_method"": ""regex""}]","[{""value"": ""Pipeline"", ""evidence"": ""Spool P-10"", ""confidence"": ""HIGH"", ""match_method"": ""regex""}]",[],[],[],[],"[{""rule"": ""Hot Work"", ""score"": 0.9630908208280432}]"
REP-8E120DA3,2020-03-30,Facility Bravo,Drilling Floor,Unsafe Condition,"During Lifting, a piece of non-tensioned wire from Winch W-2 was left on the floor.",0,0.1723,Line of Fire,"[{""value"": ""Mechanical Lifting"", ""evidence"": ""Lifting"", ""confidence"": ""HIGH"", ""match_method"": ""regex""}]","[{""value"": ""Crane"", ""evidence"": ""Winch W-2"", ""confidence"": ""HIGH"", ""match_method"": ""regex""}]",[],[],[],[],"[{""rule"": ""Line of Fire"", ""score"": 0.9159572247860668}]"
REP-30C5CA1F,2022-07-27,Facility Bravo,Pipe Rack 2,Incident,"While inspecting Electrical Panel EP-5, H2S exposure was narrowly avoided because LOTO not applied.",1,0.4767,Energy Isolation,"[{""value"": ""Maintenance"", ""evidence"": ""inspecting"", ""confidence"": ""HIGH"", ""match_method"": ""regex""}]","[{""value"": ""Electrical Panel"", ""evidence"": ""Panel EP-5"", ""confidence"": ""HIGH"", ""match_method"": ""regex""}]","[{""value"": ""H2S Exposure"", ""evidence"": ""H2S"", ""confidence"": ""MEDIUM"", ""match_method"": ""regex""}, {""value"": ""Electrical Energy"", ""evidence"": ""Electrical"", ""confidence"": ""HIGH"", ""match_method"": ""regex""}]","[{""value"": ""ENERGY_ISOLATION_FAILURE"", ""evidence"": ""LOTO not applied"", ""confidence"": ""HIGH"", ""match_method"": ""regex""}]","[{""value"": ""Toxic Exposure"", ""evidence"": ""H2S"", ""confidence"": ""MEDIUM"", ""match_method"": ""synonym""}, {""value"": ""Loss of Consciousness"", ""evidence"": ""H2S"", ""confidence"": ""MEDIUM"", ""match_method"": ""synonym""}, {""value"": ""Fatal Exposure"", ""evidence"": ""H2S"", ""confidence"": ""MEDIUM"", ""match_method"": ""synonym""}, {""value"": ""Electrical Injury"", ""evidence"": ""Electrical"", ""confidence"": ""MEDIUM"", ""match_method"": ""synonym""}]","[""missing-loto""]","[{""rule"": ""Energy Isolation"", ""score"": 0.7300011304868674}]"
REP-EE7C1C09,2020-10-14,Facility Bravo,Drilling Floor,Incident,Indicator bulb on Pressure Safety Valve PSV-90 was burnt out during Alarm Testing.,0,0.2636,Bypassing Safety Controls,"[{""value"": ""Operations"", ""evidence"": ""Alarm Testing"", ""confidence"": ""HIGH"", ""match_method"": ""regex""}]","[{""value"": ""Valve"", ""evidence"": ""Valve PSV-90"", ""confidence"": ""HIGH"", ""match_method"": ""regex""}]",[],[],[],[],"[{""rule"": ""Bypassing Safety Controls"", ""score"": 0.9729770483918954}]"
REP-F061B7A8,2023-01-03,Platform Charlie,Pipe Rack 2,Incident,The entry log for Reactor R-5 during Tank Cleaning was smudged with dirt.,0,0.0137,Confined Space,"[{""value"": ""Confined Space Entry"", ""evidence"": ""Tank Cleaning"", ""confidence"": ""HIGH"", ""match_method"": ""regex""}, {""value"": ""Cleaning"", ""evidence"": ""Cleaning"", ""confidence"": ""HIGH"", ""match_method"": ""regex""}]","[{""value"": ""Reactor R-5"", ""evidence"": ""Reactor R-5"", ""confidence"": ""HIGH"", ""match_method"": ""regex""}, {""value"": ""Tank"", ""evidence"": ""Tank Cleaning"", ""confidence"": ""HIGH"", ""match_method"": ""regex""}, {""value"": ""For Reactor"", ""evidence"": ""for Reactor"", ""confidence"": ""HIGH"", ""match_method"": ""regex""}]",[],[],[],[],"[{""rule"": ""Confined Space"", ""score"": 0.9790456190125826}]"
REP-98F4FBCC,2022-09-15,Site Alpha,Storage Tank A,Near Miss,"During Structural Inspection, worker used the correct harness but the inspection log was not filled in for Cherry Picker.",0,0.153,Work at Height,"[{""value"": ""Maintenance"", ""evidence"": ""Inspection"", ""confidence"": ""HIGH"", ""match_method"": ""regex""}]","[{""value"": ""Cherry Picker"", ""evidence"": ""Cherry Picker"", ""confidence"": ""HIGH"", ""match_method"": ""regex""}]",[],[],[],[],"[{""rule"": ""Work at Height"", ""score"": 0.9671604420222534}]"
REP-266A4E8C,2020-04-18,Refinery Delta,Boiler Area,Unsafe Condition,The welding lead for Welding Machine W-1 was slightly tangled during Soldering.,0,0.112,Hot Work,"[{""value"": ""Hot Work"", ""evidence"": ""welding"", ""confidence"": ""HIGH"", ""match_method"": ""regex""}]","[{""value"": ""Welding Machine"", ""evidence"": ""Welding Machine"", ""confidence"": ""HIGH"", ""match_method"": ""regex""}]",[],[],[],[],"[{""rule"": ""Hot Work"", ""score"": 0.9686513114053115}, {""rule"": ""Energy Isolation"", ""score"": 0.37944871376934053}]"
REP-A2ECD5BF,2022-03-27,Station Foxtrot,Pipe Rack 2,Unsafe Act,"A safety camera caught Light Vehicle engaged in Material Delivery. The footage revealed Speeding, which is a precursor to Pedestrian impact.",1,0.9018,Driving,"[{""value"": ""Vehicle Movement"", ""evidence"": ""Material Delivery"", ""confidence"": ""HIGH"", ""match_method"": ""regex""}]","[{""value"": ""Vehicle"", ""evidence"": ""Light Vehicle"", ""confidence"": ""HIGH"", ""match_method"": ""regex""}]","[{""value"": ""Vehicle Interaction"", ""evidence"": ""Pedestrian impact"", ""confidence"": ""HIGH"", ""match_method"": ""regex""}]","[{""value"": ""TRAFFIC_CONTROL_FAILURE"", ""evidence"": ""Speeding"", ""confidence"": ""HIGH"", ""match_method"": ""regex""}]","[{""value"": ""Vehicle / Pedestrian Injury"", ""evidence"": ""Pedestrian impact"", ""confidence"": ""HIGH"", ""match_method"": ""regex""}]","[""vehicle-interaction""]","[{""rule"": ""Driving"", ""score"": 0.9645858306888766}]"
REP-3BB9BE5D,2023-08-08,Platform Charlie,Boiler Area,Unsafe Condition,"Worker doing Tank Cleaning in Separator V-10 complained about poor lighting, though gas levels were normal.",0,0.065,Confined Space,"[{""value"": ""Confined Space Entry"", ""evidence"": ""Tank Cleaning"", ""confidence"": ""HIGH"", ""match_method"": ""regex""}, {""value"": ""Cleaning"", ""evidence"": ""Cleaning"", ""confidence"": ""HIGH"", ""match_method"": ""regex""}]","[{""value"": ""Tank"", ""evidence"": ""Tank Cleaning"", ""confidence"": ""HIGH"", ""match_method"": ""regex""}, {""value"": ""Separator V-10"", ""evidence"": ""Separator V-10"", ""confidence"": ""HIGH"", ""match_method"": ""regex""}, {""value"": ""In Separator"", ""evidence"": ""in Separator"", ""confidence"": ""HIGH"", ""match_method"": ""regex""}]",[],[],[],[],"[{""rule"": ""Confined Space"", ""score"": 0.9734961161622705}]"
REP-947C051B,2020-06-16,Terminal Echo,Storage Tank A,Near Miss,Welder doing Torch Cutting with Pipe Spool P-10 had untucked coveralls.,0,0.0259,Hot Work,"[{""value"": ""Hot Work"", ""evidence"": ""Welder"", ""confidence"": ""HIGH"", ""match_method"": ""regex""}]","[{""value"": ""Pipeline"", ""evidence"": ""Spool P-10"", ""confidence"": ""HIGH"", ""match_method"": ""regex""}, {""value"": ""Torch"", ""evidence"": ""Torch"", ""confidence"": ""HIGH"", ""match_method"": ""regex""}]",[],[],[],[],"[{""rule"": ""Hot Work"", ""score"": 0.9745706109021701}]"
REP-F4500D5C,2022-12-25,Facility Bravo,Deck 3,Near Miss,Indicator bulb on Pressure Safety Valve PSV-90 was burnt out during Process Operation.,0,0.1862,Bypassing Safety Controls,"[{""value"": ""Operations"", ""evidence"": ""Process Operation"", ""confidence"": ""HIGH"", ""match_method"": ""regex""}]","[{""value"": ""Valve"", ""evidence"": ""Valve PSV-90"", ""confidence"": ""HIGH"", ""match_method"": ""regex""}]",[],[],[],[],"[{""rule"": ""Bypassing Safety Controls"", ""score"": 0.9655447714070932}]"
REP-28C40C2F,2021-12-16,Platform Charlie,Pipe Rack 2,Unsafe Act,Driver doing Heavy Haulage in Crew Bus parked slightly outside the designated lines.,0,0.1096,Driving,"[{""value"": ""Vehicle Movement"", ""evidence"": ""Heavy Haulage"", ""confidence"": ""HIGH"", ""match_method"": ""regex""}]","[{""value"": ""Vehicle"", ""evidence"": ""Crew Bus"", ""confidence"": ""HIGH"", ""match_method"": ""regex""}]",[],[],[],[],"[{""rule"": ""Driving"", ""score"": 0.9821322930201289}]"
REP-25C0DDC4,2023-05-03,Station Foxtrot,Main Workshop,Incident,The entry log for Storage Tank A during Internal Inspection was smudged with dirt.,0,0.0115,Confined Space,"[{""value"": ""Maintenance"", ""evidence"": ""Inspection"", ""confidence"": ""HIGH"", ""match_method"": ""regex""}]","[{""value"": ""Tank"", ""evidence"": ""Tank A"", ""confidence"": ""HIGH"", ""match_method"": ""regex""}]",[],[],[],[],"[{""rule"": ""Confined Space"", ""score"": 0.9727818455663174}]"
REP-788AD151,2022-05-27,Site Alpha,Control Room,Near Miss,Permit for Contractor Work at Process Module 4 had a minor spelling mistake in the supervisor's name.,0,0.0549,Work Authorization,"[{""value"": ""Contractor Work"", ""evidence"": ""Contractor Work"", ""confidence"": ""HIGH"", ""match_method"": ""regex""}]","[{""value"": ""Facility"", ""evidence"": ""Process Module"", ""confidence"": ""HIGH"", ""match_method"": ""regex""}]",[],[],[],[],"[{""rule"": ""Work Authorization"", ""score"": 0.9744406415438173}]"
REP-B2BFC580,2020-02-17,Station Foxtrot,Main Workshop,Incident,"During Torquing, a piece of non-tensioned wire from High Pressure Hose was left on the floor.",0,0.1984,Line of Fire,"[{""value"": ""Torquing"", ""evidence"": ""Torquing"", ""confidence"": ""MEDIUM"", ""match_method"": ""regex""}]","[{""value"": ""Hose"", ""evidence"": ""Pressure Hose"", ""confidence"": ""HIGH"", ""match_method"": ""regex""}]",[],[],[],[],"[{""rule"": ""Line of Fire"", ""score"": 0.9528472331561803}]"
REP-DEDFBCD0,2020-12-17,Terminal Echo,Pipe Rack 2,Near Miss,The Crew Bus was slightly dirty during Material Delivery.,0,0.0226,Driving,"[{""value"": ""Vehicle Movement"", ""evidence"": ""Material Delivery"", ""confidence"": ""HIGH"", ""match_method"": ""regex""}]","[{""value"": ""Vehicle"", ""evidence"": ""Crew Bus"", ""confidence"": ""HIGH"", ""match_method"": ""regex""}]",[],[],[],[],"[{""rule"": ""Driving"", ""score"": 0.9645729008150413}, {""rule"": ""Work Authorization"", ""score"": 0.42838404588376544}]"
REP-6EEFA9C5,2020-08-02,Station Foxtrot,Storage Tank A,Incident,Worker's chin strap on helmet was loose during Painting on Roof Access Ladder.,0,0.08,Work at Height,"[{""value"": ""Working at Height"", ""evidence"": ""Roof"", ""confidence"": ""MEDIUM"", ""match_method"": ""regex""}, {""value"": ""Painting"", ""evidence"": ""Painting"", ""confidence"": ""HIGH"", ""match_method"": ""regex""}]","[{""value"": ""Ladder"", ""evidence"": ""Ladder"", ""confidence"": ""HIGH"", ""match_method"": ""regex""}]",[],[],[],[],"[{""rule"": ""Work at Height"", ""score"": 0.9661784147919787}]"
REP-6D3A8A0B,2021-08-05,Facility Bravo,Deck 3,Incident,"During Scaffolding, a 5kg wrench was dropped from Cherry Picker. Scaffold tag missing meant the area below was not clear. Fall from height was a near miss.",1,0.7239,Work at Height,"[{""value"": ""Working at Height"", ""evidence"": ""Scaffolding"", ""confidence"": ""HIGH"", ""match_method"": ""regex""}]","[{""value"": ""Scaffold"", ""evidence"": ""Scaffold"", ""confidence"": ""HIGH"", ""match_method"": ""regex""}, {""value"": ""Cherry Picker"", ""evidence"": ""Cherry Picker"", ""confidence"": ""HIGH"", ""match_method"": ""regex""}]","[{""value"": ""Fall from Height"", ""evidence"": ""Fall from height"", ""confidence"": ""HIGH"", ""match_method"": ""regex""}]","[{""value"": ""FALL_PROTECTION_FAILURE"", ""evidence"": ""Scaffold tag missing"", ""confidence"": ""HIGH"", ""match_method"": ""regex""}]","[{""value"": ""Fall Injury"", ""evidence"": ""Fall"", ""confidence"": ""HIGH"", ""match_method"": ""regex""}, {""value"": ""Fatal Fall"", ""evidence"": ""Fall from height"", ""confidence"": ""MEDIUM"", ""match_method"": ""synonym""}]","[""fall-protection""]","[{""rule"": ""Work at Height"", ""score"": 0.9467289945397901}]"
REP-7C2AFA9E,2020-08-21,Station Foxtrot,Storage Tank A,Near Miss,Fire extinguisher near Welding Machine W-1 for Torch Cutting was due for monthly inspection next week.,0,0.1248,Hot Work,"[{""value"": ""Maintenance"", ""evidence"": ""inspection"", ""confidence"": ""HIGH"", ""match_method"": ""regex""}, {""value"": ""Hot Work"", ""evidence"": ""Welding"", ""confidence"": ""HIGH"", ""match_method"": ""regex""}]","[{""value"": ""Welding Machine"", ""evidence"": ""Welding Machine"", ""confidence"": ""HIGH"", ""match_method"": ""regex""}, {""value"": ""Torch"", ""evidence"": ""Torch"", ""confidence"": ""HIGH"", ""match_method"": ""regex""}]",[],[],[],[],"[{""rule"": ""Hot Work"", ""score"": 0.9821875975959271}]"
REP-E86A0D0E,2020-06-16,Terminal Echo,Pump Room,Unsafe Condition,Driver doing Transporting Personnel in Vacuum Truck parked slightly outside the designated lines.,0,0.1341,Driving,"[{""value"": ""Vehicle Movement"", ""evidence"": ""Transporting Personnel"", ""confidence"": ""HIGH"", ""match_method"": ""regex""}]","[{""value"": ""Vehicle"", ""evidence"": ""Truck parked"", ""confidence"": ""HIGH"", ""match_method"": ""regex""}]",[],[],[],[],"[{""rule"": ""Driving"", ""score"": 0.981968988952762}]"
REP-DE03EBAB,2022-09-03,Station Foxtrot,Pipe Rack 2,Unsafe Condition,"While preparing for Maintenance on Compressor C-10, found that the lock for LOTO was slightly rusted, making it hard to use.",0,0.0501,Energy Isolation,"[{""value"": ""Maintenance"", ""evidence"": ""Maintenance"", ""confidence"": ""HIGH"", ""match_method"": ""regex""}]","[{""value"": ""Compressor"", ""evidence"": ""Compressor C-10"", ""confidence"": ""HIGH"", ""match_method"": ""regex""}]",[],[],[],[],"[{""rule"": ""Energy Isolation"", ""score"": 0.8545876258039801}]"
REP-3C575B28,2020-03-05,Site Alpha,Boiler Area,Unsafe Act,"Torch Cutting was started on Oxy-Acetylene Torch near a live process area. Gas test expired was observed, posing a massive risk of Toxic fumes.",1,0.7894,Hot Work,"[{""value"": ""Hot Work"", ""evidence"": ""Torch Cutting"", ""confidence"": ""HIGH"", ""match_method"": ""regex""}, {""value"": ""Chemical Handling"", ""evidence"": ""Toxic"", ""confidence"": ""MEDIUM"", ""match_method"": ""regex""}]","[{""value"": ""Torch"", ""evidence"": ""Torch"", ""confidence"": ""HIGH"", ""match_method"": ""regex""}]","[{""value"": ""Toxic Gas"", ""evidence"": ""Toxic fumes"", ""confidence"": ""HIGH"", ""match_method"": ""regex""}]","[{""value"": ""GAS_TEST_FAILURE"", ""evidence"": ""Gas test expired"", ""confidence"": ""HIGH"", ""match_method"": ""regex""}]","[{""value"": ""Toxic Exposure"", ""evidence"": ""fumes"", ""confidence"": ""HIGH"", ""match_method"": ""regex""}]","[""gas-test-failure""]","[{""rule"": ""Hot Work"", ""score"": 0.900980496139021}]"
REP-F078B8A7,2021-07-31,Station Foxtrot,Main Workshop,Unsafe Condition,Critical Non-routine Task on Workshop proceeded despite PTW not issued. This breakdown in authorization risked Simultaneous operations clash.,1,0.9227,Work Authorization,"[{""value"": ""Operations"", ""evidence"": ""Non-routine Task"", ""confidence"": ""HIGH"", ""match_method"": ""regex""}]","[{""value"": ""Facility"", ""evidence"": ""Workshop"", ""confidence"": ""HIGH"", ""match_method"": ""regex""}]","[{""value"": ""Unidentified Hazards"", ""evidence"": ""Simultaneous operations clash"", ""confidence"": ""HIGH"", ""match_method"": ""regex""}]","[{""value"": ""WORK_AUTHORIZATION_FAILURE"", ""evidence"": ""PTW not issued"", ""confidence"": ""HIGH"", ""match_method"": ""regex""}]",[],"[""expired-permit""]","[{""rule"": ""Work Authorization"", ""score"": 0.900936840841433}, {""rule"": ""Line of Fire"", ""score"": 0.42526134825717576}]"
REP-1753A84B,2023-05-28,Terminal Echo,Boiler Area,Near Miss,Indicator bulb on DCS System was burnt out during System Maintenance.,0,0.0599,Bypassing Safety Controls,"[{""value"": ""Maintenance"", ""evidence"": ""Maintenance"", ""confidence"": ""HIGH"", ""match_method"": ""regex""}]","[{""value"": ""System Was"", ""evidence"": ""System was"", ""confidence"": ""HIGH"", ""match_method"": ""regex""}, {""value"": ""System Maintenance"", ""evidence"": ""System Maintenance"", ""confidence"": ""HIGH"", ""match_method"": ""regex""}, {""value"": ""Electrical Panel"", ""evidence"": ""DCS System"", ""confidence"": ""HIGH"", ""match_method"": ""regex""}, {""value"": ""During System"", ""evidence"": ""during System"", ""confidence"": ""HIGH"", ""match_method"": ""regex""}]",[],[],[],[],"[{""rule"": ""Bypassing Safety Controls"", ""score"": 0.9794331217462857}]"
REP-7D36B07D,2023-04-15,Facility Bravo,Loading Bay,Incident,Worker's chin strap on helmet was loose during Rigging on Crane C-1.,0,0.1005,Work at Height,"[{""value"": ""Mechanical Lifting"", ""evidence"": ""Rigging"", ""confidence"": ""MEDIUM"", ""match_method"": ""regex""}]","[{""value"": ""Crane"", ""evidence"": ""Crane C-1"", ""confidence"": ""HIGH"", ""match_method"": ""regex""}, {""value"": ""Rigging"", ""evidence"": ""Rigging"", ""confidence"": ""HIGH"", ""match_method"": ""regex""}]",[],[],[],[],"[{""rule"": ""Work at Height"", ""score"": 0.9408166498450589}]"
REP-0FAEBDF2,2020-09-06,Station Foxtrot,Pipe Rack 2,Unsafe Condition,"Screen on DCS System was dirty, making it hard to read during Alarm Testing.",0,0.1679,Bypassing Safety Controls,"[{""value"": ""Operations"", ""evidence"": ""Alarm Testing"", ""confidence"": ""HIGH"", ""match_method"": ""regex""}]","[{""value"": ""System Was"", ""evidence"": ""System was"", ""confidence"": ""HIGH"", ""match_method"": ""regex""}, {""value"": ""Electrical Panel"", ""evidence"": ""DCS System"", ""confidence"": ""HIGH"", ""match_method"": ""regex""}]",[],[],[],[],"[{""rule"": ""Bypassing Safety Controls"", ""score"": 0.9809288935991392}]"
REP-96C9A8F6,2021-08-22,Refinery Delta,Drilling Floor,Near Miss,The horn on Chain Block sounded a bit quiet during Forklift Operation.,0,0.0425,Safe Mechanical Lifting,"[{""value"": ""Mechanical Lifting"", ""evidence"": ""Forklift Operation"", ""confidence"": ""HIGH"", ""match_method"": ""regex""}]","[{""value"": ""Block Sounded"", ""evidence"": ""Block sounded"", ""confidence"": ""HIGH"", ""match_method"": ""regex""}, {""value"": ""Crane"", ""evidence"": ""Chain Block"", ""confidence"": ""HIGH"", ""match_method"": ""regex""}, {""value"": ""Forklift"", ""evidence"": ""Forklift"", ""confidence"": ""HIGH"", ""match_method"": ""regex""}]",[],[],[],[],"[{""rule"": ""Safe Mechanical Lifting"", ""score"": 0.9667241735789898}, {""rule"": ""Driving"", ""score"": 0.38969286573501327}]"
REP-E6E306BD,2023-10-05,Facility Bravo,Drilling Floor,Incident,Fire extinguisher near Welding Machine W-1 for Soldering was due for monthly inspection next week.,0,0.0897,Hot Work,"[{""value"": ""Maintenance"", ""evidence"": ""inspection"", ""confidence"": ""HIGH"", ""match_method"": ""regex""}, {""value"": ""Hot Work"", ""evidence"": ""Welding"", ""confidence"": ""HIGH"", ""match_method"": ""regex""}]","[{""value"": ""Welding Machine"", ""evidence"": ""Welding Machine"", ""confidence"": ""HIGH"", ""match_method"": ""regex""}]",[],[],[],[],"[{""rule"": ""Hot Work"", ""score"": 0.9829218031771657}]"
REP-7BBE83D6,2022-01-04,Terminal Echo,Boiler Area,Unsafe Act,Welder doing Soldering with Angle Grinder had untucked coveralls.,0,0.0248,Hot Work,"[{""value"": ""Hot Work"", ""evidence"": ""Welder"", ""confidence"": ""HIGH"", ""match_method"": ""regex""}]","[{""value"": ""Grinder"", ""evidence"": ""Angle Grinder"", ""confidence"": ""HIGH"", ""match_method"": ""regex""}]",[],[],[],[],"[{""rule"": ""Hot Work"", ""score"": 0.9735542803864591}]"
REP-50DD8922,2022-05-03,Facility Bravo,Deck 3,Near Miss,"Crew commenced General Maintenance at Process Module 4 but PTW not issued. Unaware of SIMOPS, they were exposed to Simultaneous operations clash.",1,0.6677,Work Authorization,"[{""value"": ""Maintenance"", ""evidence"": ""Maintenance"", ""confidence"": ""HIGH"", ""match_method"": ""regex""}]","[{""value"": ""Facility"", ""evidence"": ""Process Module"", ""confidence"": ""HIGH"", ""match_method"": ""regex""}]","[{""value"": ""Unidentified Hazards"", ""evidence"": ""Simultaneous operations clash"", ""confidence"": ""HIGH"", ""match_method"": ""regex""}]","[{""value"": ""WORK_AUTHORIZATION_FAILURE"", ""evidence"": ""PTW not issued"", ""confidence"": ""HIGH"", ""match_method"": ""regex""}]",[],"[""expired-permit""]","[{""rule"": ""Work Authorization"", ""score"": 0.7662018178742556}]"
REP-816CD071,2021-07-21,Site Alpha,Pump Room,Incident,"Operator was performing Maintenance on Valve V-99. It was discovered that Padlock missing, leaving the system vulnerable to Electrical shock. Work was stopped immediately.",1,0.9622,Energy Isolation,"[{""value"": ""Maintenance"", ""evidence"": ""Maintenance"", ""confidence"": ""HIGH"", ""match_method"": ""regex""}]","[{""value"": ""Valve"", ""evidence"": ""Valve V-99"", ""confidence"": ""HIGH"", ""match_method"": ""regex""}, {""value"": ""System Vulnerable"", ""evidence"": ""system vulnerable"", ""confidence"": ""HIGH"", ""match_method"": ""regex""}, {""value"": ""The System"", ""evidence"": ""the system"", ""confidence"": ""HIGH"", ""match_method"": ""regex""}]","[{""value"": ""Electrical Energy"", ""evidence"": ""Electrical"", ""confidence"": ""HIGH"", ""match_method"": ""regex""}]","[{""value"": ""ENERGY_ISOLATION_FAILURE"", ""evidence"": ""Padlock missing"", ""confidence"": ""HIGH"", ""match_method"": ""regex""}]","[{""value"": ""Electrical Injury"", ""evidence"": ""shock"", ""confidence"": ""HIGH"", ""match_method"": ""regex""}]","[""missing-loto""]","[{""rule"": ""Energy Isolation"", ""score"": 0.8380798974964649}, {""rule"": ""Bypassing Safety Controls"", ""score"": 0.4859084354203673}, {""rule"": ""Line of Fire"", ""score"": 0.46915260370201733}]"
REP-16839B7A,2021-05-21,Refinery Delta,Drilling Floor,Unsafe Condition,"Worker doing Tank Cleaning in Storage Tank A complained about poor lighting, though gas levels were normal.",0,0.0719,Confined Space,"[{""value"": ""Confined Space Entry"", ""evidence"": ""Tank Cleaning"", ""confidence"": ""HIGH"", ""match_method"": ""regex""}, {""value"": ""Cleaning"", ""evidence"": ""Cleaning"", ""confidence"": ""HIGH"", ""match_method"": ""regex""}]","[{""value"": ""Tank"", ""evidence"": ""Tank Cleaning"", ""confidence"": ""HIGH"", ""match_method"": ""regex""}]",[],[],[],[],"[{""rule"": ""Confined Space"", ""score"": 0.9531834092960334}]"
REP-0C5F1243,2022-06-25,Refinery Delta,Pump Room,Unsafe Act,"Crew commenced Contractor Work at Utility Area but Wrong permit type. Unaware of SIMOPS, they were exposed to Uncontrolled work.",1,0.7898,Work Authorization,"[{""value"": ""Contractor Work"", ""evidence"": ""Contractor Work"", ""confidence"": ""HIGH"", ""match_method"": ""regex""}]","[{""value"": ""Facility"", ""evidence"": ""Utility Area"", ""confidence"": ""HIGH"", ""match_method"": ""regex""}]","[{""value"": ""Unidentified Hazards"", ""evidence"": ""Uncontrolled work"", ""confidence"": ""HIGH"", ""match_method"": ""regex""}]","[{""value"": ""WORK_AUTHORIZATION_FAILURE"", ""evidence"": ""Wrong permit type"", ""confidence"": ""HIGH"", ""match_method"": ""regex""}]",[],"[""expired-permit""]","[{""rule"": ""Work Authorization"", ""score"": 0.8765173640139687}, {""rule"": ""Line of Fire"", ""score"": 0.4764135038882055}]"
REP-4B1641A1,2023-11-23,Platform Charlie,Control Room,Incident,"Screen on Pressure Safety Valve PSV-90 was dirty, making it hard to read during System Maintenance.",0,0.1147,Bypassing Safety Controls,"[{""value"": ""Maintenance"", ""evidence"": ""Maintenance"", ""confidence"": ""HIGH"", ""match_method"": ""regex""}]","[{""value"": ""Valve"", ""evidence"": ""Valve PSV-90"", ""confidence"": ""HIGH"", ""match_method"": ""regex""}, {""value"": ""System Maintenance"", ""evidence"": ""System Maintenance"", ""confidence"": ""HIGH"", ""match_method"": ""regex""}, {""value"": ""During System"", ""evidence"": ""during System"", ""confidence"": ""HIGH"", ""match_method"": ""regex""}]",[],[],[],[],"[{""rule"": ""Bypassing Safety Controls"", ""score"": 0.9605500278260048}]"
REP-930457FF,2021-04-21,Terminal Echo,Loading Bay,Unsafe Act,Welder doing Welding with Oxy-Acetylene Torch had untucked coveralls.,0,0.0366,Hot Work,"[{""value"": ""Hot Work"", ""evidence"": ""Welder"", ""confidence"": ""HIGH"", ""match_method"": ""regex""}]","[{""value"": ""Torch"", ""evidence"": ""Torch"", ""confidence"": ""HIGH"", ""match_method"": ""regex""}]",[],[],[],[],"[{""rule"": ""Hot Work"", ""score"": 0.9713164742140258}]"
REP-6A76B9D4,2023-11-01,Site Alpha,Boiler Area,Unsafe Act,"While inspecting Heat Exchanger HX-2, Electrical shock was narrowly avoided because Padlock missing.",1,0.9473,Energy Isolation,"[{""value"": ""Maintenance"", ""evidence"": ""inspecting"", ""confidence"": ""HIGH"", ""match_method"": ""regex""}]","[{""value"": ""Heat Exchanger Hx-2"", ""evidence"": ""Heat Exchanger HX-2"", ""confidence"": ""HIGH"", ""match_method"": ""regex""}, {""value"": ""Inspecting Heat Exchanger"", ""evidence"": ""inspecting Heat Exchanger"", ""confidence"": ""HIGH"", ""match_method"": ""regex""}]","[{""value"": ""Electrical Energy"", ""evidence"": ""Electrical"", ""confidence"": ""HIGH"", ""match_method"": ""regex""}]","[{""value"": ""ENERGY_ISOLATION_FAILURE"", ""evidence"": ""Padlock missing"", ""confidence"": ""HIGH"", ""match_method"": ""regex""}]","[{""value"": ""Electrical Injury"", ""evidence"": ""shock"", ""confidence"": ""HIGH"", ""match_method"": ""regex""}]","[""missing-loto""]","[{""rule"": ""Energy Isolation"", ""score"": 0.9178295737717741}, {""rule"": ""Line of Fire"", ""score"": 0.46608125994694977}]"
REP-41571E1D,2020-02-21,Platform Charlie,Drilling Floor,Incident,Tools used for Vessel Welding in Underground Sump were left outside the entrance untidily.,0,0.0888,Confined Space,"[{""value"": ""Hot Work"", ""evidence"": ""Welding"", ""confidence"": ""HIGH"", ""match_method"": ""regex""}]","[{""value"": ""Vessel"", ""evidence"": ""Vessel Welding"", ""confidence"": ""HIGH"", ""match_method"": ""regex""}]",[],[],[],[],"[{""rule"": ""Confined Space"", ""score"": 0.9701361751848527}]"
REP-F9832CE2,2023-08-07,Refinery Delta,Boiler Area,Unsafe Act,"During Structural Inspection, worker used the correct harness but the inspection log was not filled in for Scaffold Tower B.",0,0.1552,Work at Height,"[{""value"": ""Maintenance"", ""evidence"": ""Inspection"", ""confidence"": ""HIGH"", ""match_method"": ""regex""}, {""value"": ""Working at Height"", ""evidence"": ""Scaffold"", ""confidence"": ""HIGH"", ""match_method"": ""regex""}]","[{""value"": ""Scaffold"", ""evidence"": ""Scaffold"", ""confidence"": ""HIGH"", ""match_method"": ""regex""}]",[],[],[],[],"[{""rule"": ""Work at Height"", ""score"": 0.9802354282946568}]"
REP-BAA001CE,2021-11-05,Station Foxtrot,Deck 3,Near Miss,Fire extinguisher near Pipe Spool P-10 for Soldering was due for monthly inspection next week.,0,0.0848,Hot Work,"[{""value"": ""Maintenance"", ""evidence"": ""inspection"", ""confidence"": ""HIGH"", ""match_method"": ""regex""}, {""value"": ""Hot Work"", ""evidence"": ""Soldering"", ""confidence"": ""HIGH"", ""match_method"": ""regex""}]","[{""value"": ""Pipeline"", ""evidence"": ""Spool P-10"", ""confidence"": ""HIGH"", ""match_method"": ""regex""}]",[],[],[],[],"[{""rule"": ""Hot Work"", ""score"": 0.9645301915301976}]"
REP-5F215243,2022-07-28,Platform Charlie,Deck 3,Unsafe Act,Critical General Maintenance on Utility Area proceeded despite JSA not discussed. This breakdown in authorization risked Simultaneous operations clash.,1,0.8464,Work Authorization,"[{""value"": ""Maintenance"", ""evidence"": ""Maintenance"", ""confidence"": ""HIGH"", ""match_method"": ""regex""}]","[{""value"": ""Facility"", ""evidence"": ""Utility Area"", ""confidence"": ""HIGH"", ""match_method"": ""regex""}]","[{""value"": ""Unidentified Hazards"", ""evidence"": ""Simultaneous operations clash"", ""confidence"": ""HIGH"", ""match_method"": ""regex""}]","[{""value"": ""WORK_AUTHORIZATION_FAILURE"", ""evidence"": ""JSA not discussed"", ""confidence"": ""HIGH"", ""match_method"": ""regex""}]",[],"[""expired-permit""]","[{""rule"": ""Work Authorization"", ""score"": 0.820656233805858}, {""rule"": ""Bypassing Safety Controls"", ""score"": 0.553942720713105}, {""rule"": ""Energy Isolation"", ""score"": 0.3751224662364366}]"
REP-3D105275,2023-05-27,Facility Bravo,Main Workshop,Unsafe Condition,"Scaffolding tubes for Scaffold Tower B were stored untidily, causing a minor trip hazard during Rigging.",0,0.1839,Work at Height,"[{""value"": ""Mechanical Lifting"", ""evidence"": ""Rigging"", ""confidence"": ""MEDIUM"", ""match_method"": ""regex""}, {""value"": ""Working at Height"", ""evidence"": ""Scaffolding"", ""confidence"": ""HIGH"", ""match_method"": ""regex""}]","[{""value"": ""Scaffold"", ""evidence"": ""Scaffold"", ""confidence"": ""HIGH"", ""match_method"": ""regex""}, {""value"": ""Rigging"", ""evidence"": ""Rigging"", ""confidence"": ""HIGH"", ""match_method"": ""regex""}]",[],[],[],[],"[{""rule"": ""Work at Height"", ""score"": 0.96744093830893}]"
REP-7581B116,2022-04-15,Facility Bravo,Storage Tank A,Unsafe Condition,"During Structural Inspection, a 5kg wrench was dropped from Roof Access Ladder. Missing toe boards meant the area below was not clear. Fall from height was a near miss.",1,0.9001,Work at Height,"[{""value"": ""Maintenance"", ""evidence"": ""Inspection"", ""confidence"": ""HIGH"", ""match_method"": ""regex""}, {""value"": ""Working at Height"", ""evidence"": ""height"", ""confidence"": ""MEDIUM"", ""match_method"": ""regex""}]","[{""value"": ""Ladder"", ""evidence"": ""Ladder"", ""confidence"": ""HIGH"", ""match_method"": ""regex""}]","[{""value"": ""Fall from Height"", ""evidence"": ""Fall from height"", ""confidence"": ""HIGH"", ""match_method"": ""regex""}]","[{""value"": ""FALL_PROTECTION_FAILURE"", ""evidence"": ""Missing toe boards"", ""confidence"": ""HIGH"", ""match_method"": ""regex""}]","[{""value"": ""Fall Injury"", ""evidence"": ""Fall"", ""confidence"": ""HIGH"", ""match_method"": ""regex""}, {""value"": ""Fatal Fall"", ""evidence"": ""Fall from height"", ""confidence"": ""MEDIUM"", ""match_method"": ""synonym""}]","[""fall-protection""]","[{""rule"": ""Work at Height"", ""score"": 0.9518014831319904}, {""rule"": ""Safe Mechanical Lifting"", ""score"": 0.3784129902195495}]"
REP-F72C71EF,2022-03-20,Site Alpha,Pipe Rack 2,Incident,"A safety camera caught Forklift engaged in Material Delivery. The footage revealed Using mobile phone, which is a precursor to Loss of control.",1,0.8409,Driving,"[{""value"": ""Vehicle Movement"", ""evidence"": ""Material Delivery"", ""confidence"": ""HIGH"", ""match_method"": ""regex""}]","[{""value"": ""Forklift"", ""evidence"": ""Forklift"", ""confidence"": ""HIGH"", ""match_method"": ""regex""}]","[{""value"": ""Vehicle Interaction"", ""evidence"": ""Loss of control"", ""confidence"": ""HIGH"", ""match_method"": ""regex""}]","[{""value"": ""TRAFFIC_CONTROL_FAILURE"", ""evidence"": ""Using mobile phone"", ""confidence"": ""HIGH"", ""match_method"": ""regex""}]","[{""value"": ""Vehicle / Pedestrian Injury"", ""evidence"": ""Loss of control"", ""confidence"": ""MEDIUM"", ""match_method"": ""synonym""}]","[""vehicle-interaction""]","[{""rule"": ""Driving"", ""score"": 0.840067225824566}, {""rule"": ""Safe Mechanical Lifting"", ""score"": 0.5040294580923146}]"
REP-0D365661,2022-01-16,Refinery Delta,Pump Room,Near Miss,"During Scaffolding, worker used the correct harness but the inspection log was not filled in for Pipe Rack Level 3.",0,0.1315,Work at Height,"[{""value"": ""Maintenance"", ""evidence"": ""inspection"", ""confidence"": ""HIGH"", ""match_method"": ""regex""}, {""value"": ""Working at Height"", ""evidence"": ""Scaffolding"", ""confidence"": ""HIGH"", ""match_method"": ""regex""}]","[{""value"": ""Structure"", ""evidence"": ""Pipe Rack"", ""confidence"": ""HIGH"", ""match_method"": ""regex""}]",[],[],[],[],"[{""rule"": ""Work at Height"", ""score"": 0.9730861440589242}]"
REP-7638ACF1,2022-06-01,Facility Bravo,Boiler Area,Near Miss,"The tag for Valve V-99 was faded during Inspection. No Pressurized hydrocarbon release was present, but tag needs replacement.",0,0.1154,Energy Isolation,"[{""value"": ""Maintenance"", ""evidence"": ""Inspection"", ""confidence"": ""HIGH"", ""match_method"": ""regex""}]","[{""value"": ""Valve"", ""evidence"": ""Valve V-99"", ""confidence"": ""HIGH"", ""match_method"": ""regex""}]","[{""value"": ""Loss of Containment"", ""evidence"": ""release"", ""confidence"": ""HIGH"", ""match_method"": ""regex""}]",[],"[{""value"": ""Major Process Safety Event"", ""evidence"": ""release"", ""confidence"": ""MEDIUM"", ""match_method"": ""synonym""}]",[],"[{""rule"": ""Energy Isolation"", ""score"": 0.9696069116440077}]"
REP-B20878EF,2023-04-14,Site Alpha,Boiler Area,Unsafe Condition,"Scaffolding tubes for Scaffold Tower B were stored untidily, causing a minor trip hazard during Painting.",0,0.1194,Work at Height,"[{""value"": ""Working at Height"", ""evidence"": ""Scaffolding"", ""confidence"": ""HIGH"", ""match_method"": ""regex""}, {""value"": ""Painting"", ""evidence"": ""Painting"", ""confidence"": ""HIGH"", ""match_method"": ""regex""}]","[{""value"": ""Scaffold"", ""evidence"": ""Scaffold"", ""confidence"": ""HIGH"", ""match_method"": ""regex""}]",[],[],[],[],"[{""rule"": ""Work at Height"", ""score"": 0.9640882572437395}, {""rule"": ""Safe Mechanical Lifting"", ""score"": 0.45103038372615734}]"
REP-AFAB685B,2022-01-04,Platform Charlie,Control Room,Near Miss,Driver doing Transporting Personnel in Vacuum Truck parked slightly outside the designated lines.,0,0.1341,Driving,"[{""value"": ""Vehicle Movement"", ""evidence"": ""Transporting Personnel"", ""confidence"": ""HIGH"", ""match_method"": ""regex""}]","[{""value"": ""Vehicle"", ""evidence"": ""Truck parked"", ""confidence"": ""HIGH"", ""match_method"": ""regex""}]",[],[],[],[],"[{""rule"": ""Driving"", ""score"": 0.981968988952762}]"
REP-9CD3F13F,2022-07-14,Site Alpha,Pipe Rack 2,Near Miss,"Grinding was started on Pipe Spool P-10 near a live process area. Sparks falling to lower deck was observed, posing a massive risk of Severe burns.",1,0.7624,Hot Work,"[{""value"": ""Hot Work"", ""evidence"": ""Grinding"", ""confidence"": ""MEDIUM"", ""match_method"": ""regex""}]","[{""value"": ""Pipeline"", ""evidence"": ""Spool P-10"", ""confidence"": ""HIGH"", ""match_method"": ""regex""}]",[],[],"[{""value"": ""Serious Burns"", ""evidence"": ""Severe burns"", ""confidence"": ""HIGH"", ""match_method"": ""regex""}]",[],"[{""rule"": ""Hot Work"", ""score"": 0.9376699347654188}]"
REP-9A490D5E,2020-07-16,Terminal Echo,Deck 3,Unsafe Act,Radio in Vacuum Truck was left on high volume after Heavy Haulage.,0,0.0723,Driving,"[{""value"": ""Vehicle Movement"", ""evidence"": ""Heavy Haulage"", ""confidence"": ""HIGH"", ""match_method"": ""regex""}]","[{""value"": ""Vehicle"", ""evidence"": ""Truck was"", ""confidence"": ""HIGH"", ""match_method"": ""regex""}]",[],[],[],[],"[{""rule"": ""Driving"", ""score"": 0.9728486793089989}]"
REP-CE8F66C3,2020-06-11,Facility Bravo,Drilling Floor,Incident,"Pickup Truck P-12 was involved in a near miss during Transporting Personnel. Investigation showed Brakes defective, drastically increasing the risk of Loss of control.",1,0.9392,Driving,"[{""value"": ""Vehicle Movement"", ""evidence"": ""Transporting Personnel"", ""confidence"": ""HIGH"", ""match_method"": ""regex""}]","[{""value"": ""Vehicle"", ""evidence"": ""Truck P-12"", ""confidence"": ""HIGH"", ""match_method"": ""regex""}]","[{""value"": ""Vehicle Interaction"", ""evidence"": ""Loss of control"", ""confidence"": ""HIGH"", ""match_method"": ""regex""}]","[{""value"": ""TRAFFIC_CONTROL_FAILURE"", ""evidence"": ""Brakes defective"", ""confidence"": ""HIGH"", ""match_method"": ""regex""}]","[{""value"": ""Vehicle / Pedestrian Injury"", ""evidence"": ""Loss of control"", ""confidence"": ""MEDIUM"", ""match_method"": ""synonym""}]","[""vehicle-interaction""]","[{""rule"": ""Driving"", ""score"": 0.9472164003435498}]"
REP-CAEE723B,2021-05-13,Facility Bravo,Drilling Floor,Unsafe Act,The entry log for Storage Tank A during Internal Inspection was smudged with dirt.,0,0.0115,Confined Space,"[{""value"": ""Maintenance"", ""evidence"": ""Inspection"", ""confidence"": ""HIGH"", ""match_method"": ""regex""}]","[{""value"": ""Tank"", ""evidence"": ""Tank A"", ""confidence"": ""HIGH"", ""match_method"": ""regex""}]",[],[],[],[],"[{""rule"": ""Confined Space"", ""score"": 0.9727818455663174}]"
REP-F27AD997,2022-04-16,Platform Charlie,Main Workshop,Unsafe Condition,Tools used for Tank Cleaning in Separator V-10 were left outside the entrance untidily.,0,0.0343,Confined Space,"[{""value"": ""Confined Space Entry"", ""evidence"": ""Tank Cleaning"", ""confidence"": ""HIGH"", ""match_method"": ""regex""}, {""value"": ""Cleaning"", ""evidence"": ""Cleaning"", ""confidence"": ""HIGH"", ""match_method"": ""regex""}]","[{""value"": ""Tank"", ""evidence"": ""Tank Cleaning"", ""confidence"": ""HIGH"", ""match_method"": ""regex""}, {""value"": ""Separator V-10"", ""evidence"": ""Separator V-10"", ""confidence"": ""HIGH"", ""match_method"": ""regex""}, {""value"": ""In Separator"", ""evidence"": ""in Separator"", ""confidence"": ""HIGH"", ""match_method"": ""regex""}]",[],[],[],[],"[{""rule"": ""Confined Space"", ""score"": 0.9759963613212138}]"
REP-631D4D00,2022-08-15,Platform Charlie,Pipe Rack 2,Incident,Driver doing Heavy Haulage in Light Vehicle parked slightly outside the designated lines.,0,0.1094,Driving,"[{""value"": ""Vehicle Movement"", ""evidence"": ""Heavy Haulage"", ""confidence"": ""HIGH"", ""match_method"": ""regex""}]","[{""value"": ""Vehicle"", ""evidence"": ""Light Vehicle"", ""confidence"": ""HIGH"", ""match_method"": ""regex""}]",[],[],[],[],"[{""rule"": ""Driving"", ""score"": 0.9798147958258469}]"
REP-F143E1F2,2022-10-23,Terminal Echo,Storage Tank A,Unsafe Condition,"During Rigging, worker used the correct harness but the inspection log was not filled in for Crane C-1.",0,0.1502,Work at Height,"[{""value"": ""Maintenance"", ""evidence"": ""inspection"", ""confidence"": ""HIGH"", ""match_method"": ""regex""}, {""value"": ""Mechanical Lifting"", ""evidence"": ""Rigging"", ""confidence"": ""MEDIUM"", ""match_method"": ""regex""}]","[{""value"": ""Crane"", ""evidence"": ""Crane C-1"", ""confidence"": ""HIGH"", ""match_method"": ""regex""}, {""value"": ""Rigging"", ""evidence"": ""Rigging"", ""confidence"": ""HIGH"", ""match_method"": ""regex""}]",[],[],[],[],"[{""rule"": ""Work at Height"", ""score"": 0.9378004870324955}]"
REP-423D3D5F,2021-11-09,Station Foxtrot,Loading Bay,Unsafe Condition,"During a walkaround, found personnel doing Contractor Work on Camp Facility. JSA not discussed meant they had no controls for Unidentified hazards.",1,0.9026,Work Authorization,"[{""value"": ""Maintenance"", ""evidence"": ""Work on"", ""confidence"": ""HIGH"", ""match_method"": ""regex""}, {""value"": ""Contractor Work"", ""evidence"": ""Contractor Work"", ""confidence"": ""HIGH"", ""match_method"": ""regex""}]","[{""value"": ""Facility"", ""evidence"": ""Camp Facility"", ""confidence"": ""HIGH"", ""match_method"": ""regex""}]","[{""value"": ""Unidentified Hazards"", ""evidence"": ""Unidentified hazards"", ""confidence"": ""HIGH"", ""match_method"": ""regex""}]","[{""value"": ""WORK_AUTHORIZATION_FAILURE"", ""evidence"": ""JSA not discussed"", ""confidence"": ""HIGH"", ""match_method"": ""regex""}]",[],"[""expired-permit""]","[{""rule"": ""Work Authorization"", ""score"": 0.8613597829285186}]"
REP-F7FB5924,2020-07-31,Refinery Delta,Pump Room,Unsafe Condition,A heavy skid was being moved during Forklift Operation. Outriggers not extended led to a near miss involving Dropped suspended load near Overhead Gantry.,1,0.9286,Safe Mechanical Lifting,"[{""value"": ""Mechanical Lifting"", ""evidence"": ""Forklift Operation"", ""confidence"": ""HIGH"", ""match_method"": ""regex""}, {""value"": ""Loading/Unloading"", ""evidence"": ""load"", ""confidence"": ""HIGH"", ""match_method"": ""regex""}]","[{""value"": ""Forklift"", ""evidence"": ""Forklift"", ""confidence"": ""HIGH"", ""match_method"": ""regex""}, {""value"": ""Crane"", ""evidence"": ""Gantry"", ""confidence"": ""HIGH"", ""match_method"": ""regex""}]","[{""value"": ""Suspended Load"", ""evidence"": ""suspended load"", ""confidence"": ""HIGH"", ""match_method"": ""regex""}]","[{""value"": ""LIFTING_CONTROL_FAILURE"", ""evidence"": ""Outriggers not extended"", ""confidence"": ""HIGH"", ""match_method"": ""regex""}]","[{""value"": ""Crushing Injury"", ""evidence"": ""suspended load"", ""confidence"": ""MEDIUM"", ""match_method"": ""synonym""}, {""value"": ""Struck-By Injury"", ""evidence"": ""suspended load"", ""confidence"": ""MEDIUM"", ""match_method"": ""synonym""}]","[""suspended-load""]","[{""rule"": ""Safe Mechanical Lifting"", ""score"": 0.9242903790910391}, {""rule"": ""Driving"", ""score"": 0.352291510639263}]"
REP-8A33E675,2021-09-11,Station Foxtrot,Boiler Area,Unsafe Act,Fire extinguisher near Pipe Spool P-10 for Welding was due for monthly inspection next week.,0,0.0928,Hot Work,"[{""value"": ""Maintenance"", ""evidence"": ""inspection"", ""confidence"": ""HIGH"", ""match_method"": ""regex""}, {""value"": ""Hot Work"", ""evidence"": ""Welding"", ""confidence"": ""HIGH"", ""match_method"": ""regex""}]","[{""value"": ""Pipeline"", ""evidence"": ""Spool P-10"", ""confidence"": ""HIGH"", ""match_method"": ""regex""}]",[],[],[],[],"[{""rule"": ""Hot Work"", ""score"": 0.97383257877946}]"
REP-FBCCEB5B,2021-07-02,Site Alpha,Deck 3,Near Miss,Permit for General Maintenance at Utility Area had a minor spelling mistake in the supervisor's name.,0,0.0664,Work Authorization,"[{""value"": ""Maintenance"", ""evidence"": ""Maintenance"", ""confidence"": ""HIGH"", ""match_method"": ""regex""}]","[{""value"": ""Facility"", ""evidence"": ""Utility Area"", ""confidence"": ""HIGH"", ""match_method"": ""regex""}]",[],[],[],[],"[{""rule"": ""Work Authorization"", ""score"": 0.9752847103288999}]"
REP-E8C9E70A,2023-05-17,Site Alpha,Main Workshop,Unsafe Act,Barricade tape for Torquing near Winch W-2 was blown down by the wind. No operations were ongoing.,0,0.1537,Line of Fire,"[{""value"": ""Torquing"", ""evidence"": ""Torquing"", ""confidence"": ""MEDIUM"", ""match_method"": ""regex""}]","[{""value"": ""Crane"", ""evidence"": ""Winch W-2"", ""confidence"": ""HIGH"", ""match_method"": ""regex""}]",[],[],[],[],"[{""rule"": ""Line of Fire"", ""score"": 0.942119546383492}]"
REP-1CD1C7E1,2023-10-30,Site Alpha,Deck 3,Incident,Driver doing Material Delivery in Pickup Truck P-12 parked slightly outside the designated lines.,0,0.0571,Driving,"[{""value"": ""Vehicle Movement"", ""evidence"": ""Material Delivery"", ""confidence"": ""HIGH"", ""match_method"": ""regex""}]","[{""value"": ""Vehicle"", ""evidence"": ""Truck P-12"", ""confidence"": ""HIGH"", ""match_method"": ""regex""}]",[],[],[],[],"[{""rule"": ""Driving"", ""score"": 0.9816842095507771}]"
REP-89E1ACB4,2022-12-16,Refinery Delta,Boiler Area,Near Miss,"Worker performing Torquing on High Pressure Hose had their hands slightly close to a rough edge, causing a minor scratch.",0,0.1534,Line of Fire,"[{""value"": ""Torquing"", ""evidence"": ""Torquing"", ""confidence"": ""MEDIUM"", ""match_method"": ""regex""}]","[{""value"": ""Hose"", ""evidence"": ""Pressure Hose"", ""confidence"": ""HIGH"", ""match_method"": ""regex""}]",[],[],[],[],"[{""rule"": ""Line of Fire"", ""score"": 0.9674847264402019}]"
REP-F0CB46B3,2022-03-26,Refinery Delta,Pipe Rack 2,Unsafe Act,Operator engaged in System Maintenance admitted to bypassing safety logic on DCS System. Override left active is a severe breach leading to Process safety event.,1,0.8764,Bypassing Safety Controls,"[{""value"": ""Maintenance"", ""evidence"": ""Maintenance"", ""confidence"": ""HIGH"", ""match_method"": ""regex""}]","[{""value"": ""System Maintenance"", ""evidence"": ""System Maintenance"", ""confidence"": ""HIGH"", ""match_method"": ""regex""}, {""value"": ""In System"", ""evidence"": ""in System"", ""confidence"": ""HIGH"", ""match_method"": ""regex""}, {""value"": ""Electrical Panel"", ""evidence"": ""DCS System"", ""confidence"": ""HIGH"", ""match_method"": ""regex""}]",[],"[{""value"": ""SAFETY_DEVICE_BYPASS"", ""evidence"": ""Override left active"", ""confidence"": ""HIGH"", ""match_method"": ""regex""}]","[{""value"": ""Major Process Safety Event"", ""evidence"": ""Process safety event"", ""confidence"": ""HIGH"", ""match_method"": ""regex""}]","[""bypassed-interlock""]","[{""rule"": ""Bypassing Safety Controls"", ""score"": 0.9598931292970121}, {""rule"": ""Safe Mechanical Lifting"", ""score"": 0.3655352598313645}]"
REP-6C34E814,2022-07-05,Station Foxtrot,Pump Room,Unsafe Condition,Radio in Forklift was left on high volume after Material Delivery.,0,0.0518,Driving,"[{""value"": ""Vehicle Movement"", ""evidence"": ""Material Delivery"", ""confidence"": ""HIGH"", ""match_method"": ""regex""}]","[{""value"": ""Forklift"", ""evidence"": ""Forklift"", ""confidence"": ""HIGH"", ""match_method"": ""regex""}]",[],[],[],[],"[{""rule"": ""Driving"", ""score"": 0.9200404015873739}, {""rule"": ""Safe Mechanical Lifting"", ""score"": 0.35980922143180144}]"
REP-0ABDA974,2023-01-07,Facility Bravo,Main Workshop,Near Miss,Radio in Crew Bus was left on high volume after Site Patrol.,0,0.0615,Driving,"[{""value"": ""Vehicle Movement"", ""evidence"": ""Site Patrol"", ""confidence"": ""HIGH"", ""match_method"": ""regex""}]","[{""value"": ""Vehicle"", ""evidence"": ""Crew Bus"", ""confidence"": ""HIGH"", ""match_method"": ""regex""}]",[],[],[],[],"[{""rule"": ""Driving"", ""score"": 0.9753128383976387}]"
REP-0F504B65,2023-12-13,Facility Bravo,Boiler Area,Unsafe Condition,"Grinding was being performed. Tension line snapped allowed personnel to walk directly under Hydraulic Torque Wrench, posing a severe Caught between objects.",1,0.8923,Line of Fire,"[{""value"": ""Hot Work"", ""evidence"": ""Grinding"", ""confidence"": ""MEDIUM"", ""match_method"": ""regex""}, {""value"": ""Torquing"", ""evidence"": ""Torque"", ""confidence"": ""MEDIUM"", ""match_method"": ""regex""}]","[{""value"": ""Torque Wrench"", ""evidence"": ""Torque Wrench"", ""confidence"": ""HIGH"", ""match_method"": ""regex""}]","[{""value"": ""Line-of-Fire Exposure"", ""evidence"": ""Caught between objects"", ""confidence"": ""HIGH"", ""match_method"": ""regex""}]","[{""value"": ""LINE_OF_FIRE_CONTROL_FAILURE"", ""evidence"": ""Tension line snapped"", ""confidence"": ""HIGH"", ""match_method"": ""regex""}]",[],"[""line-of-fire""]","[{""rule"": ""Line of Fire"", ""score"": 0.9672987750377351}]"
REP-848AFF74,2023-11-01,Refinery Delta,Deck 3,Near Miss,The Pickup Truck P-12 was slightly dirty during Heavy Haulage.,0,0.0274,Driving,"[{""value"": ""Vehicle Movement"", ""evidence"": ""Heavy Haulage"", ""confidence"": ""HIGH"", ""match_method"": ""regex""}]","[{""value"": ""Vehicle"", ""evidence"": ""Truck P-12"", ""confidence"": ""HIGH"", ""match_method"": ""regex""}]",[],[],[],[],"[{""rule"": ""Driving"", ""score"": 0.962060092005676}]"
REP-409F53F8,2023-09-01,Station Foxtrot,Pipe Rack 2,Incident,Permit for General Maintenance at Process Module 4 had a minor spelling mistake in the supervisor's name.,0,0.0829,Work Authorization,"[{""value"": ""Maintenance"", ""evidence"": ""Maintenance"", ""confidence"": ""HIGH"", ""match_method"": ""regex""}]","[{""value"": ""Facility"", ""evidence"": ""Process Module"", ""confidence"": ""HIGH"", ""match_method"": ""regex""}]",[],[],[],[],"[{""rule"": ""Work Authorization"", ""score"": 0.9736767165821753}]"
REP-58CEE11F,2023-01-22,Platform Charlie,Boiler Area,Incident,"During Rigging using Overhead Gantry, the load began to swing wildly. No tag lines used caused a loss of control, resulting in Rigging failure.",1,0.9398,Safe Mechanical Lifting,"[{""value"": ""Mechanical Lifting"", ""evidence"": ""Rigging"", ""confidence"": ""MEDIUM"", ""match_method"": ""regex""}, {""value"": ""Loading/Unloading"", ""evidence"": ""load"", ""confidence"": ""HIGH"", ""match_method"": ""regex""}]","[{""value"": ""Rigging"", ""evidence"": ""Rigging"", ""confidence"": ""HIGH"", ""match_method"": ""regex""}, {""value"": ""Crane"", ""evidence"": ""Gantry"", ""confidence"": ""HIGH"", ""match_method"": ""regex""}]","[{""value"": ""Suspended Load"", ""evidence"": ""Rigging failure"", ""confidence"": ""HIGH"", ""match_method"": ""regex""}, {""value"": ""Vehicle Interaction"", ""evidence"": ""loss of control"", ""confidence"": ""HIGH"", ""match_method"": ""regex""}]","[{""value"": ""LIFTING_CONTROL_FAILURE"", ""evidence"": ""No tag lines used"", ""confidence"": ""HIGH"", ""match_method"": ""regex""}]","[{""value"": ""Crushing Injury"", ""evidence"": ""Rigging failure"", ""confidence"": ""MEDIUM"", ""match_method"": ""synonym""}, {""value"": ""Struck-By Injury"", ""evidence"": ""Rigging failure"", ""confidence"": ""MEDIUM"", ""match_method"": ""synonym""}, {""value"": ""Vehicle / Pedestrian Injury"", ""evidence"": ""loss of control"", ""confidence"": ""MEDIUM"", ""match_method"": ""synonym""}]","[""suspended-load"", ""vehicle-interaction""]","[{""rule"": ""Safe Mechanical Lifting"", ""score"": 0.8994245104961996}]"
REP-FE319584,2021-04-26,Platform Charlie,Drilling Floor,Near Miss,"Screen on Shutdown Valve SDV-1 was dirty, making it hard to read during Alarm Testing.",0,0.1287,Bypassing Safety Controls,"[{""value"": ""Operations"", ""evidence"": ""Alarm Testing"", ""confidence"": ""HIGH"", ""match_method"": ""regex""}]","[{""value"": ""Valve"", ""evidence"": ""Valve SDV-1"", ""confidence"": ""HIGH"", ""match_method"": ""regex""}]",[],[],[],[],"[{""rule"": ""Bypassing Safety Controls"", ""score"": 0.9761670627082443}]"
REP-7BA4D93D,2023-03-11,Site Alpha,Control Room,Unsafe Act,Operator logged System Maintenance for Fire & Gas Panel in the wrong logbook.,0,0.0312,Bypassing Safety Controls,"[{""value"": ""Maintenance"", ""evidence"": ""Maintenance"", ""confidence"": ""HIGH"", ""match_method"": ""regex""}]","[{""value"": ""System Maintenance"", ""evidence"": ""System Maintenance"", ""confidence"": ""HIGH"", ""match_method"": ""regex""}, {""value"": ""Electrical Panel"", ""evidence"": ""Panel in"", ""confidence"": ""HIGH"", ""match_method"": ""regex""}, {""value"": ""Logged System"", ""evidence"": ""logged System"", ""confidence"": ""HIGH"", ""match_method"": ""regex""}]",[],[],[],[],"[{""rule"": ""Bypassing Safety Controls"", ""score"": 0.9694610677294659}, {""rule"": ""Work Authorization"", ""score"": 0.39541927651419295}]"
REP-37E716F0,2020-03-11,Facility Bravo,Pipe Rack 2,Unsafe Act,"During Trenching, Winch W-2 failed unexpectedly. Because Safety pin removed, the worker was exposed to High pressure release. Fortunately, the worker jumped back in time.",1,0.9161,Line of Fire,"[{""value"": ""Excavation"", ""evidence"": ""Trenching"", ""confidence"": ""HIGH"", ""match_method"": ""regex""}]","[{""value"": ""Crane"", ""evidence"": ""Winch W-2"", ""confidence"": ""HIGH"", ""match_method"": ""regex""}]","[{""value"": ""Pressurized Equipment"", ""evidence"": ""High pressure release"", ""confidence"": ""HIGH"", ""match_method"": ""regex""}, {""value"": ""Loss of Containment"", ""evidence"": ""release"", ""confidence"": ""HIGH"", ""match_method"": ""regex""}]",[],"[{""value"": ""Major Process Safety Event"", ""evidence"": ""High pressure release"", ""confidence"": ""MEDIUM"", ""match_method"": ""synonym""}]","[""pressurized-system""]","[{""rule"": ""Line of Fire"", ""score"": 0.9142578954541086}]"
REP-1D833C83,2021-05-31,Refinery Delta,Boiler Area,Incident,The entry log for Storage Tank A during Internal Inspection was smudged with dirt.,0,0.0115,Confined Space,"[{""value"": ""Maintenance"", ""evidence"": ""Inspection"", ""confidence"": ""HIGH"", ""match_method"": ""regex""}]","[{""value"": ""Tank"", ""evidence"": ""Tank A"", ""confidence"": ""HIGH"", ""match_method"": ""regex""}]",[],[],[],[],"[{""rule"": ""Confined Space"", ""score"": 0.9727818210842452}]"
REP-B56AD6B0,2023-09-05,Terminal Echo,Pipe Rack 2,Unsafe Condition,"During Welding with Oxy-Acetylene Torch, Gas test expired allowed slag to ignite a small fire. Toxic fumes potential was extremely high.",1,0.8782,Hot Work,"[{""value"": ""Hot Work"", ""evidence"": ""Welding"", ""confidence"": ""HIGH"", ""match_method"": ""regex""}, {""value"": ""Chemical Handling"", ""evidence"": ""Toxic"", ""confidence"": ""MEDIUM"", ""match_method"": ""regex""}]","[{""value"": ""Torch"", ""evidence"": ""Torch"", ""confidence"": ""HIGH"", ""match_method"": ""regex""}]","[{""value"": ""Fire/Explosion"", ""evidence"": ""fire"", ""confidence"": ""MEDIUM"", ""match_method"": ""regex""}, {""value"": ""Toxic Gas"", ""evidence"": ""Toxic fumes"", ""confidence"": ""HIGH"", ""match_method"": ""regex""}]","[{""value"": ""GAS_TEST_FAILURE"", ""evidence"": ""Gas test expired"", ""confidence"": ""HIGH"", ""match_method"": ""regex""}]","[{""value"": ""Toxic Exposure"", ""evidence"": ""fumes"", ""confidence"": ""HIGH"", ""match_method"": ""regex""}, {""value"": ""Fire Injury"", ""evidence"": ""fire"", ""confidence"": ""MEDIUM"", ""match_method"": ""synonym""}, {""value"": ""Explosion Injury"", ""evidence"": ""fire"", ""confidence"": ""MEDIUM"", ""match_method"": ""synonym""}, {""value"": ""Major Process Safety Event"", ""evidence"": ""fire"", ""confidence"": ""MEDIUM"", ""match_method"": ""synonym""}]","[""gas-test-failure""]","[{""rule"": ""Hot Work"", ""score"": 0.952947546423214}, {""rule"": ""Confined Space"", ""score"": 0.3639952612506584}]"
REP-660BA4B1,2020-01-02,Refinery Delta,Storage Tank A,Unsafe Act,The welding lead for Oxy-Acetylene Torch was slightly tangled during Torch Cutting.,0,0.1476,Hot Work,"[{""value"": ""Hot Work"", ""evidence"": ""welding"", ""confidence"": ""HIGH"", ""match_method"": ""regex""}]","[{""value"": ""Torch"", ""evidence"": ""Torch"", ""confidence"": ""HIGH"", ""match_method"": ""regex""}]",[],[],[],[],"[{""rule"": ""Hot Work"", ""score"": 0.9811587260752866}]"
REP-D95BEA7E,2022-10-18,Facility Bravo,Pipe Rack 2,Unsafe Condition,JSA for Non-routine Task near Process Module 4 was printed on crumpled paper.,0,0.0358,Work Authorization,"[{""value"": ""Operations"", ""evidence"": ""Non-routine Task"", ""confidence"": ""HIGH"", ""match_method"": ""regex""}]","[{""value"": ""Facility"", ""evidence"": ""Process Module"", ""confidence"": ""HIGH"", ""match_method"": ""regex""}]",[],[],[],[],"[{""rule"": ""Work Authorization"", ""score"": 0.7971085263096898}]"
REP-0183BD99,2023-09-05,Station Foxtrot,Control Room,Unsafe Condition,"Forklift was involved in a near miss during Heavy Haulage. Investigation showed Fatigued driver, drastically increasing the risk of Loss of control.",1,0.9488,Driving,"[{""value"": ""Vehicle Movement"", ""evidence"": ""Heavy Haulage"", ""confidence"": ""HIGH"", ""match_method"": ""regex""}]","[{""value"": ""Forklift"", ""evidence"": ""Forklift"", ""confidence"": ""HIGH"", ""match_method"": ""regex""}]","[{""value"": ""Vehicle Interaction"", ""evidence"": ""Loss of control"", ""confidence"": ""HIGH"", ""match_method"": ""regex""}]","[{""value"": ""TRAFFIC_CONTROL_FAILURE"", ""evidence"": ""Fatigued driver"", ""confidence"": ""HIGH"", ""match_method"": ""regex""}]","[{""value"": ""Vehicle / Pedestrian Injury"", ""evidence"": ""Loss of control"", ""confidence"": ""MEDIUM"", ""match_method"": ""synonym""}]","[""vehicle-interaction""]","[{""rule"": ""Driving"", ""score"": 0.8804532150507876}, {""rule"": ""Safe Mechanical Lifting"", ""score"": 0.6819403930092305}]"
REP-15154AFD,2020-07-07,Station Foxtrot,Deck 3,Near Miss,Radio in Crew Bus was left on high volume after Material Delivery.,0,0.0465,Driving,"[{""value"": ""Vehicle Movement"", ""evidence"": ""Material Delivery"", ""confidence"": ""HIGH"", ""match_method"": ""regex""}]","[{""value"": ""Vehicle"", ""evidence"": ""Crew Bus"", ""confidence"": ""HIGH"", ""match_method"": ""regex""}]",[],[],[],[],"[{""rule"": ""Driving"", ""score"": 0.975570934790129}]"
REP-45CC20F2,2020-05-06,Refinery Delta,Pipe Rack 2,Unsafe Condition,"Crew Bus was involved in a near miss during Site Patrol. Investigation showed Brakes defective, drastically increasing the risk of Vehicle collision.",1,0.9556,Driving,"[{""value"": ""Vehicle Movement"", ""evidence"": ""Site Patrol"", ""confidence"": ""HIGH"", ""match_method"": ""regex""}]","[{""value"": ""Vehicle"", ""evidence"": ""Crew Bus"", ""confidence"": ""HIGH"", ""match_method"": ""regex""}]","[{""value"": ""Vehicle Interaction"", ""evidence"": ""Vehicle collision"", ""confidence"": ""HIGH"", ""match_method"": ""regex""}]","[{""value"": ""TRAFFIC_CONTROL_FAILURE"", ""evidence"": ""Brakes defective"", ""confidence"": ""HIGH"", ""match_method"": ""regex""}]","[{""value"": ""Vehicle / Pedestrian Injury"", ""evidence"": ""Vehicle collision"", ""confidence"": ""MEDIUM"", ""match_method"": ""synonym""}]","[""vehicle-interaction""]","[{""rule"": ""Driving"", ""score"": 0.9484868125872394}, {""rule"": ""Work Authorization"", ""score"": 0.4068420547580749}]"
REP-AF71A430,2022-09-07,Site Alpha,Drilling Floor,Near Miss,"Scaffolding tubes for Pipe Rack Level 3 were stored untidily, causing a minor trip hazard during Scaffolding.",0,0.1534,Work at Height,"[{""value"": ""Working at Height"", ""evidence"": ""Scaffolding"", ""confidence"": ""HIGH"", ""match_method"": ""regex""}]","[{""value"": ""Structure"", ""evidence"": ""Pipe Rack"", ""confidence"": ""HIGH"", ""match_method"": ""regex""}]",[],[],[],[],"[{""rule"": ""Work at Height"", ""score"": 0.9589647167569414}]"
REP-5C70C50E,2020-12-28,Platform Charlie,Deck 3,Incident,Worker's chin strap on helmet was loose during Rigging on Crane C-1.,0,0.1005,Work at Height,"[{""value"": ""Mechanical Lifting"", ""evidence"": ""Rigging"", ""confidence"": ""MEDIUM"", ""match_method"": ""regex""}]","[{""value"": ""Crane"", ""evidence"": ""Crane C-1"", ""confidence"": ""HIGH"", ""match_method"": ""regex""}, {""value"": ""Rigging"", ""evidence"": ""Rigging"", ""confidence"": ""HIGH"", ""match_method"": ""regex""}]",[],[],[],[],"[{""rule"": ""Work at Height"", ""score"": 0.9408166498450589}]"
REP-8C7828FB,2023-09-09,Refinery Delta,Storage Tank A,Incident,The welding lead for Pipe Spool P-10 was slightly tangled during Torch Cutting.,0,0.1044,Hot Work,"[{""value"": ""Hot Work"", ""evidence"": ""welding"", ""confidence"": ""HIGH"", ""match_method"": ""regex""}]","[{""value"": ""Pipeline"", ""evidence"": ""Spool P-10"", ""confidence"": ""HIGH"", ""match_method"": ""regex""}, {""value"": ""Torch"", ""evidence"": ""Torch"", ""confidence"": ""HIGH"", ""match_method"": ""regex""}]",[],[],[],[],"[{""rule"": ""Hot Work"", ""score"": 0.9777790028632374}]"
REP-65F80141,2021-08-24,Site Alpha,Loading Bay,Unsafe Act,"While investigating DCS System, it was found that Safety valve isolated during Process Operation. This exposed the facility to Equipment destruction.",1,0.9406,Bypassing Safety Controls,"[{""value"": ""Operations"", ""evidence"": ""Process Operation"", ""confidence"": ""HIGH"", ""match_method"": ""regex""}]","[{""value"": ""Valve"", ""evidence"": ""valve isolated"", ""confidence"": ""HIGH"", ""match_method"": ""regex""}, {""value"": ""Electrical Panel"", ""evidence"": ""DCS System"", ""confidence"": ""HIGH"", ""match_method"": ""regex""}]",[],"[{""value"": ""SAFETY_DEVICE_BYPASS"", ""evidence"": ""Safety valve isolated"", ""confidence"": ""HIGH"", ""match_method"": ""regex""}]","[{""value"": ""Major Equipment Damage"", ""evidence"": ""Equipment destruction"", ""confidence"": ""HIGH"", ""match_method"": ""regex""}]","[""bypassed-interlock""]","[{""rule"": ""Bypassing Safety Controls"", ""score"": 0.9221616368456003}]"
REP-01482482,2020-02-15,Platform Charlie,Storage Tank A,Incident,"During Lifting, Drill Pipe failed unexpectedly. Because Standing in pinch point, the worker was exposed to Whip from parted cable. Fortunately, the worker jumped back in time.",1,0.9452,Line of Fire,"[{""value"": ""Drilling"", ""evidence"": ""Drill"", ""confidence"": ""HIGH"", ""match_method"": ""regex""}, {""value"": ""Mechanical Lifting"", ""evidence"": ""Lifting"", ""confidence"": ""HIGH"", ""match_method"": ""regex""}]","[{""value"": ""Drill Pipe"", ""evidence"": ""Drill Pipe"", ""confidence"": ""HIGH"", ""match_method"": ""regex""}]","[{""value"": ""Stored Energy"", ""evidence"": ""Whip from parted cable"", ""confidence"": ""HIGH"", ""match_method"": ""regex""}, {""value"": ""Line-of-Fire Exposure"", ""evidence"": ""pinch point"", ""confidence"": ""HIGH"", ""match_method"": ""regex""}]","[{""value"": ""LINE_OF_FIRE_CONTROL_FAILURE"", ""evidence"": ""Standing in pinch point"", ""confidence"": ""HIGH"", ""match_method"": ""regex""}]",[],"[""stored-energy"", ""line-of-fire""]","[{""rule"": ""Line of Fire"", ""score"": 0.9177529755618644}]"
REP-94A68833,2020-07-12,Facility Bravo,Drilling Floor,Unsafe Condition,Operator logged Process Operation for DCS System in the wrong logbook.,0,0.0583,Bypassing Safety Controls,"[{""value"": ""Operations"", ""evidence"": ""Process Operation"", ""confidence"": ""HIGH"", ""match_method"": ""regex""}]","[{""value"": ""System In"", ""evidence"": ""System in"", ""confidence"": ""HIGH"", ""match_method"": ""regex""}, {""value"": ""Electrical Panel"", ""evidence"": ""DCS System"", ""confidence"": ""HIGH"", ""match_method"": ""regex""}]",[],[],[],[],"[{""rule"": ""Bypassing Safety Controls"", ""score"": 0.9650500058318737}]"
REP-AA895156,2021-01-04,Station Foxtrot,Main Workshop,Unsafe Act,Indicator bulb on Pressure Safety Valve PSV-90 was burnt out during System Maintenance.,0,0.1384,Bypassing Safety Controls,"[{""value"": ""Maintenance"", ""evidence"": ""Maintenance"", ""confidence"": ""HIGH"", ""match_method"": ""regex""}]","[{""value"": ""Valve"", ""evidence"": ""Valve PSV-90"", ""confidence"": ""HIGH"", ""match_method"": ""regex""}, {""value"": ""System Maintenance"", ""evidence"": ""System Maintenance"", ""confidence"": ""HIGH"", ""match_method"": ""regex""}, {""value"": ""During System"", ""evidence"": ""during System"", ""confidence"": ""HIGH"", ""match_method"": ""regex""}]",[],[],[],[],"[{""rule"": ""Bypassing Safety Controls"", ""score"": 0.9743222958219627}]"
REP-67DAB22E,2023-05-24,Platform Charlie,Control Room,Unsafe Condition,"Soldering was started on Angle Grinder near a live process area. Sparks falling to lower deck was observed, posing a massive risk of Fire.",1,0.8755,Hot Work,"[{""value"": ""Hot Work"", ""evidence"": ""Soldering"", ""confidence"": ""HIGH"", ""match_method"": ""regex""}]","[{""value"": ""Grinder"", ""evidence"": ""Angle Grinder"", ""confidence"": ""HIGH"", ""match_method"": ""regex""}]","[{""value"": ""Fire/Explosion"", ""evidence"": ""Fire"", ""confidence"": ""MEDIUM"", ""match_method"": ""regex""}]",[],"[{""value"": ""Fire Injury"", ""evidence"": ""Fire"", ""confidence"": ""MEDIUM"", ""match_method"": ""synonym""}, {""value"": ""Explosion Injury"", ""evidence"": ""Fire"", ""confidence"": ""MEDIUM"", ""match_method"": ""synonym""}, {""value"": ""Major Process Safety Event"", ""evidence"": ""Fire"", ""confidence"": ""MEDIUM"", ""match_method"": ""synonym""}]",[],"[{""rule"": ""Hot Work"", ""score"": 0.9478585806300719}]"
REP-26740FC0,2022-01-07,Station Foxtrot,Storage Tank A,Unsafe Condition,The horn on Forklift F-3 sounded a bit quiet during Rigging.,0,0.0167,Safe Mechanical Lifting,"[{""value"": ""Mechanical Lifting"", ""evidence"": ""Rigging"", ""confidence"": ""MEDIUM"", ""match_method"": ""regex""}]","[{""value"": ""Forklift"", ""evidence"": ""Forklift"", ""confidence"": ""HIGH"", ""match_method"": ""regex""}, {""value"": ""Rigging"", ""evidence"": ""Rigging"", ""confidence"": ""HIGH"", ""match_method"": ""regex""}]",[],[],[],[],"[{""rule"": ""Safe Mechanical Lifting"", ""score"": 0.9748259069247585}]"
REP-B8471273,2021-09-26,Terminal Echo,Deck 3,Near Miss,Welder doing Torch Cutting with Pipe Spool P-10 had untucked coveralls.,0,0.0259,Hot Work,"[{""value"": ""Hot Work"", ""evidence"": ""Welder"", ""confidence"": ""HIGH"", ""match_method"": ""regex""}]","[{""value"": ""Pipeline"", ""evidence"": ""Spool P-10"", ""confidence"": ""HIGH"", ""match_method"": ""regex""}, {""value"": ""Torch"", ""evidence"": ""Torch"", ""confidence"": ""HIGH"", ""match_method"": ""regex""}]",[],[],[],[],"[{""rule"": ""Hot Work"", ""score"": 0.9745706109021701}]"
REP-0B0C7902,2022-08-29,Facility Bravo,Drilling Floor,Unsafe Condition,"During Pressure Testing, a piece of non-tensioned wire from Winch W-2 was left on the floor.",0,0.1854,Line of Fire,"[{""value"": ""Pressure Testing"", ""evidence"": ""Pressure Testing"", ""confidence"": ""HIGH"", ""match_method"": ""regex""}]","[{""value"": ""Crane"", ""evidence"": ""Winch W-2"", ""confidence"": ""HIGH"", ""match_method"": ""regex""}]",[],[],[],[],"[{""rule"": ""Line of Fire"", ""score"": 0.9618115427739691}]"
REP-4B3A3740,2022-04-28,Station Foxtrot,Boiler Area,Unsafe Act,"While inspecting Heat Exchanger HX-2, Steam leak was narrowly avoided because Padlock missing.",1,0.7989,Energy Isolation,"[{""value"": ""Maintenance"", ""evidence"": ""inspecting"", ""confidence"": ""HIGH"", ""match_method"": ""regex""}]","[{""value"": ""Heat Exchanger Hx-2"", ""evidence"": ""Heat Exchanger HX-2"", ""confidence"": ""HIGH"", ""match_method"": ""regex""}, {""value"": ""Inspecting Heat Exchanger"", ""evidence"": ""inspecting Heat Exchanger"", ""confidence"": ""HIGH"", ""match_method"": ""regex""}]","[{""value"": ""Loss of Containment"", ""evidence"": ""Steam leak"", ""confidence"": ""HIGH"", ""match_method"": ""regex""}]","[{""value"": ""ENERGY_ISOLATION_FAILURE"", ""evidence"": ""Padlock missing"", ""confidence"": ""HIGH"", ""match_method"": ""regex""}]","[{""value"": ""Major Process Safety Event"", ""evidence"": ""Steam leak"", ""confidence"": ""MEDIUM"", ""match_method"": ""synonym""}]","[""missing-loto""]","[{""rule"": ""Energy Isolation"", ""score"": 0.9388584829077499}]"
REP-252D3653,2022-04-20,Platform Charlie,Drilling Floor,Incident,"Prior to Tank Cleaning in Storage Tank A, it was discovered that Ventilation failed. This could have led to Engulfment and potential fatality.",1,0.9467,Confined Space,"[{""value"": ""Confined Space Entry"", ""evidence"": ""Tank Cleaning"", ""confidence"": ""HIGH"", ""match_method"": ""regex""}, {""value"": ""Cleaning"", ""evidence"": ""Cleaning"", ""confidence"": ""HIGH"", ""match_method"": ""regex""}]","[{""value"": ""Tank"", ""evidence"": ""Tank Cleaning"", ""confidence"": ""HIGH"", ""match_method"": ""regex""}]","[{""value"": ""Confined Atmosphere"", ""evidence"": ""Engulfment"", ""confidence"": ""HIGH"", ""match_method"": ""regex""}]",[],"[{""value"": ""Fatal Exposure"", ""evidence"": ""fatality"", ""confidence"": ""HIGH"", ""match_method"": ""regex""}]",[],"[{""rule"": ""Confined Space"", ""score"": 0.9345287434451782}]"
REP-C168EBB0,2022-08-31,Terminal Echo,Main Workshop,Unsafe Act,The entry log for Reactor R-5 during Tank Cleaning was smudged with dirt.,0,0.0137,Confined Space,"[{""value"": ""Confined Space Entry"", ""evidence"": ""Tank Cleaning"", ""confidence"": ""HIGH"", ""match_method"": ""regex""}, {""value"": ""Cleaning"", ""evidence"": ""Cleaning"", ""confidence"": ""HIGH"", ""match_method"": ""regex""}]","[{""value"": ""Reactor R-5"", ""evidence"": ""Reactor R-5"", ""confidence"": ""HIGH"", ""match_method"": ""regex""}, {""value"": ""Tank"", ""evidence"": ""Tank Cleaning"", ""confidence"": ""HIGH"", ""match_method"": ""regex""}, {""value"": ""For Reactor"", ""evidence"": ""for Reactor"", ""confidence"": ""HIGH"", ""match_method"": ""regex""}]",[],[],[],[],"[{""rule"": ""Confined Space"", ""score"": 0.9790456190125826}]"
REP-8433A732,2022-11-16,Station Foxtrot,Pipe Rack 2,Unsafe Act,"During a walkaround, found personnel doing General Maintenance on Process Module 4. PTW not issued meant they had no controls for Simultaneous operations clash.",1,0.7134,Work Authorization,"[{""value"": ""Maintenance"", ""evidence"": ""Maintenance"", ""confidence"": ""HIGH"", ""match_method"": ""regex""}]","[{""value"": ""Facility"", ""evidence"": ""Process Module"", ""confidence"": ""HIGH"", ""match_method"": ""regex""}]","[{""value"": ""Unidentified Hazards"", ""evidence"": ""Simultaneous operations clash"", ""confidence"": ""HIGH"", ""match_method"": ""regex""}]","[{""value"": ""WORK_AUTHORIZATION_FAILURE"", ""evidence"": ""PTW not issued"", ""confidence"": ""HIGH"", ""match_method"": ""regex""}]",[],"[""expired-permit""]","[{""rule"": ""Work Authorization"", ""score"": 0.8377516917734027}]"
REP-FF3F6352,2020-08-23,Platform Charlie,Loading Bay,Unsafe Condition,"Audit of Pressure Safety Valve PSV-90 post-System Maintenance revealed Alarm disabled. Without this protection, Process safety event could have occurred.",1,0.9528,Bypassing Safety Controls,"[{""value"": ""Maintenance"", ""evidence"": ""Maintenance"", ""confidence"": ""HIGH"", ""match_method"": ""regex""}]","[{""value"": ""Valve"", ""evidence"": ""Valve PSV-90"", ""confidence"": ""HIGH"", ""match_method"": ""regex""}, {""value"": ""System Maintenance"", ""evidence"": ""System Maintenance"", ""confidence"": ""HIGH"", ""match_method"": ""regex""}]",[],"[{""value"": ""SAFETY_DEVICE_BYPASS"", ""evidence"": ""Alarm disabled"", ""confidence"": ""HIGH"", ""match_method"": ""regex""}]","[{""value"": ""Major Process Safety Event"", ""evidence"": ""Process safety event"", ""confidence"": ""HIGH"", ""match_method"": ""regex""}]","[""bypassed-interlock""]","[{""rule"": ""Bypassing Safety Controls"", ""score"": 0.9671208536008569}]"
REP-939999C8,2021-06-09,Platform Charlie,Main Workshop,Unsafe Act,"Worker performing Torquing on Winch W-2 had their hands slightly close to a rough edge, causing a minor scratch.",0,0.1432,Line of Fire,"[{""value"": ""Torquing"", ""evidence"": ""Torquing"", ""confidence"": ""MEDIUM"", ""match_method"": ""regex""}]","[{""value"": ""Crane"", ""evidence"": ""Winch W-2"", ""confidence"": ""HIGH"", ""match_method"": ""regex""}]",[],[],[],[],"[{""rule"": ""Line of Fire"", ""score"": 0.9630725036192559}]"
REP-991FC4DE,2022-06-21,Terminal Echo,Pump Room,Near Miss,"During Soldering with Angle Grinder, Sparks falling to lower deck allowed slag to ignite a small fire. Severe burns potential was extremely high.",1,0.9154,Hot Work,"[{""value"": ""Hot Work"", ""evidence"": ""Soldering"", ""confidence"": ""HIGH"", ""match_method"": ""regex""}]","[{""value"": ""Grinder"", ""evidence"": ""Angle Grinder"", ""confidence"": ""HIGH"", ""match_method"": ""regex""}]","[{""value"": ""Fire/Explosion"", ""evidence"": ""fire"", ""confidence"": ""MEDIUM"", ""match_method"": ""regex""}]",[],"[{""value"": ""Serious Burns"", ""evidence"": ""Severe burns"", ""confidence"": ""HIGH"", ""match_method"": ""regex""}, {""value"": ""Fire Injury"", ""evidence"": ""fire"", ""confidence"": ""MEDIUM"", ""match_method"": ""synonym""}, {""value"": ""Explosion Injury"", ""evidence"": ""fire"", ""confidence"": ""MEDIUM"", ""match_method"": ""synonym""}, {""value"": ""Major Process Safety Event"", ""evidence"": ""fire"", ""confidence"": ""MEDIUM"", ""match_method"": ""synonym""}]",[],"[{""rule"": ""Hot Work"", ""score"": 0.9640280690726374}]"
REP-13B3E10B,2020-06-22,Facility Bravo,Boiler Area,Incident,Worker observed performing Painting on Pipe Rack Level 3 at 15 meters. It was noted that Harness not clipped. A Dropped object could have resulted in a fatality.,1,0.8808,Work at Height,"[{""value"": ""Painting"", ""evidence"": ""Painting"", ""confidence"": ""HIGH"", ""match_method"": ""regex""}]","[{""value"": ""Structure"", ""evidence"": ""Pipe Rack"", ""confidence"": ""HIGH"", ""match_method"": ""regex""}]","[{""value"": ""Dropped Object"", ""evidence"": ""Dropped object"", ""confidence"": ""HIGH"", ""match_method"": ""regex""}]","[{""value"": ""FALL_PROTECTION_FAILURE"", ""evidence"": ""Harness not clipped"", ""confidence"": ""HIGH"", ""match_method"": ""regex""}]","[{""value"": ""Fatal Exposure"", ""evidence"": ""fatality"", ""confidence"": ""HIGH"", ""match_method"": ""regex""}]","[""fall-protection""]","[{""rule"": ""Work at Height"", ""score"": 0.8849168375328156}, {""rule"": ""Safe Mechanical Lifting"", ""score"": 0.49492394381191607}]"
REP-0FB485FA,2023-03-19,Site Alpha,Main Workshop,Near Miss,JSA for Contractor Work near Workshop was printed on crumpled paper.,0,0.0174,Work Authorization,"[{""value"": ""Contractor Work"", ""evidence"": ""Contractor Work"", ""confidence"": ""HIGH"", ""match_method"": ""regex""}]","[{""value"": ""Facility"", ""evidence"": ""Workshop"", ""confidence"": ""HIGH"", ""match_method"": ""regex""}]",[],[],[],[],"[{""rule"": ""Work Authorization"", ""score"": 0.8290270620672928}]"
REP-D65F7795,2020-12-30,Site Alpha,Drilling Floor,Incident,Paint on Chain Block used for Forklift Operation is peeling off.,0,0.0288,Safe Mechanical Lifting,"[{""value"": ""Mechanical Lifting"", ""evidence"": ""Forklift Operation"", ""confidence"": ""HIGH"", ""match_method"": ""regex""}, {""value"": ""Painting"", ""evidence"": ""Paint"", ""confidence"": ""HIGH"", ""match_method"": ""regex""}]","[{""value"": ""Block Used"", ""evidence"": ""Block used"", ""confidence"": ""HIGH"", ""match_method"": ""regex""}, {""value"": ""Crane"", ""evidence"": ""Chain Block"", ""confidence"": ""HIGH"", ""match_method"": ""regex""}, {""value"": ""Forklift"", ""evidence"": ""Forklift"", ""confidence"": ""HIGH"", ""match_method"": ""regex""}]",[],[],[],[],"[{""rule"": ""Safe Mechanical Lifting"", ""score"": 0.9580211419252606}]"
REP-06CAC3B1,2022-10-05,Facility Bravo,Loading Bay,Near Miss,Operator of Overhead Gantry during Rigging forgot his safety glasses but was in an enclosed cab.,0,0.3283,Safe Mechanical Lifting,"[{""value"": ""Mechanical Lifting"", ""evidence"": ""Rigging"", ""confidence"": ""MEDIUM"", ""match_method"": ""regex""}]","[{""value"": ""Rigging"", ""evidence"": ""Rigging"", ""confidence"": ""HIGH"", ""match_method"": ""regex""}, {""value"": ""Crane"", ""evidence"": ""Gantry"", ""confidence"": ""HIGH"", ""match_method"": ""regex""}]",[],[],[],[],"[{""rule"": ""Safe Mechanical Lifting"", ""score"": 0.9371780851111702}]"
