report_id,date,site,location,report_type,activity,description,sif_label,sif_potential,primary_lsr,lsr_tags,hazard,barrier_failure,equipment,potential_consequence,actual_consequence,precursor_tags,severity
REP-4F3DE4BC,2020-03-02,Site Alpha,Loading Bay,Unsafe Condition,Repair,"The tag for Compressor C-10 was faded during Repair. No Electrical shock was present, but tag needs replacement.",0,0.17,Energy Isolation,Energy Isolation,None,None,Compressor C-10,Minor injury,None,,Low
REP-75F7B357,2021-07-23,Facility Bravo,Loading Bay,Near Miss,Inspection,"The tag for Heat Exchanger HX-2 was faded during Inspection. No Steam leak was present, but tag needs replacement.",0,0.17,Energy Isolation,Energy Isolation,None,None,Heat Exchanger HX-2,Minor injury,None,,Low
REP-0E99F988,2021-01-28,Station Foxtrot,Deck 3,Unsafe Act,Process Operation,"While investigating Fire & Gas Panel, it was found that Safety valve isolated during Process Operation. This exposed the facility to Loss of containment.",1,0.86,Bypassing Safety Controls,Bypassing Safety Controls,Loss of containment,Safety valve isolated,Fire & Gas Panel,Major explosion,Property Damage,disabled safety device|bypassed interlock,High
REP-9461E09F,2023-10-04,Platform Charlie,Deck 3,Unsafe Condition,Crane Lifting,Paint on Forklift F-3 used for Crane Lifting is peeling off.,0,0.15,Safe Mechanical Lifting,Safe Mechanical Lifting,None,None,Forklift F-3,Minor injury,None,,Low
REP-9F10DF91,2020-04-24,Facility Bravo,Pump Room,Near Miss,Tank Cleaning,"Worker doing Tank Cleaning in Reactor R-5 complained about poor lighting, though gas levels were normal.",0,0.34,Confined Space,Confined Space,None,None,Reactor R-5,Minor injury,None,,Low
REP-66C4609F,2023-02-23,Terminal Echo,Main Workshop,Incident,Painting,"Scaffolding tubes for Cherry Picker were stored untidily, causing a minor trip hazard during Painting.",0,0.06,Work at Height,Work at Height,None,None,Cherry Picker,Minor injury,None,,Low
REP-27DEEE7C,2023-10-25,Refinery Delta,Deck 3,Incident,System Maintenance,"Screen on Pressure Safety Valve PSV-90 was dirty, making it hard to read during System Maintenance.",0,0.07,Bypassing Safety Controls,Bypassing Safety Controls,None,None,Pressure Safety Valve PSV-90,Minor injury,None,,Low
REP-A18D5215,2022-06-09,Facility Bravo,Control Room,Unsafe Act,Non-routine Task,JSA for Non-routine Task near Utility Area was printed on crumpled paper.,0,0.05,Work Authorization,Work Authorization,None,None,Utility Area,Minor injury,None,,Low
REP-DBEAB1E2,2023-05-11,Platform Charlie,Control Room,Unsafe Act,Forklift Operation,Operator of Mobile Crane during Forklift Operation forgot his safety glasses but was in an enclosed cab.,0,0.37,Safe Mechanical Lifting,Safe Mechanical Lifting,None,None,Mobile Crane,Minor injury,None,,Low
REP-E60A1B03,2023-09-13,Refinery Delta,Pipe Rack 2,Unsafe Condition,Torch Cutting,"During Torch Cutting with Angle Grinder, Fire watcher absent allowed slag to ignite a small fire. Fire potential was extremely high.",1,0.94,Hot Work,Hot Work,Fire,Fire watcher absent,Angle Grinder,Fatal burns,None,ignition source|sparks,Medium
REP-C9B7AF2B,2021-04-05,Site Alpha,Drilling Floor,Unsafe Act,Process Operation,Operator logged Process Operation for Pressure Safety Valve PSV-90 in the wrong logbook.,0,0.06,Bypassing Safety Controls,Bypassing Safety Controls,None,None,Pressure Safety Valve PSV-90,Minor injury,None,,Low
REP-A449CF35,2020-05-25,Terminal Echo,Loading Bay,Near Miss,Vessel Welding,The entry log for Separator V-10 during Vessel Welding was smudged with dirt.,0,0.35,Confined Space,Confined Space,None,None,Separator V-10,Minor injury,None,,Low
REP-7C89BA42,2021-12-26,Refinery Delta,Storage Tank A,Incident,Vessel Welding,The entry log for Separator V-10 during Vessel Welding was smudged with dirt.,0,0.27,Confined Space,Confined Space,None,None,Separator V-10,Minor injury,None,,Low
REP-49D38536,2021-07-24,Refinery Delta,Loading Bay,Unsafe Act,Maintenance,"Noticed Pump P-204 had a minor weep during Maintenance. LOTO was applied correctly, but cleanup was delayed.",0,0.17,Energy Isolation,Energy Isolation,None,None,Pump P-204,Minor injury,None,,Low
REP-E2E977FE,2020-04-30,Facility Bravo,Storage Tank A,Unsafe Act,Transporting Personnel,The Pickup Truck P-12 was slightly dirty during Transporting Personnel.,0,0.35,Driving,Driving,None,None,Pickup Truck P-12,Minor injury,None,,Low
REP-2274A077,2020-05-04,Station Foxtrot,Drilling Floor,Unsafe Act,Rigging,Operator of Overhead Gantry during Rigging forgot his safety glasses but was in an enclosed cab.,0,0.3,Safe Mechanical Lifting,Safe Mechanical Lifting,None,None,Overhead Gantry,Minor injury,None,,Low
REP-3E058AC7,2023-05-02,Site Alpha,Deck 3,Incident,Non-routine Task,"Crew commenced Non-routine Task at Workshop but PTW not issued. Unaware of SIMOPS, they were exposed to Unidentified hazards.",1,0.97,Work Authorization,Work Authorization|Work at Height,Unidentified hazards,PTW not issued,Workshop,Serious injury due to lack of hazard awareness,Property Damage,poor communication|inadequate planning,Medium
REP-0DDD3EC0,2021-10-09,Site Alpha,Pump Room,Incident,Site Patrol,Radio in Crew Bus was left on high volume after Site Patrol.,0,0.13,Driving,Driving,None,None,Crew Bus,Minor injury,None,,Low
REP-52C302DD,2020-11-19,Refinery Delta,Pipe Rack 2,Near Miss,Scaffolding,Worker's chin strap on helmet was loose during Scaffolding on Cherry Picker.,0,0.15,Work at Height,Work at Height,None,None,Cherry Picker,Minor injury,None,,Low
REP-4DCCDEA8,2021-07-31,Terminal Echo,Loading Bay,Near Miss,Transporting Personnel,Radio in Light Vehicle was left on high volume after Transporting Personnel.,0,0.07,Driving,Driving,None,None,Light Vehicle,Minor injury,None,,Low
REP-C8B6DD31,2021-06-20,Facility Bravo,Control Room,Incident,Rigging,"During Rigging using Overhead Gantry, the load began to swing wildly. Overloaded crane caused a loss of control, resulting in Dropped suspended load.",1,0.8,Safe Mechanical Lifting,Safe Mechanical Lifting,Dropped suspended load,Overloaded crane,Overhead Gantry,Multiple serious injuries,Property Damage,blind lift|suspended load,Medium
REP-10798DA3,2020-03-22,Platform Charlie,Loading Bay,Unsafe Condition,Scaffolding,Worker's chin strap on helmet was loose during Scaffolding on Crane C-1.,0,0.13,Work at Height,Work at Height,None,None,Crane C-1,Minor injury,None,,Low
REP-4283E1EA,2022-04-23,Station Foxtrot,Loading Bay,Near Miss,Soldering,Fire extinguisher near Angle Grinder for Soldering was due for monthly inspection next week.,0,0.37,Hot Work,Hot Work,None,None,Angle Grinder,Minor injury,None,,Low
REP-7F766981,2020-02-18,Station Foxtrot,Loading Bay,Incident,Roof Repair,"During Roof Repair, a 5kg wrench was dropped from Scaffold Tower B. Scaffold tag missing meant the area below was not clear. Open grating was a near miss.",1,0.94,Work at Height,Work at Height,Open grating,Scaffold tag missing,Scaffold Tower B,Fatality from fall,None,open hole|missing fall protection,Medium
REP-C51C9A80,2021-06-27,Site Alpha,Deck 3,Incident,Structural Inspection,Worker's chin strap on helmet was loose during Structural Inspection on Pipe Rack Level 3.,0,0.24,Work at Height,Work at Height,None,None,Pipe Rack Level 3,Minor injury,None,,Low
REP-E6E306BD,2023-10-05,Facility Bravo,Drilling Floor,Incident,Soldering,Fire extinguisher near Welding Machine W-1 for Soldering was due for monthly inspection next week.,0,0.28,Hot Work,Hot Work|Work Authorization,None,None,Welding Machine W-1,Minor injury,None,,Low
REP-9F6BFDC0,2023-09-23,Refinery Delta,Boiler Area,Near Miss,Torch Cutting,"During Torch Cutting with Welding Machine W-1, Gas test expired allowed slag to ignite a small fire. Severe burns potential was extremely high.",1,0.86,Hot Work,Hot Work,Severe burns,Gas test expired,Welding Machine W-1,Fatal burns,First Aid,hydrocarbon presence|sparks,Medium
REP-57AB943F,2020-12-13,Station Foxtrot,Deck 3,Near Miss,Repair,"The tag for Electrical Panel EP-5 was faded during Repair. No Electrical shock was present, but tag needs replacement.",0,0.19,Energy Isolation,Energy Isolation,None,None,Electrical Panel EP-5,Minor injury,None,,Low
REP-7C4A1487,2020-05-29,Refinery Delta,Storage Tank A,Unsafe Condition,Welding,The welding lead for Angle Grinder was slightly tangled during Welding.,0,0.25,Hot Work,Hot Work,None,None,Angle Grinder,Minor injury,None,,Low
REP-3C55B0A9,2023-11-26,Terminal Echo,Control Room,Unsafe Act,System Maintenance,Indicator bulb on Shutdown Valve SDV-1 was burnt out during System Maintenance.,0,0.08,Bypassing Safety Controls,Bypassing Safety Controls,None,None,Shutdown Valve SDV-1,Minor injury,None,,Low
REP-FD0511C5,2020-11-21,Station Foxtrot,Control Room,Incident,Roof Repair,"During Roof Repair, worker used the correct harness but the inspection log was not filled in for Crane C-1.",0,0.18,Work at Height,Work at Height,None,None,Crane C-1,Minor injury,None,,Low
REP-F2344921,2023-01-11,Site Alpha,Boiler Area,Unsafe Condition,Vessel Welding,"Worker doing Vessel Welding in Underground Sump complained about poor lighting, though gas levels were normal.",0,0.14,Confined Space,Confined Space,None,None,Underground Sump,Minor injury,None,,Low
REP-8838F41A,2023-11-25,Site Alpha,Storage Tank A,Incident,Pressure Testing,"While conducting Pressure Testing with Winch W-2, an IP stepped into the danger zone. Tension line snapped resulted in the worker being in the Line of Fire for Caught between objects.",1,0.94,Line of Fire,Line of Fire,Caught between objects,Tension line snapped,Winch W-2,Fatal impact,Property Damage,pinch point|tensioned line,High
REP-CB903FAC,2020-12-04,Refinery Delta,Boiler Area,Unsafe Act,Torch Cutting,"Torch Cutting was started on Pipe Spool P-10 near a live process area. Fire watcher absent was observed, posing a massive risk of Toxic fumes.",1,0.81,Hot Work,Hot Work,Toxic fumes,Fire watcher absent,Pipe Spool P-10,Facility explosion,Property Damage,hydrocarbon presence|flammable atmosphere,High
REP-00FA1FA0,2022-02-15,Platform Charlie,Storage Tank A,Near Miss,Maintenance,"While preparing for Maintenance on Valve V-99, found that the lock for LOTO was slightly rusted, making it hard to use.",0,0.14,Energy Isolation,Energy Isolation|Work Authorization,None,None,Valve V-99,Minor injury,None,,Low
REP-40830B53,2020-02-11,Terminal Echo,Boiler Area,Unsafe Condition,General Maintenance,Permit for General Maintenance at Process Module 4 had a minor spelling mistake in the supervisor's name.,0,0.09,Work Authorization,Work Authorization,None,None,Process Module 4,Minor injury,None,,Low
REP-69EF932D,2020-02-22,Platform Charlie,Storage Tank A,Incident,Rigging,Worker observed performing Rigging on Crane C-1 at 15 meters. It was noted that No barricade below. A Open grating could have resulted in a fatality.,1,0.98,Work at Height,Work at Height,Open grating,No barricade below,Crane C-1,Serious head injury from dropped object,Property Damage,edge proximity|working aloft,Medium
REP-76B64B7D,2022-05-27,Station Foxtrot,Drilling Floor,Unsafe Act,Tank Cleaning,The entry log for Separator V-10 during Tank Cleaning was smudged with dirt.,0,0.15,Confined Space,Confined Space,None,None,Separator V-10,Minor injury,None,,Low
REP-7EA68700,2022-12-04,Station Foxtrot,Main Workshop,Incident,Welding,Welder doing Welding with Pipe Spool P-10 had untucked coveralls.,0,0.18,Hot Work,Hot Work,None,None,Pipe Spool P-10,Minor injury,None,,Low
REP-F53F9D36,2021-11-19,Site Alpha,Control Room,Near Miss,Hoisting,Operator of Forklift F-3 during Hoisting forgot his safety glasses but was in an enclosed cab.,0,0.27,Safe Mechanical Lifting,Safe Mechanical Lifting,None,None,Forklift F-3,Minor injury,None,,Low
REP-0792A514,2021-05-09,Station Foxtrot,Storage Tank A,Incident,Internal Inspection,"Prior to Internal Inspection in Underground Sump, it was discovered that Ventilation failed. This could have led to Engulfment and potential fatality.",1,0.85,Confined Space,Confined Space,Engulfment,Ventilation failed,Underground Sump,Loss of consciousness,None,poor ventilation|deep excavation,Medium
REP-A663912C,2023-04-06,Platform Charlie,Control Room,Near Miss,Vessel Welding,The entry log for Reactor R-5 during Vessel Welding was smudged with dirt.,0,0.13,Confined Space,Confined Space|Safe Mechanical Lifting,None,None,Reactor R-5,Minor injury,None,,Low
REP-446479EC,2023-01-02,Station Foxtrot,Boiler Area,Unsafe Condition,Site Patrol,The Crew Bus was slightly dirty during Site Patrol.,0,0.13,Driving,Driving,None,None,Crew Bus,Minor injury,None,,Low
REP-B6E94887,2020-04-03,Site Alpha,Pipe Rack 2,Near Miss,Contractor Work,"Crew commenced Contractor Work at Utility Area but JSA not discussed. Unaware of SIMOPS, they were exposed to Unidentified hazards.",1,0.91,Work Authorization,Work Authorization,Unidentified hazards,JSA not discussed,Utility Area,Process incident,First Aid,poor communication|inadequate planning,Medium
REP-2F247C3A,2021-06-01,Refinery Delta,Deck 3,Unsafe Act,Grinding,"Worker performing Grinding on Winch W-2 had their hands slightly close to a rough edge, causing a minor scratch.",0,0.39,Line of Fire,Line of Fire,None,None,Winch W-2,Minor injury,None,,Low
REP-511462B9,2022-05-02,Terminal Echo,Loading Bay,Incident,Rigging,Worker's chin strap on helmet was loose during Rigging on Scaffold Tower B.,0,0.23,Work at Height,Work at Height,None,None,Scaffold Tower B,Minor injury,None,,Low
REP-D5DCD942,2020-06-15,Facility Bravo,Loading Bay,Unsafe Condition,Contractor Work,Permit for Contractor Work at Camp Facility had a minor spelling mistake in the supervisor's name.,0,0.11,Work Authorization,Work Authorization,None,None,Camp Facility,Minor injury,None,,Low
REP-7F102092,2022-07-18,Site Alpha,Loading Bay,Near Miss,Lifting,Barricade tape for Lifting near High Pressure Hose was blown down by the wind. No operations were ongoing.,0,0.12,Line of Fire,Line of Fire,None,None,High Pressure Hose,Minor injury,None,,Low
REP-25C0DDC4,2023-05-03,Station Foxtrot,Main Workshop,Incident,Internal Inspection,The entry log for Storage Tank A during Internal Inspection was smudged with dirt.,0,0.32,Confined Space,Confined Space,None,None,Storage Tank A,Minor injury,None,,Low
REP-220580CE,2021-04-13,Station Foxtrot,Pump Room,Near Miss,Rigging,"Rigging was taking place with Overhead Gantry. It was found that No tag lines used, which is a severe violation that could result in Rigging failure.",1,0.88,Safe Mechanical Lifting,Safe Mechanical Lifting,Rigging failure,No tag lines used,Overhead Gantry,Crush fatality,None,dynamic loading|blind lift,Medium
REP-1F2766FC,2022-04-16,Platform Charlie,Drilling Floor,Unsafe Act,Grinding,"Worker performing Grinding on Drill Pipe had their hands slightly close to a rough edge, causing a minor scratch.",0,0.19,Line of Fire,Line of Fire,None,None,Drill Pipe,Minor injury,None,,Low
REP-886DF4C5,2022-04-07,Terminal Echo,Pump Room,Incident,Soldering,The welding lead for Pipe Spool P-10 was slightly tangled during Soldering.,0,0.06,Hot Work,Hot Work|Work at Height,None,None,Pipe Spool P-10,Minor injury,None,,Low
REP-B2F54B6A,2022-09-19,Site Alpha,Pump Room,Unsafe Condition,Vessel Welding,"Worker doing Vessel Welding in Underground Sump complained about poor lighting, though gas levels were normal.",0,0.35,Confined Space,Confined Space,None,None,Underground Sump,Minor injury,None,,Low
REP-1C8487E9,2021-08-20,Terminal Echo,Main Workshop,Incident,Crane Lifting,The horn on Chain Block sounded a bit quiet during Crane Lifting.,0,0.2,Safe Mechanical Lifting,Safe Mechanical Lifting,None,None,Chain Block,Minor injury,None,,Low
REP-51E17039,2022-04-29,Platform Charlie,Pipe Rack 2,Near Miss,General Maintenance,JSA for General Maintenance near Camp Facility was printed on crumpled paper.,0,0.31,Work Authorization,Work Authorization,None,None,Camp Facility,Minor injury,None,,Low
REP-DFABBC5C,2021-10-21,Facility Bravo,Loading Bay,Incident,Hoisting,Operator of Chain Block during Hoisting forgot his safety glasses but was in an enclosed cab.,0,0.16,Safe Mechanical Lifting,Safe Mechanical Lifting,None,None,Chain Block,Minor injury,None,,Low
REP-7797630B,2022-06-20,Site Alpha,Pipe Rack 2,Incident,Process Operation,"While investigating Fire & Gas Panel, it was found that Override left active during Process Operation. This exposed the facility to Equipment destruction.",1,0.74,Bypassing Safety Controls,Bypassing Safety Controls,Equipment destruction,Override left active,Fire & Gas Panel,Catastrophic release,None,bypassed interlock|unauthorized override,High
REP-8ACBEEAE,2023-07-07,Station Foxtrot,Control Room,Unsafe Act,Grinding,"During Grinding, Hydraulic Torque Wrench failed unexpectedly. Because Tension line snapped, the worker was exposed to Struck by moving object. Fortunately, the worker jumped back in time.",1,0.95,Line of Fire,Line of Fire,Struck by moving object,Tension line snapped,Hydraulic Torque Wrench,Fatal impact,First Aid,pinch point|tensioned line,High
REP-506DBB3F,2020-02-29,Site Alpha,Drilling Floor,Unsafe Act,Vessel Welding,The entry log for Underground Sump during Vessel Welding was smudged with dirt.,0,0.28,Confined Space,Confined Space,None,None,Underground Sump,Minor injury,None,,Low
REP-A05EBFBA,2022-02-22,Terminal Echo,Loading Bay,Incident,Soldering,Welder doing Soldering with Angle Grinder had untucked coveralls.,0,0.04,Hot Work,Hot Work,None,None,Angle Grinder,Minor injury,None,,Low
REP-6728B97F,2020-05-31,Refinery Delta,Drilling Floor,Near Miss,Pressure Testing,Barricade tape for Pressure Testing near High Pressure Hose was blown down by the wind. No operations were ongoing.,0,0.22,Line of Fire,Line of Fire,None,None,High Pressure Hose,Minor injury,None,,Low
REP-12614673,2022-01-05,Terminal Echo,Main Workshop,Near Miss,Alarm Testing,Indicator bulb on Fire & Gas Panel was burnt out during Alarm Testing.,0,0.16,Bypassing Safety Controls,Bypassing Safety Controls,None,None,Fire & Gas Panel,Minor injury,None,,Low
REP-0DAECB08,2021-05-28,Station Foxtrot,Boiler Area,Unsafe Act,System Maintenance,Operator engaged in System Maintenance admitted to bypassing safety logic on DCS System. Override left active is a severe breach leading to Process safety event.,1,0.76,Bypassing Safety Controls,Bypassing Safety Controls,Process safety event,Override left active,DCS System,Catastrophic release,Property Damage,bypassed interlock|ignored alarm,Medium
REP-0BE42ACD,2020-12-25,Facility Bravo,Boiler Area,Near Miss,Repair,"While preparing for Repair on Valve V-99, found that the lock for LOTO was slightly rusted, making it hard to use.",0,0.3,Energy Isolation,Energy Isolation,None,None,Valve V-99,Minor injury,None,,Low
REP-517F7F7F,2021-04-07,Station Foxtrot,Storage Tank A,Near Miss,Forklift Operation,The horn on Overhead Gantry sounded a bit quiet during Forklift Operation.,0,0.06,Safe Mechanical Lifting,Safe Mechanical Lifting,None,None,Overhead Gantry,Minor injury,None,,Low
REP-05A50190,2023-10-14,Facility Bravo,Control Room,Unsafe Act,Process Operation,Operator engaged in Process Operation admitted to bypassing safety logic on Fire & Gas Panel. Override left active is a severe breach leading to Process safety event.,1,0.94,Bypassing Safety Controls,Bypassing Safety Controls,Process safety event,Override left active,Fire & Gas Panel,Catastrophic release,None,ignored alarm|unauthorized override,High
REP-CE6C4A0A,2020-04-02,Site Alpha,Main Workshop,Incident,Site Patrol,Driver doing Site Patrol in Light Vehicle parked slightly outside the designated lines.,0,0.06,Driving,Driving,None,None,Light Vehicle,Minor injury,None,,Low
REP-7ACB5E57,2020-07-21,Refinery Delta,Storage Tank A,Near Miss,Vessel Welding,"During Vessel Welding inside Separator V-10, Rescue plan inadequate was noted. This is a critical failure leading to high risk of Heat exhaustion.",1,0.91,Confined Space,Confined Space,Heat exhaustion,Rescue plan inadequate,Separator V-10,Fatality due to toxic gas,Property Damage,deep excavation|poor ventilation,High
REP-7487B026,2020-07-06,Station Foxtrot,Loading Bay,Unsafe Act,Grinding,"During Grinding with Pipe Spool P-10, Fire watcher absent allowed slag to ignite a small fire. Toxic fumes potential was extremely high.",1,0.78,Hot Work,Hot Work|Bypassing Safety Controls,Toxic fumes,Fire watcher absent,Pipe Spool P-10,Facility explosion,First Aid,sparks|ignition source,Medium
REP-131881B5,2020-10-23,Facility Bravo,Pipe Rack 2,Near Miss,Grinding,"During Grinding with Angle Grinder, Combustibles not cleared allowed slag to ignite a small fire. Explosion potential was extremely high.",1,0.92,Hot Work,Hot Work,Explosion,Combustibles not cleared,Angle Grinder,Fatal burns,First Aid,flammable atmosphere|ignition source,Medium
REP-8463F7A6,2022-05-12,Terminal Echo,Deck 3,Unsafe Act,Scaffolding,"Scaffolding tubes for Crane C-1 were stored untidily, causing a minor trip hazard during Scaffolding.",0,0.03,Work at Height,Work at Height,None,None,Crane C-1,Minor injury,None,,Low
REP-18D9FD6E,2020-05-04,Refinery Delta,Storage Tank A,Incident,Welding,Fire extinguisher near Pipe Spool P-10 for Welding was due for monthly inspection next week.,0,0.39,Hot Work,Hot Work,None,None,Pipe Spool P-10,Minor injury,None,,Low
REP-D6BC748E,2023-04-13,Terminal Echo,Drilling Floor,Incident,Non-routine Task,JSA for Non-routine Task near Camp Facility was printed on crumpled paper.,0,0.25,Work Authorization,Work Authorization,None,None,Camp Facility,Minor injury,None,,Low
REP-089F1463,2022-04-27,Platform Charlie,Control Room,Incident,Site Patrol,Driver doing Site Patrol in Forklift parked slightly outside the designated lines.,0,0.36,Driving,Driving,None,None,Forklift,Minor injury,None,,Low
REP-6B8739C9,2020-07-09,Refinery Delta,Deck 3,Near Miss,Structural Inspection,Worker's chin strap on helmet was loose during Structural Inspection on Roof Access Ladder.,0,0.33,Work at Height,Work at Height,None,None,Roof Access Ladder,Minor injury,None,,Low
REP-30EC9E9D,2023-05-14,Platform Charlie,Drilling Floor,Unsafe Act,Transporting Personnel,The Light Vehicle was slightly dirty during Transporting Personnel.,0,0.39,Driving,Driving,None,None,Light Vehicle,Minor injury,None,,Low
REP-B8A6E232,2022-05-28,Terminal Echo,Pipe Rack 2,Unsafe Act,Tank Cleaning,"Worker doing Tank Cleaning in Reactor R-5 complained about poor lighting, though gas levels were normal.",0,0.23,Confined Space,Confined Space,None,None,Reactor R-5,Minor injury,None,,Low
REP-10007C6F,2020-05-22,Facility Bravo,Pump Room,Unsafe Act,Crane Lifting,Operator of Forklift F-3 during Crane Lifting forgot his safety glasses but was in an enclosed cab.,0,0.27,Safe Mechanical Lifting,Safe Mechanical Lifting,None,None,Forklift F-3,Minor injury,None,,Low
REP-1D287376,2020-04-17,Facility Bravo,Boiler Area,Unsafe Act,Internal Inspection,Tools used for Internal Inspection in Reactor R-5 were left outside the entrance untidily.,0,0.04,Confined Space,Confined Space,None,None,Reactor R-5,Minor injury,None,,Low
REP-DA13750C,2023-10-20,Station Foxtrot,Control Room,Near Miss,Rigging,Paint on Chain Block used for Rigging is peeling off.,0,0.05,Safe Mechanical Lifting,Safe Mechanical Lifting,None,None,Chain Block,Minor injury,None,,Low
REP-3FBDF8F8,2022-05-31,Facility Bravo,Boiler Area,Incident,Alarm Testing,Operator engaged in Alarm Testing admitted to bypassing safety logic on DCS System. Alarm disabled is a severe breach leading to Process safety event.,1,0.8,Bypassing Safety Controls,Bypassing Safety Controls,Process safety event,Alarm disabled,DCS System,Catastrophic release,First Aid,bypassed interlock|unauthorized override,Medium
REP-8B5A801E,2023-03-20,Refinery Delta,Storage Tank A,Near Miss,Vessel Welding,"Worker doing Vessel Welding in Underground Sump complained about poor lighting, though gas levels were normal.",0,0.23,Confined Space,Confined Space|Energy Isolation,None,None,Underground Sump,Minor injury,None,,Low
REP-95B292D8,2021-09-27,Station Foxtrot,Drilling Floor,Unsafe Condition,Repair,"While inspecting Compressor C-10, H2S exposure was narrowly avoided because Padlock missing.",1,0.82,Energy Isolation,Energy Isolation|Line of Fire,H2S exposure,Padlock missing,Compressor C-10,Severe chemical burns,First Aid,inadequate isolation|live electrical,Medium
REP-5EF204E5,2023-08-14,Facility Bravo,Loading Bay,Unsafe Act,Lifting,Barricade tape for Lifting near Drill Pipe was blown down by the wind. No operations were ongoing.,0,0.38,Line of Fire,Line of Fire,None,None,Drill Pipe,Minor injury,None,,Low
REP-B8949EBB,2021-10-09,Facility Bravo,Control Room,Unsafe Act,Tank Cleaning,"During Tank Cleaning inside Separator V-10, Attendant absent was noted. This is a critical failure leading to high risk of Toxic atmosphere.",1,0.89,Confined Space,Confined Space,Toxic atmosphere,Attendant absent,Separator V-10,Loss of consciousness,Property Damage,deep excavation|poor ventilation,High
REP-2B7ED4A0,2020-06-06,Station Foxtrot,Deck 3,Incident,Hoisting,Paint on Mobile Crane used for Hoisting is peeling off.,0,0.33,Safe Mechanical Lifting,Safe Mechanical Lifting,None,None,Mobile Crane,Minor injury,None,,Low
REP-5852EB77,2021-12-04,Station Foxtrot,Deck 3,Unsafe Condition,Transporting Personnel,Driver doing Transporting Personnel in Forklift parked slightly outside the designated lines.,0,0.05,Driving,Driving,None,None,Forklift,Minor injury,None,,Low
REP-8A4906EE,2021-11-06,Site Alpha,Pipe Rack 2,Incident,Contractor Work,Critical Contractor Work on Workshop proceeded despite Wrong permit type. This breakdown in authorization risked Simultaneous operations clash.,1,0.72,Work Authorization,Work Authorization,Simultaneous operations clash,Wrong permit type,Workshop,Process incident,None,simops|inadequate planning,High
REP-1C6C29A5,2020-06-22,Platform Charlie,Pipe Rack 2,Incident,Torquing,Barricade tape for Torquing near Winch W-2 was blown down by the wind. No operations were ongoing.,0,0.29,Line of Fire,Line of Fire,None,None,Winch W-2,Minor injury,None,,Low
REP-75FFF3A7,2022-09-22,Facility Bravo,Loading Bay,Unsafe Condition,Grinding,The welding lead for Welding Machine W-1 was slightly tangled during Grinding.,0,0.38,Hot Work,Hot Work,None,None,Welding Machine W-1,Minor injury,None,,Low
REP-BC463935,2022-06-15,Site Alpha,Storage Tank A,Near Miss,Crane Lifting,A heavy skid was being moved during Crane Lifting. Damaged slings used led to a near miss involving Swinging load near Mobile Crane.,1,0.92,Safe Mechanical Lifting,Safe Mechanical Lifting,Swinging load,Damaged slings used,Mobile Crane,Multiple serious injuries,Property Damage,heavy lifting|suspended load,Medium
REP-4497A44C,2023-03-14,Refinery Delta,Control Room,Near Miss,Internal Inspection,"Worker doing Internal Inspection in Underground Sump complained about poor lighting, though gas levels were normal.",0,0.27,Confined Space,Confined Space,None,None,Underground Sump,Minor injury,None,,Low
REP-BC0A2D63,2023-02-09,Site Alpha,Pipe Rack 2,Unsafe Act,Heavy Haulage,Driver doing Heavy Haulage in Vacuum Truck parked slightly outside the designated lines.,0,0.35,Driving,Driving,None,None,Vacuum Truck,Minor injury,None,,Low
REP-4785A6FA,2022-04-29,Site Alpha,Storage Tank A,Near Miss,Torquing,"During Torquing, a piece of non-tensioned wire from High Pressure Hose was left on the floor.",0,0.37,Line of Fire,Line of Fire,None,None,High Pressure Hose,Minor injury,None,,Low
REP-4E7D8FF4,2020-10-11,Station Foxtrot,Control Room,Incident,Structural Inspection,Worker observed performing Structural Inspection on Crane C-1 at 15 meters. It was noted that No barricade below. A Fall from height could have resulted in a fatality.,1,0.71,Work at Height,Work at Height,Fall from height,No barricade below,Crane C-1,Fatality from fall,Property Damage,missing fall protection|unsecured tools,High
REP-27D8172D,2021-05-01,Platform Charlie,Deck 3,Unsafe Act,Scaffolding,Worker's chin strap on helmet was loose during Scaffolding on Pipe Rack Level 3.,0,0.31,Work at Height,Work at Height,None,None,Pipe Rack Level 3,Minor injury,None,,Low
REP-50DD8922,2022-05-03,Facility Bravo,Deck 3,Near Miss,General Maintenance,"Crew commenced General Maintenance at Process Module 4 but PTW not issued. Unaware of SIMOPS, they were exposed to Simultaneous operations clash.",1,0.88,Work Authorization,Work Authorization,Simultaneous operations clash,PTW not issued,Process Module 4,Serious injury due to lack of hazard awareness,Property Damage,simops|poor communication,Medium
REP-828847FC,2021-05-08,Station Foxtrot,Deck 3,Near Miss,Transporting Personnel,"A safety camera caught Forklift engaged in Transporting Personnel. The footage revealed Speeding, which is a precursor to Loss of control.",1,0.7,Driving,Driving,Loss of control,Speeding,Forklift,Crush injuries to pedestrian,First Aid,poor road conditions|distracted driving,Medium
REP-6A6FC483,2021-08-23,Facility Bravo,Pump Room,Unsafe Condition,Torch Cutting,"A contractor began Torch Cutting using Angle Grinder. A safety walk discovered Sparks falling to lower deck, immediately stopping work due to Toxic fumes risk.",1,0.93,Hot Work,Hot Work,Toxic fumes,Sparks falling to lower deck,Angle Grinder,Fatal burns,None,flammable atmosphere|ignition source,High
REP-DC40FA1D,2020-04-07,Station Foxtrot,Drilling Floor,Near Miss,Torch Cutting,The welding lead for Pipe Spool P-10 was slightly tangled during Torch Cutting.,0,0.35,Hot Work,Hot Work,None,None,Pipe Spool P-10,Minor injury,None,,Low
REP-7B468A86,2022-05-19,Site Alpha,Storage Tank A,Unsafe Condition,Soldering,"During Soldering with Pipe Spool P-10, Sparks falling to lower deck allowed slag to ignite a small fire. Toxic fumes potential was extremely high.",1,0.81,Hot Work,Hot Work,Toxic fumes,Sparks falling to lower deck,Pipe Spool P-10,Facility explosion,None,hydrocarbon presence|sparks,High
REP-C329B714,2022-07-04,Site Alpha,Drilling Floor,Incident,Welding,Fire extinguisher near Welding Machine W-1 for Welding was due for monthly inspection next week.,0,0.18,Hot Work,Hot Work,None,None,Welding Machine W-1,Minor injury,None,,Low
REP-2634B0F5,2021-04-28,Station Foxtrot,Drilling Floor,Near Miss,Maintenance,"Noticed Valve V-99 had a minor weep during Maintenance. LOTO was applied correctly, but cleanup was delayed.",0,0.06,Energy Isolation,Energy Isolation,None,None,Valve V-99,Minor injury,None,,Low
REP-9A5C2AAD,2021-10-05,Station Foxtrot,Main Workshop,Unsafe Condition,Inspection,"The tag for Valve V-99 was faded during Inspection. No Stored energy discharge was present, but tag needs replacement.",0,0.15,Energy Isolation,Energy Isolation,None,None,Valve V-99,Minor injury,None,,Low
REP-2AF97B2E,2021-08-07,Station Foxtrot,Control Room,Unsafe Condition,Inspection,"Noticed Valve V-99 had a minor weep during Inspection. LOTO was applied correctly, but cleanup was delayed.",0,0.4,Energy Isolation,Energy Isolation,None,None,Valve V-99,Minor injury,None,,Low
REP-60C417C3,2020-11-18,Station Foxtrot,Boiler Area,Near Miss,Roof Repair,"Roof Repair was ongoing near Crane C-1 when grating was removed. Harness not clipped left the hole unprotected, creating a high risk of Open grating.",1,0.72,Work at Height,Work at Height,Open grating,Harness not clipped,Crane C-1,Multiple fractures,First Aid,missing fall protection|edge proximity,High
REP-DDE4883A,2023-02-03,Facility Bravo,Deck 3,Unsafe Act,Painting,"Scaffolding tubes for Crane C-1 were stored untidily, causing a minor trip hazard during Painting.",0,0.32,Work at Height,Work at Height,None,None,Crane C-1,Minor injury,None,,Low
REP-430CE6AE,2021-12-06,Facility Bravo,Pipe Rack 2,Unsafe Condition,Non-routine Task,JSA for Non-routine Task near Camp Facility was printed on crumpled paper.,0,0.28,Work Authorization,Work Authorization,None,None,Camp Facility,Minor injury,None,,Low
REP-F1331516,2022-11-28,Platform Charlie,Deck 3,Near Miss,Grinding,Barricade tape for Grinding near Drill Pipe was blown down by the wind. No operations were ongoing.,0,0.1,Line of Fire,Line of Fire,None,None,Drill Pipe,Minor injury,None,,Low
REP-1ECA52FA,2020-03-25,Site Alpha,Deck 3,Unsafe Act,Site Patrol,"A safety camera caught Vacuum Truck engaged in Site Patrol. The footage revealed Brakes defective, which is a precursor to Pedestrian impact.",1,0.88,Driving,Driving|Line of Fire,Pedestrian impact,Brakes defective,Vacuum Truck,Crush injuries to pedestrian,Property Damage,distracted driving|high speed,High
REP-67E7E476,2023-11-03,Refinery Delta,Main Workshop,Incident,Forklift Operation,The horn on Chain Block sounded a bit quiet during Forklift Operation.,0,0.32,Safe Mechanical Lifting,Safe Mechanical Lifting,None,None,Chain Block,Minor injury,None,,Low
REP-E0A833C6,2021-12-08,Refinery Delta,Boiler Area,Near Miss,Inspection,"Operator was performing Inspection on Valve V-99. It was discovered that Padlock missing, leaving the system vulnerable to Steam leak. Work was stopped immediately.",1,0.95,Energy Isolation,Energy Isolation,Steam leak,Padlock missing,Valve V-99,Asphyxiation,Property Damage,toxic fluid|inadequate isolation,High
REP-A4AB0849,2022-02-25,Terminal Echo,Storage Tank A,Unsafe Condition,Structural Inspection,Worker's chin strap on helmet was loose during Structural Inspection on Crane C-1.,0,0.12,Work at Height,Work at Height,None,None,Crane C-1,Minor injury,None,,Low
REP-CE0310DD,2022-10-15,Site Alpha,Deck 3,Incident,Torquing,"During Torquing, a piece of non-tensioned wire from Drill Pipe was left on the floor.",0,0.35,Line of Fire,Line of Fire,None,None,Drill Pipe,Minor injury,None,,Low
REP-9A70A394,2020-08-08,Refinery Delta,Boiler Area,Near Miss,Tank Cleaning,Tools used for Tank Cleaning in Underground Sump were left outside the entrance untidily.,0,0.01,Confined Space,Confined Space,None,None,Underground Sump,Minor injury,None,,Low
REP-14364CB2,2022-10-29,Refinery Delta,Pipe Rack 2,Near Miss,System Maintenance,Operator logged System Maintenance for DCS System in the wrong logbook.,0,0.04,Bypassing Safety Controls,Bypassing Safety Controls,None,None,DCS System,Minor injury,None,,Low
REP-3DF9B905,2022-04-02,Terminal Echo,Pump Room,Unsafe Act,Painting,Worker's chin strap on helmet was loose during Painting on Scaffold Tower B.,0,0.24,Work at Height,Work at Height,None,None,Scaffold Tower B,Minor injury,None,,Low
REP-F0630AC0,2021-11-19,Terminal Echo,Pipe Rack 2,Incident,Soldering,"During Soldering with Pipe Spool P-10, Fire watcher absent allowed slag to ignite a small fire. Explosion potential was extremely high.",1,0.99,Hot Work,Hot Work,Explosion,Fire watcher absent,Pipe Spool P-10,Facility explosion,Property Damage,sparks|ignition source,High
REP-E392633C,2023-11-10,Station Foxtrot,Pump Room,Incident,Rigging,Paint on Mobile Crane used for Rigging is peeling off.,0,0.32,Safe Mechanical Lifting,Safe Mechanical Lifting,None,None,Mobile Crane,Minor injury,None,,Low
REP-6A49D669,2023-03-18,Station Foxtrot,Deck 3,Unsafe Condition,Vessel Welding,Tools used for Vessel Welding in Storage Tank A were left outside the entrance untidily.,0,0.1,Confined Space,Confined Space,None,None,Storage Tank A,Minor injury,None,,Low
REP-3202EDCE,2021-02-28,Terminal Echo,Drilling Floor,Incident,Soldering,"A contractor began Soldering using Angle Grinder. A safety walk discovered Fire watcher absent, immediately stopping work due to Toxic fumes risk.",1,0.72,Hot Work,Hot Work,Toxic fumes,Fire watcher absent,Angle Grinder,Facility explosion,Property Damage,hydrocarbon presence|sparks,Medium
REP-CBE4EEF1,2021-05-19,Platform Charlie,Pipe Rack 2,Near Miss,Grinding,The welding lead for Pipe Spool P-10 was slightly tangled during Grinding.,0,0.08,Hot Work,Hot Work,None,None,Pipe Spool P-10,Minor injury,None,,Low
REP-35BD282B,2021-12-07,Facility Bravo,Main Workshop,Unsafe Act,Hoisting,"During Hoisting using Forklift F-3, the load began to swing wildly. Outriggers not extended caused a loss of control, resulting in Rigging failure.",1,0.87,Safe Mechanical Lifting,Safe Mechanical Lifting,Rigging failure,Outriggers not extended,Forklift F-3,Structural collapse,First Aid,blind lift|heavy lifting,High
REP-3EB43861,2020-10-08,Site Alpha,Loading Bay,Unsafe Condition,Structural Inspection,"During Structural Inspection, worker used the correct harness but the inspection log was not filled in for Roof Access Ladder.",0,0.28,Work at Height,Work at Height,None,None,Roof Access Ladder,Minor injury,None,,Low
REP-6E6D1646,2020-11-19,Refinery Delta,Control Room,Incident,Material Delivery,"A safety camera caught Vacuum Truck engaged in Material Delivery. The footage revealed Speeding, which is a precursor to Vehicle collision.",1,0.92,Driving,Driving,Vehicle collision,Speeding,Vacuum Truck,Severe whiplash,Property Damage,heavy vehicle interaction|high speed,Medium
REP-A0C7A363,2020-12-26,Site Alpha,Storage Tank A,Incident,Hoisting,Paint on Overhead Gantry used for Hoisting is peeling off.,0,0.35,Safe Mechanical Lifting,Safe Mechanical Lifting,None,None,Overhead Gantry,Minor injury,None,,Low
REP-AD773E98,2021-11-08,Facility Bravo,Control Room,Near Miss,Crane Lifting,A heavy skid was being moved during Crane Lifting. Overloaded crane led to a near miss involving Swinging load near Mobile Crane.,1,0.84,Safe Mechanical Lifting,Safe Mechanical Lifting,Swinging load,Overloaded crane,Mobile Crane,Structural collapse,None,dynamic loading|suspended load,Medium
REP-F45D593A,2022-03-31,Station Foxtrot,Deck 3,Unsafe Condition,Repair,"The tag for Electrical Panel EP-5 was faded during Repair. No H2S exposure was present, but tag needs replacement.",0,0.14,Energy Isolation,Energy Isolation,None,None,Electrical Panel EP-5,Minor injury,None,,Low
REP-0FB485FA,2023-03-19,Site Alpha,Main Workshop,Near Miss,Contractor Work,JSA for Contractor Work near Workshop was printed on crumpled paper.,0,0.24,Work Authorization,Work Authorization,None,None,Workshop,Minor injury,None,,Low
REP-0D7EF9B8,2021-08-27,Platform Charlie,Loading Bay,Unsafe Condition,Maintenance,"The tag for Valve V-99 was faded during Maintenance. No Stored energy discharge was present, but tag needs replacement.",0,0.37,Energy Isolation,Energy Isolation,None,None,Valve V-99,Minor injury,None,,Low
REP-5871BECE,2021-05-21,Station Foxtrot,Deck 3,Incident,General Maintenance,Worker doing General Maintenance at Camp Facility did not sign the permit exactly on the line.,0,0.33,Work Authorization,Work Authorization,None,None,Camp Facility,Minor injury,None,,Low
REP-6604BA7D,2023-10-25,Facility Bravo,Control Room,Unsafe Act,Welding,Fire extinguisher near Welding Machine W-1 for Welding was due for monthly inspection next week.,0,0.18,Hot Work,Hot Work,None,None,Welding Machine W-1,Minor injury,None,,Low
REP-20EEAF97,2022-03-21,Platform Charlie,Pump Room,Unsafe Condition,General Maintenance,JSA for General Maintenance near Camp Facility was printed on crumpled paper.,0,0.29,Work Authorization,Work Authorization,None,None,Camp Facility,Minor injury,None,,Low
REP-E6AFB1FF,2021-01-03,Facility Bravo,Storage Tank A,Near Miss,Pipefitting,"Noticed Electrical Panel EP-5 had a minor weep during Pipefitting. LOTO was applied correctly, but cleanup was delayed.",0,0.12,Energy Isolation,Energy Isolation,None,None,Electrical Panel EP-5,Minor injury,None,,Low
REP-ECB0BAEF,2023-01-05,Refinery Delta,Pipe Rack 2,Unsafe Condition,System Maintenance,Operator logged System Maintenance for Shutdown Valve SDV-1 in the wrong logbook.,0,0.06,Bypassing Safety Controls,Bypassing Safety Controls,None,None,Shutdown Valve SDV-1,Minor injury,None,,Low
REP-16839B7A,2021-05-21,Refinery Delta,Drilling Floor,Unsafe Condition,Tank Cleaning,"Worker doing Tank Cleaning in Storage Tank A complained about poor lighting, though gas levels were normal.",0,0.33,Confined Space,Confined Space,None,None,Storage Tank A,Minor injury,None,,Low
REP-8B22A77A,2022-04-03,Refinery Delta,Loading Bay,Unsafe Condition,Scaffolding,Worker's chin strap on helmet was loose during Scaffolding on Roof Access Ladder.,0,0.3,Work at Height,Work at Height|Energy Isolation,None,None,Roof Access Ladder,Minor injury,None,,Low
REP-93929FC3,2023-09-14,Terminal Echo,Loading Bay,Incident,Inspection,"While preparing for Inspection on Heat Exchanger HX-2, found that the lock for LOTO was slightly rusted, making it hard to use.",0,0.35,Energy Isolation,Energy Isolation,None,None,Heat Exchanger HX-2,Minor injury,None,,Low
REP-1EC0E1C0,2020-11-01,Platform Charlie,Storage Tank A,Unsafe Condition,Inspection,"The tag for Valve V-99 was faded during Inspection. No H2S exposure was present, but tag needs replacement.",0,0.17,Energy Isolation,Energy Isolation,None,None,Valve V-99,Minor injury,None,,Low
REP-BAF5967D,2022-03-06,Facility Bravo,Main Workshop,Unsafe Condition,General Maintenance,Worker doing General Maintenance at Workshop did not sign the permit exactly on the line.,0,0.22,Work Authorization,Work Authorization,None,None,Workshop,Minor injury,None,,Low
REP-FCF4F9CB,2023-05-19,Site Alpha,Deck 3,Unsafe Condition,Roof Repair,"Scaffolding tubes for Pipe Rack Level 3 were stored untidily, causing a minor trip hazard during Roof Repair.",0,0.27,Work at Height,Work at Height,None,None,Pipe Rack Level 3,Minor injury,None,,Low
REP-5C54B7D3,2020-08-28,Station Foxtrot,Control Room,Unsafe Condition,Material Delivery,The Forklift was slightly dirty during Material Delivery.,0,0.39,Driving,Driving,None,None,Forklift,Minor injury,None,,Low
REP-BD63A16D,2022-10-15,Refinery Delta,Deck 3,Incident,Internal Inspection,"Worker doing Internal Inspection in Separator V-10 complained about poor lighting, though gas levels were normal.",0,0.15,Confined Space,Confined Space,None,None,Separator V-10,Minor injury,None,,Low
REP-9912EC9C,2023-02-07,Terminal Echo,Storage Tank A,Near Miss,Grinding,Welder doing Grinding with Oxy-Acetylene Torch had untucked coveralls.,0,0.02,Hot Work,Hot Work,None,None,Oxy-Acetylene Torch,Minor injury,None,,Low
REP-70FBFD96,2020-12-10,Station Foxtrot,Drilling Floor,Unsafe Condition,Grinding,"During Grinding with Pipe Spool P-10, Sparks falling to lower deck allowed slag to ignite a small fire. Explosion potential was extremely high.",1,0.98,Hot Work,Hot Work,Explosion,Sparks falling to lower deck,Pipe Spool P-10,Fatal burns,First Aid,sparks|flammable atmosphere,High
REP-0428BE1A,2023-07-15,Facility Bravo,Deck 3,Unsafe Condition,Heavy Haulage,"While Heavy Haulage with Vacuum Truck, the driver was observed Brakes defective. This led to a near miss involving Vehicle collision.",1,0.92,Driving,Driving,Vehicle collision,Brakes defective,Vacuum Truck,Fatal traffic accident,None,high speed|poor road conditions,High
REP-C0A84F9E,2020-02-04,Terminal Echo,Main Workshop,Near Miss,Heavy Haulage,"Crew Bus was involved in a near miss during Heavy Haulage. Investigation showed Brakes defective, drastically increasing the risk of Vehicle collision.",1,0.7,Driving,Driving,Vehicle collision,Brakes defective,Crew Bus,Crush injuries to pedestrian,None,heavy vehicle interaction|poor road conditions,High
REP-4EFDD438,2022-04-11,Refinery Delta,Loading Bay,Unsafe Condition,Process Operation,Operator engaged in Process Operation admitted to bypassing safety logic on DCS System. Alarm disabled is a severe breach leading to Process safety event.,1,0.93,Bypassing Safety Controls,Bypassing Safety Controls,Process safety event,Alarm disabled,DCS System,Major explosion,First Aid,ignored alarm|bypassed interlock,Medium
REP-5CBAD14F,2022-10-20,Refinery Delta,Drilling Floor,Unsafe Act,Scaffolding,"During Scaffolding, worker used the correct harness but the inspection log was not filled in for Scaffold Tower B.",0,0.08,Work at Height,Work at Height,None,None,Scaffold Tower B,Minor injury,None,,Low
REP-5DDBEE68,2021-10-06,Site Alpha,Loading Bay,Unsafe Condition,Inspection,"Noticed Compressor C-10 had a minor weep during Inspection. LOTO was applied correctly, but cleanup was delayed.",0,0.37,Energy Isolation,Energy Isolation|Line of Fire,None,None,Compressor C-10,Minor injury,None,,Low
REP-42A3BFFE,2020-10-13,Station Foxtrot,Deck 3,Near Miss,Process Operation,"Screen on Fire & Gas Panel was dirty, making it hard to read during Process Operation.",0,0.14,Bypassing Safety Controls,Bypassing Safety Controls,None,None,Fire & Gas Panel,Minor injury,None,,Low
REP-4B790E4C,2021-01-15,Station Foxtrot,Storage Tank A,Unsafe Act,Process Operation,"While investigating DCS System, it was found that Override left active during Process Operation. This exposed the facility to Loss of containment.",1,0.8,Bypassing Safety Controls,Bypassing Safety Controls|Safe Mechanical Lifting,Loss of containment,Override left active,DCS System,Catastrophic release,First Aid,unauthorized override|bypassed interlock,High
REP-50D08E40,2020-08-06,Site Alpha,Pump Room,Near Miss,Forklift Operation,Paint on Mobile Crane used for Forklift Operation is peeling off.,0,0.13,Safe Mechanical Lifting,Safe Mechanical Lifting,None,None,Mobile Crane,Minor injury,None,,Low
REP-EDE341D3,2023-02-09,Site Alpha,Drilling Floor,Incident,Crane Lifting,The horn on Forklift F-3 sounded a bit quiet during Crane Lifting.,0,0.04,Safe Mechanical Lifting,Safe Mechanical Lifting,None,None,Forklift F-3,Minor injury,None,,Low
REP-C5047860,2020-12-08,Refinery Delta,Main Workshop,Incident,System Maintenance,Operator engaged in System Maintenance admitted to bypassing safety logic on DCS System. Alarm disabled is a severe breach leading to Overpressure.,1,0.78,Bypassing Safety Controls,Bypassing Safety Controls,Overpressure,Alarm disabled,DCS System,Multiple fatalities,None,bypassed interlock|unauthorized override,Medium
REP-A8D669B0,2022-03-21,Platform Charlie,Storage Tank A,Near Miss,Structural Inspection,Worker's chin strap on helmet was loose during Structural Inspection on Pipe Rack Level 3.,0,0.13,Work at Height,Work at Height,None,None,Pipe Rack Level 3,Minor injury,None,,Low
REP-9510E3C8,2022-03-26,Platform Charlie,Main Workshop,Incident,Alarm Testing,Operator logged Alarm Testing for Pressure Safety Valve PSV-90 in the wrong logbook.,0,0.08,Bypassing Safety Controls,Bypassing Safety Controls,None,None,Pressure Safety Valve PSV-90,Minor injury,None,,Low
REP-10B4763A,2023-01-31,Site Alpha,Control Room,Unsafe Condition,Internal Inspection,Tools used for Internal Inspection in Reactor R-5 were left outside the entrance untidily.,0,0.08,Confined Space,Confined Space,None,None,Reactor R-5,Minor injury,None,,Low
REP-83EBFED9,2022-02-11,Site Alpha,Control Room,Incident,Crane Lifting,The horn on Chain Block sounded a bit quiet during Crane Lifting.,0,0.29,Safe Mechanical Lifting,Safe Mechanical Lifting,None,None,Chain Block,Minor injury,None,,Low
REP-13454019,2021-12-28,Facility Bravo,Pump Room,Incident,Heavy Haulage,The Light Vehicle was slightly dirty during Heavy Haulage.,0,0.27,Driving,Driving,None,None,Light Vehicle,Minor injury,None,,Low
REP-18F403C9,2023-10-23,Terminal Echo,Pipe Rack 2,Unsafe Condition,Soldering,The welding lead for Welding Machine W-1 was slightly tangled during Soldering.,0,0.16,Hot Work,Hot Work,None,None,Welding Machine W-1,Minor injury,None,,Low
REP-036DF104,2021-02-27,Terminal Echo,Control Room,Near Miss,Pipefitting,"While preparing for Pipefitting on Pump P-204, found that the lock for LOTO was slightly rusted, making it hard to use.",0,0.14,Energy Isolation,Energy Isolation,None,None,Pump P-204,Minor injury,None,,Low
REP-C58890A7,2020-12-02,Station Foxtrot,Loading Bay,Unsafe Condition,Non-routine Task,Worker doing Non-routine Task at Camp Facility did not sign the permit exactly on the line.,0,0.05,Work Authorization,Work Authorization|Work at Height,None,None,Camp Facility,Minor injury,None,,Low
REP-809574D9,2021-02-08,Refinery Delta,Storage Tank A,Incident,Soldering,Welder doing Soldering with Pipe Spool P-10 had untucked coveralls.,0,0.3,Hot Work,Hot Work,None,None,Pipe Spool P-10,Minor injury,None,,Low
REP-99C9B87C,2023-08-01,Platform Charlie,Storage Tank A,Incident,Tank Cleaning,Worker entered Underground Sump for Tank Cleaning. Suddenly the alarm sounded. Gas test not performed meant the worker was exposed to Toxic atmosphere.,1,0.73,Confined Space,Confined Space,Toxic atmosphere,Gas test not performed,Underground Sump,Loss of consciousness,Property Damage,poor ventilation|restricted access,High
REP-5F6091DB,2020-08-27,Facility Bravo,Drilling Floor,Unsafe Condition,Torch Cutting,Welder doing Torch Cutting with Pipe Spool P-10 had untucked coveralls.,0,0.1,Hot Work,Hot Work,None,None,Pipe Spool P-10,Minor injury,None,,Low
REP-EE7C1C09,2020-10-14,Facility Bravo,Drilling Floor,Incident,Alarm Testing,Indicator bulb on Pressure Safety Valve PSV-90 was burnt out during Alarm Testing.,0,0.2,Bypassing Safety Controls,Bypassing Safety Controls,None,None,Pressure Safety Valve PSV-90,Minor injury,None,,Low
REP-5D849D1C,2023-12-25,Refinery Delta,Control Room,Unsafe Condition,Welding,Fire extinguisher near Pipe Spool P-10 for Welding was due for monthly inspection next week.,0,0.2,Hot Work,Hot Work,None,None,Pipe Spool P-10,Minor injury,None,,Low
REP-8DDE0728,2022-11-12,Site Alpha,Deck 3,Near Miss,Inspection,"While inspecting Electrical Panel EP-5, Pressurized hydrocarbon release was narrowly avoided because Bleed valve closed.",1,0.92,Energy Isolation,Energy Isolation,Pressurized hydrocarbon release,Bleed valve closed,Electrical Panel EP-5,Fatal electrocution,Property Damage,inadequate isolation|live electrical,High
REP-0F825C6F,2021-12-14,Site Alpha,Control Room,Unsafe Act,Welding,Welder doing Welding with Pipe Spool P-10 had untucked coveralls.,0,0.19,Hot Work,Hot Work,None,None,Pipe Spool P-10,Minor injury,None,,Low
REP-6C92834F,2022-12-26,Platform Charlie,Pipe Rack 2,Unsafe Condition,Tank Cleaning,The entry log for Underground Sump during Tank Cleaning was smudged with dirt.,0,0.23,Confined Space,Confined Space,None,None,Underground Sump,Minor injury,None,,Low
REP-06F68AAA,2020-09-28,Facility Bravo,Boiler Area,Near Miss,Hoisting,The horn on Overhead Gantry sounded a bit quiet during Hoisting.,0,0.28,Safe Mechanical Lifting,Safe Mechanical Lifting,None,None,Overhead Gantry,Minor injury,None,,Low
REP-4B1641A1,2023-11-23,Platform Charlie,Control Room,Incident,System Maintenance,"Screen on Pressure Safety Valve PSV-90 was dirty, making it hard to read during System Maintenance.",0,0.3,Bypassing Safety Controls,Bypassing Safety Controls,None,None,Pressure Safety Valve PSV-90,Minor injury,None,,Low
REP-52384D7C,2021-08-03,Platform Charlie,Pipe Rack 2,Unsafe Condition,Maintenance,"While preparing for Maintenance on Valve V-99, found that the lock for LOTO was slightly rusted, making it hard to use.",0,0.11,Energy Isolation,Energy Isolation,None,None,Valve V-99,Minor injury,None,,Low
REP-BE573732,2022-05-26,Facility Bravo,Boiler Area,Near Miss,Contractor Work,Permit for Contractor Work at Process Module 4 had a minor spelling mistake in the supervisor's name.,0,0.4,Work Authorization,Work Authorization|Line of Fire,None,None,Process Module 4,Minor injury,None,,Low
REP-406CFD59,2023-09-04,Site Alpha,Deck 3,Unsafe Act,Crane Lifting,"Crane Lifting was taking place with Overhead Gantry. It was found that Overloaded crane, which is a severe violation that could result in Swinging load.",1,0.88,Safe Mechanical Lifting,Safe Mechanical Lifting,Swinging load,Overloaded crane,Overhead Gantry,Structural collapse,First Aid,heavy lifting|suspended load,Medium
REP-DDFBE07C,2020-09-27,Refinery Delta,Deck 3,Unsafe Condition,Painting,Worker observed performing Painting on Cherry Picker at 15 meters. It was noted that Missing toe boards. A Dropped object could have resulted in a fatality.,1,0.99,Work at Height,Work at Height,Dropped object,Missing toe boards,Cherry Picker,Multiple fractures,Property Damage,working aloft|missing fall protection,High
REP-5949CB23,2020-01-18,Terminal Echo,Boiler Area,Incident,Scaffolding,Worker's chin strap on helmet was loose during Scaffolding on Pipe Rack Level 3.,0,0.22,Work at Height,Work at Height,None,None,Pipe Rack Level 3,Minor injury,None,,Low
REP-4DE9FF22,2021-12-20,Refinery Delta,Drilling Floor,Unsafe Condition,Vessel Welding,Tools used for Vessel Welding in Separator V-10 were left outside the entrance untidily.,0,0.29,Confined Space,Confined Space|Work at Height,None,None,Separator V-10,Minor injury,None,,Low
REP-76C24403,2022-10-10,Refinery Delta,Deck 3,Unsafe Condition,Painting,"Painting was ongoing near Cherry Picker when grating was removed. Harness not clipped left the hole unprotected, creating a high risk of Unstable platform.",1,0.81,Work at Height,Work at Height,Unstable platform,Harness not clipped,Cherry Picker,Multiple fractures,None,unsecured tools|edge proximity,Medium
REP-6E26A6BF,2020-12-19,Refinery Delta,Deck 3,Unsafe Act,Rigging,"Scaffolding tubes for Scaffold Tower B were stored untidily, causing a minor trip hazard during Rigging.",0,0.22,Work at Height,Work at Height,None,None,Scaffold Tower B,Minor injury,None,,Low
REP-ECA2B24E,2020-06-17,Station Foxtrot,Pipe Rack 2,Unsafe Condition,Repair,"While preparing for Repair on Compressor C-10, found that the lock for LOTO was slightly rusted, making it hard to use.",0,0.28,Energy Isolation,Energy Isolation,None,None,Compressor C-10,Minor injury,None,,Low
REP-B88387DE,2021-05-03,Site Alpha,Loading Bay,Unsafe Act,Crane Lifting,Operator of Forklift F-3 during Crane Lifting forgot his safety glasses but was in an enclosed cab.,0,0.18,Safe Mechanical Lifting,Safe Mechanical Lifting,None,None,Forklift F-3,Minor injury,None,,Low
REP-3383BA81,2023-12-07,Site Alpha,Boiler Area,Incident,Roof Repair,Worker's chin strap on helmet was loose during Roof Repair on Cherry Picker.,0,0.29,Work at Height,Work at Height,None,None,Cherry Picker,Minor injury,None,,Low
REP-DCD53C57,2020-03-01,Platform Charlie,Storage Tank A,Near Miss,Site Patrol,The Vacuum Truck was slightly dirty during Site Patrol.,0,0.31,Driving,Driving,None,None,Vacuum Truck,Minor injury,None,,Low
REP-4A61EC14,2020-07-29,Terminal Echo,Deck 3,Unsafe Condition,Crane Lifting,The horn on Chain Block sounded a bit quiet during Crane Lifting.,0,0.11,Safe Mechanical Lifting,Safe Mechanical Lifting,None,None,Chain Block,Minor injury,None,,Low
REP-8D2434A6,2023-09-04,Refinery Delta,Loading Bay,Near Miss,Maintenance,"Noticed Pump P-204 had a minor weep during Maintenance. LOTO was applied correctly, but cleanup was delayed.",0,0.23,Energy Isolation,Energy Isolation,None,None,Pump P-204,Minor injury,None,,Low
REP-1814ADFF,2020-05-21,Refinery Delta,Main Workshop,Near Miss,Torch Cutting,"Torch Cutting was started on Welding Machine W-1 near a live process area. Combustibles not cleared was observed, posing a massive risk of Severe burns.",1,0.93,Hot Work,Hot Work,Severe burns,Combustibles not cleared,Welding Machine W-1,Fatal burns,First Aid,ignition source|hydrocarbon presence,Medium
REP-D8509EAB,2022-01-24,Terminal Echo,Control Room,Unsafe Condition,Heavy Haulage,Radio in Pickup Truck P-12 was left on high volume after Heavy Haulage.,0,0.1,Driving,Driving,None,None,Pickup Truck P-12,Minor injury,None,,Low
REP-83759C2E,2021-11-17,Site Alpha,Storage Tank A,Near Miss,Material Delivery,Radio in Vacuum Truck was left on high volume after Material Delivery.,0,0.35,Driving,Driving,None,None,Vacuum Truck,Minor injury,None,,Low
REP-639CE2C3,2022-02-01,Refinery Delta,Deck 3,Unsafe Act,Material Delivery,"While Material Delivery with Forklift, the driver was observed Speeding. This led to a near miss involving Loss of control.",1,0.96,Driving,Driving,Loss of control,Speeding,Forklift,Fatal traffic accident,Property Damage,high speed|heavy vehicle interaction,High
REP-FBAE7D58,2021-10-30,Platform Charlie,Control Room,Near Miss,Process Operation,"Screen on DCS System was dirty, making it hard to read during Process Operation.",0,0.33,Bypassing Safety Controls,Bypassing Safety Controls,None,None,DCS System,Minor injury,None,,Low
REP-CDE1FDE2,2021-09-23,Refinery Delta,Main Workshop,Unsafe Act,Tank Cleaning,"Prior to Tank Cleaning in Storage Tank A, it was discovered that Gas test not performed. This could have led to Oxygen deficiency and potential fatality.",1,0.86,Confined Space,Confined Space,Oxygen deficiency,Gas test not performed,Storage Tank A,Asphyxiation,First Aid,poor ventilation|hazardous atmosphere,Medium
REP-345610EC,2020-12-22,Site Alpha,Storage Tank A,Incident,Crane Lifting,A heavy skid was being moved during Crane Lifting. Damaged slings used led to a near miss involving Swinging load near Forklift F-3.,1,0.71,Safe Mechanical Lifting,Safe Mechanical Lifting,Swinging load,Damaged slings used,Forklift F-3,Crush fatality,First Aid,blind lift|heavy lifting,High
REP-52596313,2022-03-31,Platform Charlie,Deck 3,Near Miss,Material Delivery,The Pickup Truck P-12 was slightly dirty during Material Delivery.,0,0.09,Driving,Driving,None,None,Pickup Truck P-12,Minor injury,None,,Low
REP-13361B27,2023-03-21,Refinery Delta,Storage Tank A,Incident,Scaffolding,"Scaffolding tubes for Scaffold Tower B were stored untidily, causing a minor trip hazard during Scaffolding.",0,0.03,Work at Height,Work at Height|Bypassing Safety Controls,None,None,Scaffold Tower B,Minor injury,None,,Low
REP-8419787D,2021-08-27,Refinery Delta,Storage Tank A,Incident,Process Operation,"Audit of Fire & Gas Panel post-Process Operation revealed Alarm disabled. Without this protection, Overpressure could have occurred.",1,0.88,Bypassing Safety Controls,Bypassing Safety Controls,Overpressure,Alarm disabled,Fire & Gas Panel,Catastrophic release,Property Damage,bypassed interlock|disabled safety device,Medium
REP-31184F9F,2022-01-05,Refinery Delta,Pipe Rack 2,Incident,Rigging,A heavy skid was being moved during Rigging. Damaged slings used led to a near miss involving Rigging failure near Forklift F-3.,1,0.93,Safe Mechanical Lifting,Safe Mechanical Lifting,Rigging failure,Damaged slings used,Forklift F-3,Multiple serious injuries,Property Damage,heavy lifting|blind lift,High
REP-0E52DB86,2022-08-24,Terminal Echo,Drilling Floor,Unsafe Condition,Site Patrol,Driver doing Site Patrol in Forklift parked slightly outside the designated lines.,0,0.03,Driving,Driving,None,None,Forklift,Minor injury,None,,Low
REP-FD8B19A7,2020-12-21,Facility Bravo,Loading Bay,Near Miss,Painting,"Scaffolding tubes for Crane C-1 were stored untidily, causing a minor trip hazard during Painting.",0,0.37,Work at Height,Work at Height|Safe Mechanical Lifting,None,None,Crane C-1,Minor injury,None,,Low
REP-930457FF,2021-04-21,Terminal Echo,Loading Bay,Unsafe Act,Welding,Welder doing Welding with Oxy-Acetylene Torch had untucked coveralls.,0,0.05,Hot Work,Hot Work,None,None,Oxy-Acetylene Torch,Minor injury,None,,Low
REP-3319C2CD,2023-12-14,Facility Bravo,Deck 3,Near Miss,Repair,"Noticed Heat Exchanger HX-2 had a minor weep during Repair. LOTO was applied correctly, but cleanup was delayed.",0,0.07,Energy Isolation,Energy Isolation,None,None,Heat Exchanger HX-2,Minor injury,None,,Low
REP-C00CBC95,2022-09-24,Station Foxtrot,Drilling Floor,Unsafe Condition,Soldering,The welding lead for Welding Machine W-1 was slightly tangled during Soldering.,0,0.32,Hot Work,Hot Work,None,None,Welding Machine W-1,Minor injury,None,,Low
REP-2C6239AE,2023-12-08,Terminal Echo,Storage Tank A,Unsafe Act,Site Patrol,The Vacuum Truck was slightly dirty during Site Patrol.,0,0.29,Driving,Driving,None,None,Vacuum Truck,Minor injury,None,,Low
REP-CD4C1886,2023-10-04,Station Foxtrot,Drilling Floor,Incident,Grinding,"During Grinding with Welding Machine W-1, Fire watcher absent allowed slag to ignite a small fire. Toxic fumes potential was extremely high.",1,0.75,Hot Work,Hot Work,Toxic fumes,Fire watcher absent,Welding Machine W-1,Facility explosion,Property Damage,flammable atmosphere|hydrocarbon presence,Medium
REP-513EF061,2022-10-06,Refinery Delta,Drilling Floor,Incident,Tank Cleaning,Worker entered Storage Tank A for Tank Cleaning. Suddenly the alarm sounded. Ventilation failed meant the worker was exposed to Engulfment.,1,0.91,Confined Space,Confined Space,Engulfment,Ventilation failed,Storage Tank A,Asphyxiation,First Aid,restricted access|hazardous atmosphere,Medium
REP-88ADEA85,2021-12-01,Facility Bravo,Storage Tank A,Unsafe Condition,Non-routine Task,"Crew commenced Non-routine Task at Workshop but Expired permit. Unaware of SIMOPS, they were exposed to Unidentified hazards.",1,0.79,Work Authorization,Work Authorization,Unidentified hazards,Expired permit,Workshop,Serious injury due to lack of hazard awareness,None,unauthorized work|poor communication,Medium
REP-38178119,2020-07-26,Platform Charlie,Loading Bay,Unsafe Condition,Transporting Personnel,Driver doing Transporting Personnel in Crew Bus parked slightly outside the designated lines.,0,0.07,Driving,Driving,None,None,Crew Bus,Minor injury,None,,Low
REP-BEC2317C,2020-06-28,Platform Charlie,Control Room,Unsafe Condition,Site Patrol,Driver doing Site Patrol in Crew Bus parked slightly outside the designated lines.,0,0.01,Driving,Driving|Work Authorization,None,None,Crew Bus,Minor injury,None,,Low
REP-43E4A90E,2023-08-07,Terminal Echo,Storage Tank A,Unsafe Condition,Tank Cleaning,Worker entered Underground Sump for Tank Cleaning. Suddenly the alarm sounded. Rescue plan inadequate meant the worker was exposed to Toxic atmosphere.,1,0.96,Confined Space,Confined Space,Toxic atmosphere,Rescue plan inadequate,Underground Sump,Asphyxiation,None,deep excavation|hazardous atmosphere,High
REP-5337F72E,2020-11-05,Station Foxtrot,Deck 3,Unsafe Act,System Maintenance,Operator logged System Maintenance for Pressure Safety Valve PSV-90 in the wrong logbook.,0,0.23,Bypassing Safety Controls,Bypassing Safety Controls,None,None,Pressure Safety Valve PSV-90,Minor injury,None,,Low
REP-B31588BA,2022-08-30,Terminal Echo,Loading Bay,Incident,Heavy Haulage,Radio in Light Vehicle was left on high volume after Heavy Haulage.,0,0.35,Driving,Driving,None,None,Light Vehicle,Minor injury,None,,Low
REP-80F2B0B8,2022-05-17,Site Alpha,Storage Tank A,Unsafe Condition,Alarm Testing,Indicator bulb on DCS System was burnt out during Alarm Testing.,0,0.06,Bypassing Safety Controls,Bypassing Safety Controls,None,None,DCS System,Minor injury,None,,Low
REP-959A21D2,2020-01-26,Station Foxtrot,Pipe Rack 2,Incident,Trenching,"During Trenching, a piece of non-tensioned wire from Excavator was left on the floor.",0,0.21,Line of Fire,Line of Fire,None,None,Excavator,Minor injury,None,,Low
REP-1D7D6145,2023-06-01,Refinery Delta,Pump Room,Unsafe Condition,Pressure Testing,"During Pressure Testing, Drill Pipe failed unexpectedly. Because Standing in pinch point, the worker was exposed to Struck by moving object. Fortunately, the worker jumped back in time.",1,0.78,Line of Fire,Line of Fire,Struck by moving object,Standing in pinch point,Drill Pipe,Crush injury,Property Damage,pressure test|moving machinery,High
REP-D35246D0,2021-07-04,Platform Charlie,Pump Room,Near Miss,Trenching,"Worker performing Trenching on Drill Pipe had their hands slightly close to a rough edge, causing a minor scratch.",0,0.3,Line of Fire,Line of Fire,None,None,Drill Pipe,Minor injury,None,,Low
REP-233E4328,2023-05-23,Station Foxtrot,Deck 3,Unsafe Condition,Hoisting,Paint on Overhead Gantry used for Hoisting is peeling off.,0,0.29,Safe Mechanical Lifting,Safe Mechanical Lifting,None,None,Overhead Gantry,Minor injury,None,,Low
REP-165236F5,2020-10-04,Terminal Echo,Pump Room,Unsafe Condition,Alarm Testing,"Screen on Shutdown Valve SDV-1 was dirty, making it hard to read during Alarm Testing.",0,0.21,Bypassing Safety Controls,Bypassing Safety Controls,None,None,Shutdown Valve SDV-1,Minor injury,None,,Low
REP-46E4B814,2020-09-10,Station Foxtrot,Pump Room,Unsafe Condition,Tank Cleaning,Worker entered Separator V-10 for Tank Cleaning. Suddenly the alarm sounded. Rescue plan inadequate meant the worker was exposed to Toxic atmosphere.,1,0.94,Confined Space,Confined Space,Toxic atmosphere,Rescue plan inadequate,Separator V-10,Asphyxiation,Property Damage,hazardous atmosphere|deep excavation,High
REP-6B848861,2020-02-26,Refinery Delta,Pump Room,Unsafe Condition,General Maintenance,Worker doing General Maintenance at Camp Facility did not sign the permit exactly on the line.,0,0.05,Work Authorization,Work Authorization,None,None,Camp Facility,Minor injury,None,,Low
REP-EFFD8488,2020-09-27,Station Foxtrot,Boiler Area,Unsafe Act,Tank Cleaning,The entry log for Separator V-10 during Tank Cleaning was smudged with dirt.,0,0.19,Confined Space,Confined Space,None,None,Separator V-10,Minor injury,None,,Low
REP-25C66C11,2020-07-28,Site Alpha,Pipe Rack 2,Near Miss,Hoisting,A heavy skid was being moved during Hoisting. Outriggers not extended led to a near miss involving Rigging failure near Chain Block.,1,0.85,Safe Mechanical Lifting,Safe Mechanical Lifting,Rigging failure,Outriggers not extended,Chain Block,Structural collapse,Property Damage,dynamic loading|heavy lifting,High
REP-BEAB8353,2023-08-27,Platform Charlie,Loading Bay,Unsafe Condition,Hoisting,Paint on Mobile Crane used for Hoisting is peeling off.,0,0.27,Safe Mechanical Lifting,Safe Mechanical Lifting,None,None,Mobile Crane,Minor injury,None,,Low
REP-E2859DDE,2020-03-13,Terminal Echo,Loading Bay,Near Miss,Tank Cleaning,"Worker doing Tank Cleaning in Reactor R-5 complained about poor lighting, though gas levels were normal.",0,0.17,Confined Space,Confined Space|Driving,None,None,Reactor R-5,Minor injury,None,,Low
REP-16E0C941,2021-06-13,Station Foxtrot,Pipe Rack 2,Unsafe Condition,Vessel Welding,The entry log for Reactor R-5 during Vessel Welding was smudged with dirt.,0,0.19,Confined Space,Confined Space,None,None,Reactor R-5,Minor injury,None,,Low
REP-61138622,2021-08-25,Refinery Delta,Deck 3,Incident,Welding,The welding lead for Angle Grinder was slightly tangled during Welding.,0,0.11,Hot Work,Hot Work,None,None,Angle Grinder,Minor injury,None,,Low
REP-A6CDBC09,2023-03-12,Refinery Delta,Boiler Area,Near Miss,Roof Repair,Worker observed performing Roof Repair on Crane C-1 at 15 meters. It was noted that Lanyard defective. A Fall from height could have resulted in a fatality.,1,0.99,Work at Height,Work at Height,Fall from height,Lanyard defective,Crane C-1,Multiple fractures,First Aid,working aloft|unsecured tools,High
REP-CFD39126,2020-12-11,Terminal Echo,Boiler Area,Incident,Lifting,"During Lifting, a piece of non-tensioned wire from High Pressure Hose was left on the floor.",0,0.09,Line of Fire,Line of Fire,None,None,High Pressure Hose,Minor injury,None,,Low
REP-1C039F50,2021-02-12,Station Foxtrot,Drilling Floor,Unsafe Act,Painting,Worker's chin strap on helmet was loose during Painting on Cherry Picker.,0,0.02,Work at Height,Work at Height,None,None,Cherry Picker,Minor injury,None,,Low
REP-E33663BE,2022-10-27,Terminal Echo,Main Workshop,Unsafe Condition,Material Delivery,The Pickup Truck P-12 was slightly dirty during Material Delivery.,0,0.05,Driving,Driving,None,None,Pickup Truck P-12,Minor injury,None,,Low
REP-C600224D,2022-04-06,Site Alpha,Loading Bay,Unsafe Condition,Repair,"Operator was performing Repair on Electrical Panel EP-5. It was discovered that Energy not verified zero, leaving the system vulnerable to Steam leak. Work was stopped immediately.",1,0.8,Energy Isolation,Energy Isolation,Steam leak,Energy not verified zero,Electrical Panel EP-5,Severe chemical burns,None,inadequate isolation|pressurized equipment,Medium
REP-0E3A8ACF,2022-12-31,Terminal Echo,Pump Room,Unsafe Act,Pressure Testing,Barricade tape for Pressure Testing near Winch W-2 was blown down by the wind. No operations were ongoing.,0,0.11,Line of Fire,Line of Fire,None,None,Winch W-2,Minor injury,None,,Low
REP-1013D1DF,2023-11-24,Station Foxtrot,Pump Room,Near Miss,Maintenance,"The tag for Pump P-204 was faded during Maintenance. No Steam leak was present, but tag needs replacement.",0,0.07,Energy Isolation,Energy Isolation,None,None,Pump P-204,Minor injury,None,,Low
REP-91997087,2020-08-05,Refinery Delta,Loading Bay,Unsafe Condition,Rigging,"Scaffolding tubes for Pipe Rack Level 3 were stored untidily, causing a minor trip hazard during Rigging.",0,0.05,Work at Height,Work at Height,None,None,Pipe Rack Level 3,Minor injury,None,,Low
REP-A183B22C,2020-01-06,Site Alpha,Deck 3,Unsafe Act,Material Delivery,Driver doing Material Delivery in Crew Bus parked slightly outside the designated lines.,0,0.14,Driving,Driving|Work Authorization,None,None,Crew Bus,Minor injury,None,,Low
REP-50EFA3CE,2020-04-12,Site Alpha,Boiler Area,Unsafe Act,General Maintenance,JSA for General Maintenance near Process Module 4 was printed on crumpled paper.,0,0.11,Work Authorization,Work Authorization,None,None,Process Module 4,Minor injury,None,,Low
REP-EFD12867,2023-06-27,Platform Charlie,Deck 3,Near Miss,Torch Cutting,The welding lead for Pipe Spool P-10 was slightly tangled during Torch Cutting.,0,0.36,Hot Work,Hot Work|Line of Fire,None,None,Pipe Spool P-10,Minor injury,None,,Low
REP-88BDE9C1,2020-12-07,Site Alpha,Boiler Area,Unsafe Act,Lifting,Barricade tape for Lifting near High Pressure Hose was blown down by the wind. No operations were ongoing.,0,0.36,Line of Fire,Line of Fire,None,None,High Pressure Hose,Minor injury,None,,Low
REP-CE0010AC,2023-11-02,Station Foxtrot,Boiler Area,Incident,Lifting,Barricade tape for Lifting near High Pressure Hose was blown down by the wind. No operations were ongoing.,0,0.02,Line of Fire,Line of Fire,None,None,High Pressure Hose,Minor injury,None,,Low
REP-5D5EE7E3,2022-11-29,Terminal Echo,Deck 3,Incident,Roof Repair,"During Roof Repair, worker used the correct harness but the inspection log was not filled in for Roof Access Ladder.",0,0.35,Work at Height,Work at Height,None,None,Roof Access Ladder,Minor injury,None,,Low
REP-AF2B9F1A,2022-11-01,Refinery Delta,Control Room,Unsafe Condition,Internal Inspection,Tools used for Internal Inspection in Underground Sump were left outside the entrance untidily.,0,0.37,Confined Space,Confined Space,None,None,Underground Sump,Minor injury,None,,Low
REP-322AAC04,2022-07-06,Site Alpha,Control Room,Incident,Contractor Work,"Crew commenced Contractor Work at Workshop but Wrong permit type. Unaware of SIMOPS, they were exposed to Simultaneous operations clash.",1,0.72,Work Authorization,Work Authorization,Simultaneous operations clash,Wrong permit type,Workshop,Serious injury due to lack of hazard awareness,Property Damage,inadequate planning|poor communication,High
REP-8F48670E,2022-11-07,Terminal Echo,Loading Bay,Incident,Non-routine Task,Worker doing Non-routine Task at Process Module 4 did not sign the permit exactly on the line.,0,0.26,Work Authorization,Work Authorization|Energy Isolation,None,None,Process Module 4,Minor injury,None,,Low
REP-54C77DB2,2022-07-15,Site Alpha,Deck 3,Unsafe Condition,Welding,Fire extinguisher near Angle Grinder for Welding was due for monthly inspection next week.,0,0.15,Hot Work,Hot Work,None,None,Angle Grinder,Minor injury,None,,Low
REP-4DB8583D,2022-03-15,Facility Bravo,Control Room,Unsafe Condition,Torch Cutting,"During Torch Cutting with Oxy-Acetylene Torch, Combustibles not cleared allowed slag to ignite a small fire. Fire potential was extremely high.",1,0.88,Hot Work,Hot Work,Fire,Combustibles not cleared,Oxy-Acetylene Torch,Major fire,None,hydrocarbon presence|ignition source,Medium
REP-21A5AF67,2020-04-09,Terminal Echo,Storage Tank A,Incident,Roof Repair,"Scaffolding tubes for Scaffold Tower B were stored untidily, causing a minor trip hazard during Roof Repair.",0,0.01,Work at Height,Work at Height,None,None,Scaffold Tower B,Minor injury,None,,Low
REP-C94450C3,2022-05-07,Terminal Echo,Loading Bay,Near Miss,Trenching,Barricade tape for Trenching near Hydraulic Torque Wrench was blown down by the wind. No operations were ongoing.,0,0.35,Line of Fire,Line of Fire,None,None,Hydraulic Torque Wrench,Minor injury,None,,Low
REP-F7807C87,2023-12-28,Station Foxtrot,Pipe Rack 2,Unsafe Condition,Torch Cutting,Fire extinguisher near Pipe Spool P-10 for Torch Cutting was due for monthly inspection next week.,0,0.35,Hot Work,Hot Work,None,None,Pipe Spool P-10,Minor injury,None,,Low
REP-62DEC93A,2022-12-29,Platform Charlie,Storage Tank A,Unsafe Act,Hoisting,"Hoisting was taking place with Forklift F-3. It was found that Outriggers not extended, which is a severe violation that could result in Crane tip-over.",1,0.87,Safe Mechanical Lifting,Safe Mechanical Lifting,Crane tip-over,Outriggers not extended,Forklift F-3,Multiple serious injuries,Property Damage,blind lift|dynamic loading,High
REP-010B68BD,2020-05-07,Station Foxtrot,Main Workshop,Unsafe Condition,Pipefitting,"The tag for Compressor C-10 was faded during Pipefitting. No Pressurized hydrocarbon release was present, but tag needs replacement.",0,0.11,Energy Isolation,Energy Isolation,None,None,Compressor C-10,Minor injury,None,,Low
REP-F750076A,2023-11-26,Platform Charlie,Pump Room,Incident,Repair,"Noticed Valve V-99 had a minor weep during Repair. LOTO was applied correctly, but cleanup was delayed.",0,0.21,Energy Isolation,Energy Isolation,None,None,Valve V-99,Minor injury,None,,Low
REP-2F98E1A0,2023-08-19,Platform Charlie,Pipe Rack 2,Unsafe Condition,Welding,Fire extinguisher near Welding Machine W-1 for Welding was due for monthly inspection next week.,0,0.28,Hot Work,Hot Work,None,None,Welding Machine W-1,Minor injury,None,,Low
REP-A678A8A4,2023-02-13,Platform Charlie,Boiler Area,Unsafe Condition,Internal Inspection,The entry log for Reactor R-5 during Internal Inspection was smudged with dirt.,0,0.18,Confined Space,Confined Space,None,None,Reactor R-5,Minor injury,None,,Low
REP-8E6E2A1D,2023-07-04,Terminal Echo,Main Workshop,Incident,Crane Lifting,The horn on Overhead Gantry sounded a bit quiet during Crane Lifting.,0,0.31,Safe Mechanical Lifting,Safe Mechanical Lifting,None,None,Overhead Gantry,Minor injury,None,,Low
REP-6B632700,2023-01-04,Refinery Delta,Deck 3,Near Miss,Site Patrol,The Pickup Truck P-12 was slightly dirty during Site Patrol.,0,0.17,Driving,Driving,None,None,Pickup Truck P-12,Minor injury,None,,Low
REP-B78F2130,2021-05-07,Station Foxtrot,Loading Bay,Unsafe Act,Vessel Welding,"During Vessel Welding inside Underground Sump, Ventilation failed was noted. This is a critical failure leading to high risk of Engulfment.",1,0.7,Confined Space,Confined Space,Engulfment,Ventilation failed,Underground Sump,Fatality due to toxic gas,First Aid,deep excavation|poor ventilation,High
REP-15A1AC8D,2022-11-07,Refinery Delta,Control Room,Unsafe Act,Soldering,The welding lead for Welding Machine W-1 was slightly tangled during Soldering.,0,0.21,Hot Work,Hot Work,None,None,Welding Machine W-1,Minor injury,None,,Low
REP-0B2838FD,2021-03-12,Station Foxtrot,Storage Tank A,Unsafe Act,Internal Inspection,Tools used for Internal Inspection in Storage Tank A were left outside the entrance untidily.,0,0.26,Confined Space,Confined Space,None,None,Storage Tank A,Minor injury,None,,Low
REP-B7EBE20D,2020-05-24,Terminal Echo,Loading Bay,Near Miss,Alarm Testing,"While investigating DCS System, it was found that Interlock bridged during Alarm Testing. This exposed the facility to Overpressure.",1,0.72,Bypassing Safety Controls,Bypassing Safety Controls,Overpressure,Interlock bridged,DCS System,Catastrophic release,Property Damage,disabled safety device|unauthorized override,High
REP-9E65503D,2023-06-20,Site Alpha,Pump Room,Unsafe Act,Non-routine Task,Permit for Non-routine Task at Camp Facility had a minor spelling mistake in the supervisor's name.,0,0.26,Work Authorization,Work Authorization,None,None,Camp Facility,Minor injury,None,,Low
REP-74E76259,2020-03-04,Refinery Delta,Boiler Area,Unsafe Condition,Transporting Personnel,Driver doing Transporting Personnel in Crew Bus parked slightly outside the designated lines.,0,0.33,Driving,Driving,None,None,Crew Bus,Minor injury,None,,Low
REP-E0A232D3,2020-03-26,Site Alpha,Storage Tank A,Unsafe Act,Alarm Testing,"Audit of Fire & Gas Panel post-Alarm Testing revealed Safety valve isolated. Without this protection, Overpressure could have occurred.",1,0.95,Bypassing Safety Controls,Bypassing Safety Controls,Overpressure,Safety valve isolated,Fire & Gas Panel,Multiple fatalities,None,ignored alarm|disabled safety device,Medium
REP-64F6C2D0,2023-03-07,Site Alpha,Pipe Rack 2,Incident,Grinding,Welder doing Grinding with Pipe Spool P-10 had untucked coveralls.,0,0.08,Hot Work,Hot Work,None,None,Pipe Spool P-10,Minor injury,None,,Low
REP-75284F5E,2023-09-04,Facility Bravo,Deck 3,Near Miss,Structural Inspection,"Scaffolding tubes for Scaffold Tower B were stored untidily, causing a minor trip hazard during Structural Inspection.",0,0.06,Work at Height,Work at Height,None,None,Scaffold Tower B,Minor injury,None,,Low
REP-ADEF37EF,2021-10-09,Refinery Delta,Boiler Area,Unsafe Act,Internal Inspection,Tools used for Internal Inspection in Reactor R-5 were left outside the entrance untidily.,0,0.15,Confined Space,Confined Space,None,None,Reactor R-5,Minor injury,None,,Low
REP-A6B8A4A7,2021-09-17,Refinery Delta,Pipe Rack 2,Unsafe Act,Vessel Welding,"Worker doing Vessel Welding in Reactor R-5 complained about poor lighting, though gas levels were normal.",0,0.18,Confined Space,Confined Space,None,None,Reactor R-5,Minor injury,None,,Low
REP-9D4003FB,2023-03-31,Refinery Delta,Loading Bay,Unsafe Act,Structural Inspection,Worker observed performing Structural Inspection on Crane C-1 at 15 meters. It was noted that No barricade below. A Dropped object could have resulted in a fatality.,1,0.95,Work at Height,Work at Height,Dropped object,No barricade below,Crane C-1,Multiple fractures,Property Damage,working aloft|edge proximity,Medium
REP-13E4C921,2020-07-04,Refinery Delta,Drilling Floor,Unsafe Act,Heavy Haulage,Driver doing Heavy Haulage in Vacuum Truck parked slightly outside the designated lines.,0,0.21,Driving,Driving,None,None,Vacuum Truck,Minor injury,None,,Low
REP-E7C22EA9,2022-01-04,Site Alpha,Loading Bay,Incident,Trenching,Barricade tape for Trenching near Hydraulic Torque Wrench was blown down by the wind. No operations were ongoing.,0,0.3,Line of Fire,Line of Fire,None,None,Hydraulic Torque Wrench,Minor injury,None,,Low
REP-A08579F5,2023-08-21,Platform Charlie,Deck 3,Near Miss,Hoisting,"Hoisting was taking place with Forklift F-3. It was found that Damaged slings used, which is a severe violation that could result in Dropped suspended load.",1,0.97,Safe Mechanical Lifting,Safe Mechanical Lifting,Dropped suspended load,Damaged slings used,Forklift F-3,Multiple serious injuries,None,blind lift|heavy lifting,Medium
REP-784EE59C,2021-04-01,Terminal Echo,Storage Tank A,Near Miss,Forklift Operation,Paint on Chain Block used for Forklift Operation is peeling off.,0,0.16,Safe Mechanical Lifting,Safe Mechanical Lifting,None,None,Chain Block,Minor injury,None,,Low
REP-D58A6C98,2020-11-03,Facility Bravo,Boiler Area,Near Miss,Soldering,Fire extinguisher near Pipe Spool P-10 for Soldering was due for monthly inspection next week.,0,0.12,Hot Work,Hot Work,None,None,Pipe Spool P-10,Minor injury,None,,Low
REP-04F09CA1,2022-04-21,Site Alpha,Loading Bay,Unsafe Act,Painting,"During Painting, worker used the correct harness but the inspection log was not filled in for Roof Access Ladder.",0,0.07,Work at Height,Work at Height,None,None,Roof Access Ladder,Minor injury,None,,Low
REP-7B5F5EDA,2023-09-17,Platform Charlie,Deck 3,Unsafe Condition,Pressure Testing,"Pressure Testing was being performed. Safety pin removed allowed personnel to walk directly under Drill Pipe, posing a severe Struck by moving object.",1,0.98,Line of Fire,Line of Fire|Hot Work,Struck by moving object,Safety pin removed,Drill Pipe,Amputation,Property Damage,suspended load|pinch point,Medium
REP-1504E307,2020-12-09,Station Foxtrot,Drilling Floor,Incident,Contractor Work,Worker doing Contractor Work at Workshop did not sign the permit exactly on the line.,0,0.21,Work Authorization,Work Authorization,None,None,Workshop,Minor injury,None,,Low
REP-B35A990F,2023-06-13,Terminal Echo,Pump Room,Unsafe Act,Painting,Worker's chin strap on helmet was loose during Painting on Roof Access Ladder.,0,0.2,Work at Height,Work at Height|Work Authorization,None,None,Roof Access Ladder,Minor injury,None,,Low
REP-D5715133,2021-12-18,Terminal Echo,Deck 3,Incident,Trenching,"While conducting Trenching with Drill Pipe, an IP stepped into the danger zone. Tension line snapped resulted in the worker being in the Line of Fire for Struck by moving object.",1,0.97,Line of Fire,Line of Fire,Struck by moving object,Tension line snapped,Drill Pipe,Severe lacerations,First Aid,tensioned line|pinch point,High
REP-22E87056,2023-09-02,Facility Bravo,Drilling Floor,Incident,General Maintenance,Critical General Maintenance on Process Module 4 proceeded despite Expired permit. This breakdown in authorization risked Simultaneous operations clash.,1,0.73,Work Authorization,Work Authorization,Simultaneous operations clash,Expired permit,Process Module 4,Process incident,First Aid,unauthorized work|simops,Medium
REP-72F6D0CC,2021-02-21,Refinery Delta,Pipe Rack 2,Incident,Grinding,Barricade tape for Grinding near Drill Pipe was blown down by the wind. No operations were ongoing.,0,0.17,Line of Fire,Line of Fire,None,None,Drill Pipe,Minor injury,None,,Low
REP-8050C9E3,2021-04-15,Refinery Delta,Boiler Area,Unsafe Act,Heavy Haulage,"While Heavy Haulage with Crew Bus, the driver was observed Brakes defective. This led to a near miss involving Pedestrian impact.",1,0.95,Driving,Driving,Pedestrian impact,Brakes defective,Crew Bus,Severe whiplash,Property Damage,heavy vehicle interaction|poor road conditions,Medium
REP-55A97CF3,2021-03-30,Platform Charlie,Deck 3,Unsafe Act,System Maintenance,"Audit of DCS System post-System Maintenance revealed Override left active. Without this protection, Overpressure could have occurred.",1,0.83,Bypassing Safety Controls,Bypassing Safety Controls|Work at Height,Overpressure,Override left active,DCS System,Multiple fatalities,First Aid,bypassed interlock|unauthorized override,Medium
REP-55588FF4,2022-11-27,Platform Charlie,Loading Bay,Unsafe Act,Alarm Testing,"Screen on Fire & Gas Panel was dirty, making it hard to read during Alarm Testing.",0,0.37,Bypassing Safety Controls,Bypassing Safety Controls,None,None,Fire & Gas Panel,Minor injury,None,,Low
REP-1780FF69,2022-03-29,Platform Charlie,Storage Tank A,Incident,Material Delivery,The Light Vehicle was slightly dirty during Material Delivery.,0,0.4,Driving,Driving,None,None,Light Vehicle,Minor injury,None,,Low
REP-76B589BD,2021-02-02,Refinery Delta,Storage Tank A,Unsafe Act,Transporting Personnel,Driver doing Transporting Personnel in Pickup Truck P-12 parked slightly outside the designated lines.,0,0.1,Driving,Driving,None,None,Pickup Truck P-12,Minor injury,None,,Low
REP-59BF9A56,2022-06-25,Refinery Delta,Control Room,Unsafe Condition,Alarm Testing,"Screen on DCS System was dirty, making it hard to read during Alarm Testing.",0,0.11,Bypassing Safety Controls,Bypassing Safety Controls,None,None,DCS System,Minor injury,None,,Low
REP-4B8BDBDA,2021-03-27,Station Foxtrot,Loading Bay,Near Miss,Non-routine Task,Worker doing Non-routine Task at Camp Facility did not sign the permit exactly on the line.,0,0.32,Work Authorization,Work Authorization,None,None,Camp Facility,Minor injury,None,,Low
REP-F7DD8B4F,2022-09-02,Platform Charlie,Drilling Floor,Unsafe Condition,Welding,Fire extinguisher near Oxy-Acetylene Torch for Welding was due for monthly inspection next week.,0,0.37,Hot Work,Hot Work,None,None,Oxy-Acetylene Torch,Minor injury,None,,Low
REP-BAB9B31F,2021-05-26,Terminal Echo,Drilling Floor,Unsafe Condition,Forklift Operation,The horn on Forklift F-3 sounded a bit quiet during Forklift Operation.,0,0.09,Safe Mechanical Lifting,Safe Mechanical Lifting,None,None,Forklift F-3,Minor injury,None,,Low
REP-692E3852,2023-03-22,Platform Charlie,Control Room,Unsafe Condition,Scaffolding,"Scaffolding tubes for Roof Access Ladder were stored untidily, causing a minor trip hazard during Scaffolding.",0,0.36,Work at Height,Work at Height,None,None,Roof Access Ladder,Minor injury,None,,Low
REP-424A2C18,2022-03-17,Station Foxtrot,Boiler Area,Incident,Site Patrol,The Forklift was slightly dirty during Site Patrol.,0,0.21,Driving,Driving|Bypassing Safety Controls,None,None,Forklift,Minor injury,None,,Low
REP-F5A82D46,2021-06-15,Facility Bravo,Pipe Rack 2,Near Miss,Heavy Haulage,Driver doing Heavy Haulage in Crew Bus parked slightly outside the designated lines.,0,0.25,Driving,Driving,None,None,Crew Bus,Minor injury,None,,Low
REP-ECB0F264,2022-07-12,Facility Bravo,Boiler Area,Unsafe Condition,Non-routine Task,"During a walkaround, found personnel doing Non-routine Task on Utility Area. JSA not discussed meant they had no controls for Simultaneous operations clash.",1,0.81,Work Authorization,Work Authorization,Simultaneous operations clash,JSA not discussed,Utility Area,Process incident,First Aid,inadequate planning|simops,High
REP-D334F6B9,2022-10-20,Facility Bravo,Pipe Rack 2,Near Miss,Forklift Operation,The horn on Chain Block sounded a bit quiet during Forklift Operation.,0,0.08,Safe Mechanical Lifting,Safe Mechanical Lifting,None,None,Chain Block,Minor injury,None,,Low
REP-E7B00913,2020-07-16,Refinery Delta,Drilling Floor,Near Miss,Hoisting,Paint on Mobile Crane used for Hoisting is peeling off.,0,0.34,Safe Mechanical Lifting,Safe Mechanical Lifting,None,None,Mobile Crane,Minor injury,None,,Low
REP-0ABDA974,2023-01-07,Facility Bravo,Main Workshop,Near Miss,Site Patrol,Radio in Crew Bus was left on high volume after Site Patrol.,0,0.26,Driving,Driving,None,None,Crew Bus,Minor injury,None,,Low
REP-811CA2C7,2021-11-21,Refinery Delta,Storage Tank A,Unsafe Act,Heavy Haulage,Radio in Forklift was left on high volume after Heavy Haulage.,0,0.33,Driving,Driving,None,None,Forklift,Minor injury,None,,Low
REP-A31A6793,2023-04-17,Terminal Echo,Control Room,Incident,Grinding,"During Grinding with Oxy-Acetylene Torch, Gas test expired allowed slag to ignite a small fire. Severe burns potential was extremely high.",1,0.93,Hot Work,Hot Work,Severe burns,Gas test expired,Oxy-Acetylene Torch,Fatal burns,Property Damage,hydrocarbon presence|flammable atmosphere,High
REP-D309D02A,2020-04-20,Site Alpha,Storage Tank A,Unsafe Act,Inspection,"During Inspection of Compressor C-10, the technician started loosening the flange while the line was still pressurized. Isolation valve was closed but LOTO not applied. Stored energy discharge occurred. No injury occurred but potential was high.",1,0.97,Energy Isolation,Energy Isolation,Stored energy discharge,LOTO not applied,Compressor C-10,Fatal electrocution,Property Damage,stored energy|toxic fluid,High
REP-168F4DBF,2020-03-12,Station Foxtrot,Drilling Floor,Near Miss,Lifting,"While conducting Lifting with High Pressure Hose, an IP stepped into the danger zone. Exclusion zone breached resulted in the worker being in the Line of Fire for Whip from parted cable.",1,0.85,Line of Fire,Line of Fire,Whip from parted cable,Exclusion zone breached,High Pressure Hose,Amputation,None,pinch point|suspended load,Medium
REP-64C1A45F,2023-07-26,Terminal Echo,Storage Tank A,Near Miss,Non-routine Task,Worker doing Non-routine Task at Utility Area did not sign the permit exactly on the line.,0,0.19,Work Authorization,Work Authorization,None,None,Utility Area,Minor injury,None,,Low
REP-F4B0C19B,2022-12-07,Facility Bravo,Drilling Floor,Near Miss,Non-routine Task,JSA for Non-routine Task near Workshop was printed on crumpled paper.,0,0.01,Work Authorization,Work Authorization,None,None,Workshop,Minor injury,None,,Low
REP-6691237C,2021-01-21,Refinery Delta,Pipe Rack 2,Incident,Pipefitting,"Noticed Valve V-99 had a minor weep during Pipefitting. LOTO was applied correctly, but cleanup was delayed.",0,0.22,Energy Isolation,Energy Isolation,None,None,Valve V-99,Minor injury,None,,Low
REP-AD020565,2022-12-25,Platform Charlie,Storage Tank A,Unsafe Condition,Grinding,"During Grinding, a piece of non-tensioned wire from High Pressure Hose was left on the floor.",0,0.26,Line of Fire,Line of Fire,None,None,High Pressure Hose,Minor injury,None,,Low
REP-899BBFCD,2020-11-07,Site Alpha,Pipe Rack 2,Unsafe Act,Pressure Testing,"Worker performing Pressure Testing on Excavator had their hands slightly close to a rough edge, causing a minor scratch.",0,0.14,Line of Fire,Line of Fire,None,None,Excavator,Minor injury,None,,Low
REP-976D8BFD,2022-10-17,Platform Charlie,Control Room,Unsafe Act,Structural Inspection,"During Structural Inspection, a 5kg wrench was dropped from Pipe Rack Level 3. Lanyard defective meant the area below was not clear. Dropped object was a near miss.",1,0.76,Work at Height,Work at Height|Line of Fire,Dropped object,Lanyard defective,Pipe Rack Level 3,Multiple fractures,First Aid,unsecured tools|working aloft,High
REP-CA6DCB8B,2021-05-24,Refinery Delta,Control Room,Unsafe Condition,Lifting,"Worker performing Lifting on Excavator had their hands slightly close to a rough edge, causing a minor scratch.",0,0.06,Line of Fire,Line of Fire,None,None,Excavator,Minor injury,None,,Low
REP-FCCFA6BF,2020-03-27,Station Foxtrot,Pipe Rack 2,Unsafe Act,Inspection,"Noticed Valve V-99 had a minor weep during Inspection. LOTO was applied correctly, but cleanup was delayed.",0,0.26,Energy Isolation,Energy Isolation,None,None,Valve V-99,Minor injury,None,,Low
REP-49D744FC,2021-07-19,Terminal Echo,Deck 3,Incident,Forklift Operation,The horn on Overhead Gantry sounded a bit quiet during Forklift Operation.,0,0.08,Safe Mechanical Lifting,Safe Mechanical Lifting,None,None,Overhead Gantry,Minor injury,None,,Low
REP-3FE78E28,2023-11-05,Terminal Echo,Drilling Floor,Unsafe Act,Maintenance,"Noticed Heat Exchanger HX-2 had a minor weep during Maintenance. LOTO was applied correctly, but cleanup was delayed.",0,0.2,Energy Isolation,Energy Isolation,None,None,Heat Exchanger HX-2,Minor injury,None,,Low
REP-6BC6FF08,2022-02-12,Platform Charlie,Boiler Area,Near Miss,Trenching,"During Trenching, Winch W-2 failed unexpectedly. Because Tension line snapped, the worker was exposed to High pressure release. Fortunately, the worker jumped back in time.",1,0.91,Line of Fire,Line of Fire,High pressure release,Tension line snapped,Winch W-2,Amputation,Property Damage,pressure test|moving machinery,Medium
REP-4D205A7A,2022-08-17,Platform Charlie,Pipe Rack 2,Unsafe Condition,Non-routine Task,JSA for Non-routine Task near Camp Facility was printed on crumpled paper.,0,0.14,Work Authorization,Work Authorization,None,None,Camp Facility,Minor injury,None,,Low
REP-534E73A0,2022-01-15,Terminal Echo,Loading Bay,Near Miss,Grinding,"Grinding was being performed. Safety pin removed allowed personnel to walk directly under Excavator, posing a severe Whip from parted cable.",1,0.75,Line of Fire,Line of Fire,Whip from parted cable,Safety pin removed,Excavator,Fatal impact,Property Damage,pressure test|pinch point,Medium
REP-9A490D5E,2020-07-16,Terminal Echo,Deck 3,Unsafe Act,Heavy Haulage,Radio in Vacuum Truck was left on high volume after Heavy Haulage.,0,0.14,Driving,Driving,None,None,Vacuum Truck,Minor injury,None,,Low
REP-76BE71E1,2023-07-01,Station Foxtrot,Main Workshop,Unsafe Act,Pressure Testing,Barricade tape for Pressure Testing near Winch W-2 was blown down by the wind. No operations were ongoing.,0,0.2,Line of Fire,Line of Fire,None,None,Winch W-2,Minor injury,None,,Low
REP-F9D33CD4,2022-05-01,Platform Charlie,Pump Room,Near Miss,Scaffolding,"During Scaffolding, worker used the correct harness but the inspection log was not filled in for Crane C-1.",0,0.3,Work at Height,Work at Height,None,None,Crane C-1,Minor injury,None,,Low
REP-362841FC,2023-09-07,Facility Bravo,Boiler Area,Incident,Structural Inspection,Worker's chin strap on helmet was loose during Structural Inspection on Scaffold Tower B.,0,0.09,Work at Height,Work at Height,None,None,Scaffold Tower B,Minor injury,None,,Low
REP-DF394D57,2023-05-13,Refinery Delta,Drilling Floor,Near Miss,Soldering,Welder doing Soldering with Pipe Spool P-10 had untucked coveralls.,0,0.22,Hot Work,Hot Work,None,None,Pipe Spool P-10,Minor injury,None,,Low
REP-0E4861E6,2021-06-04,Platform Charlie,Control Room,Incident,Torch Cutting,Fire extinguisher near Pipe Spool P-10 for Torch Cutting was due for monthly inspection next week.,0,0.37,Hot Work,Hot Work,None,None,Pipe Spool P-10,Minor injury,None,,Low
REP-0669FECA,2021-03-15,Platform Charlie,Pump Room,Near Miss,Maintenance,"While preparing for Maintenance on Electrical Panel EP-5, found that the lock for LOTO was slightly rusted, making it hard to use.",0,0.39,Energy Isolation,Energy Isolation,None,None,Electrical Panel EP-5,Minor injury,None,,Low
REP-A5901D4F,2021-06-08,Platform Charlie,Deck 3,Incident,Material Delivery,Radio in Pickup Truck P-12 was left on high volume after Material Delivery.,0,0.11,Driving,Driving,None,None,Pickup Truck P-12,Minor injury,None,,Low
REP-74BB14F9,2023-03-26,Refinery Delta,Deck 3,Unsafe Act,Vessel Welding,Tools used for Vessel Welding in Storage Tank A were left outside the entrance untidily.,0,0.13,Confined Space,Confined Space,None,None,Storage Tank A,Minor injury,None,,Low
REP-D016F21A,2021-09-16,Terminal Echo,Pump Room,Near Miss,Torch Cutting,Fire extinguisher near Pipe Spool P-10 for Torch Cutting was due for monthly inspection next week.,0,0.16,Hot Work,Hot Work,None,None,Pipe Spool P-10,Minor injury,None,,Low
REP-8296E84B,2020-07-03,Facility Bravo,Storage Tank A,Near Miss,Torquing,Barricade tape for Torquing near Drill Pipe was blown down by the wind. No operations were ongoing.,0,0.23,Line of Fire,Line of Fire,None,None,Drill Pipe,Minor injury,None,,Low
REP-438BF194,2023-11-30,Facility Bravo,Boiler Area,Incident,Pressure Testing,"During Pressure Testing, a piece of non-tensioned wire from Excavator was left on the floor.",0,0.21,Line of Fire,Line of Fire,None,None,Excavator,Minor injury,None,,Low
REP-A8751ACC,2023-10-07,Refinery Delta,Storage Tank A,Near Miss,Contractor Work,Worker doing Contractor Work at Workshop did not sign the permit exactly on the line.,0,0.04,Work Authorization,Work Authorization|Bypassing Safety Controls,None,None,Workshop,Minor injury,None,,Low
REP-8054B63B,2021-04-23,Facility Bravo,Drilling Floor,Unsafe Condition,Torch Cutting,Welder doing Torch Cutting with Welding Machine W-1 had untucked coveralls.,0,0.18,Hot Work,Hot Work,None,None,Welding Machine W-1,Minor injury,None,,Low
REP-DE40FA17,2020-08-15,Platform Charlie,Control Room,Incident,Scaffolding,"Scaffolding tubes for Scaffold Tower B were stored untidily, causing a minor trip hazard during Scaffolding.",0,0.28,Work at Height,Work at Height,None,None,Scaffold Tower B,Minor injury,None,,Low
REP-4AC90A1B,2023-09-20,Terminal Echo,Pump Room,Near Miss,Vessel Welding,"During Vessel Welding inside Separator V-10, Ventilation failed was noted. This is a critical failure leading to high risk of Oxygen deficiency.",1,0.89,Confined Space,Confined Space,Oxygen deficiency,Ventilation failed,Separator V-10,Loss of consciousness,Property Damage,hazardous atmosphere|poor ventilation,High
REP-B7496F1A,2020-02-09,Platform Charlie,Storage Tank A,Unsafe Condition,Forklift Operation,A heavy skid was being moved during Forklift Operation. No tag lines used led to a near miss involving Dropped suspended load near Overhead Gantry.,1,0.78,Safe Mechanical Lifting,Safe Mechanical Lifting,Dropped suspended load,No tag lines used,Overhead Gantry,Multiple serious injuries,None,suspended load|heavy lifting,High
REP-DE9278B4,2021-05-21,Terminal Echo,Main Workshop,Near Miss,Transporting Personnel,Radio in Crew Bus was left on high volume after Transporting Personnel.,0,0.02,Driving,Driving|Confined Space,None,None,Crew Bus,Minor injury,None,,Low
REP-EB15402A,2022-03-03,Site Alpha,Pipe Rack 2,Near Miss,Lifting,"Worker performing Lifting on Excavator had their hands slightly close to a rough edge, causing a minor scratch.",0,0.25,Line of Fire,Line of Fire,None,None,Excavator,Minor injury,None,,Low
REP-67DAB22E,2023-05-24,Platform Charlie,Control Room,Unsafe Condition,Soldering,"Soldering was started on Angle Grinder near a live process area. Sparks falling to lower deck was observed, posing a massive risk of Fire.",1,0.87,Hot Work,Hot Work,Fire,Sparks falling to lower deck,Angle Grinder,Fatal burns,First Aid,flammable atmosphere|hydrocarbon presence,High
REP-17FC20D4,2023-03-02,Facility Bravo,Drilling Floor,Unsafe Act,Trenching,"During Trenching, Drill Pipe failed unexpectedly. Because Exclusion zone breached, the worker was exposed to High pressure release. Fortunately, the worker jumped back in time.",1,0.99,Line of Fire,Line of Fire,High pressure release,Exclusion zone breached,Drill Pipe,Fatal impact,Property Damage,pressure test|suspended load,Medium
REP-41D6B5A5,2023-07-28,Station Foxtrot,Main Workshop,Unsafe Condition,Painting,"Scaffolding tubes for Pipe Rack Level 3 were stored untidily, causing a minor trip hazard during Painting.",0,0.18,Work at Height,Work at Height,None,None,Pipe Rack Level 3,Minor injury,None,,Low
REP-D2A6DC88,2023-11-08,Site Alpha,Drilling Floor,Unsafe Act,Painting,"During Painting, worker used the correct harness but the inspection log was not filled in for Crane C-1.",0,0.1,Work at Height,Work at Height,None,None,Crane C-1,Minor injury,None,,Low
REP-EB169517,2021-04-08,Site Alpha,Storage Tank A,Unsafe Act,General Maintenance,Permit for General Maintenance at Camp Facility had a minor spelling mistake in the supervisor's name.,0,0.07,Work Authorization,Work Authorization,None,None,Camp Facility,Minor injury,None,,Low
REP-43DBD6B5,2022-07-26,Facility Bravo,Storage Tank A,Incident,Process Operation,Operator logged Process Operation for Pressure Safety Valve PSV-90 in the wrong logbook.,0,0.28,Bypassing Safety Controls,Bypassing Safety Controls,None,None,Pressure Safety Valve PSV-90,Minor injury,None,,Low
REP-2A4B26CD,2022-03-21,Station Foxtrot,Pump Room,Incident,Alarm Testing,Indicator bulb on Fire & Gas Panel was burnt out during Alarm Testing.,0,0.21,Bypassing Safety Controls,Bypassing Safety Controls,None,None,Fire & Gas Panel,Minor injury,None,,Low
REP-5BF071CB,2023-06-09,Site Alpha,Pipe Rack 2,Unsafe Condition,Inspection,"Noticed Electrical Panel EP-5 had a minor weep during Inspection. LOTO was applied correctly, but cleanup was delayed.",0,0.17,Energy Isolation,Energy Isolation,None,None,Electrical Panel EP-5,Minor injury,None,,Low
REP-FBDB49C6,2023-12-30,Facility Bravo,Control Room,Unsafe Act,General Maintenance,Permit for General Maintenance at Process Module 4 had a minor spelling mistake in the supervisor's name.,0,0.19,Work Authorization,Work Authorization,None,None,Process Module 4,Minor injury,None,,Low
REP-8E120DA3,2020-03-30,Facility Bravo,Drilling Floor,Unsafe Condition,Lifting,"During Lifting, a piece of non-tensioned wire from Winch W-2 was left on the floor.",0,0.22,Line of Fire,Line of Fire|Work Authorization,None,None,Winch W-2,Minor injury,None,,Low
REP-9141FD2D,2020-01-08,Terminal Echo,Main Workshop,Unsafe Act,Pressure Testing,"Pressure Testing was being performed. Barricades ignored allowed personnel to walk directly under Winch W-2, posing a severe Caught between objects.",1,0.75,Line of Fire,Line of Fire,Caught between objects,Barricades ignored,Winch W-2,Fatal impact,None,pinch point|moving machinery,Medium
REP-6D64D4CC,2023-05-16,Terminal Echo,Pump Room,Unsafe Condition,Non-routine Task,JSA for Non-routine Task near Process Module 4 was printed on crumpled paper.,0,0.18,Work Authorization,Work Authorization,None,None,Process Module 4,Minor injury,None,,Low
REP-321B0C3D,2023-05-20,Platform Charlie,Drilling Floor,Unsafe Act,Forklift Operation,The horn on Mobile Crane sounded a bit quiet during Forklift Operation.,0,0.27,Safe Mechanical Lifting,Safe Mechanical Lifting,None,None,Mobile Crane,Minor injury,None,,Low
REP-C366E449,2022-02-15,Site Alpha,Storage Tank A,Unsafe Act,Process Operation,"While investigating Pressure Safety Valve PSV-90, it was found that Alarm disabled during Process Operation. This exposed the facility to Loss of containment.",1,0.92,Bypassing Safety Controls,Bypassing Safety Controls,Loss of containment,Alarm disabled,Pressure Safety Valve PSV-90,Catastrophic release,First Aid,ignored alarm|disabled safety device,High
REP-D24A4395,2023-07-12,Terminal Echo,Deck 3,Incident,Lifting,"Worker performing Lifting on Excavator had their hands slightly close to a rough edge, causing a minor scratch.",0,0.23,Line of Fire,Line of Fire,None,None,Excavator,Minor injury,None,,Low
REP-06CAC3B1,2022-10-05,Facility Bravo,Loading Bay,Near Miss,Rigging,Operator of Overhead Gantry during Rigging forgot his safety glasses but was in an enclosed cab.,0,0.26,Safe Mechanical Lifting,Safe Mechanical Lifting,None,None,Overhead Gantry,Minor injury,None,,Low
REP-45BCE834,2023-02-21,Station Foxtrot,Loading Bay,Unsafe Act,Maintenance,"Noticed Pump P-204 had a minor weep during Maintenance. LOTO was applied correctly, but cleanup was delayed.",0,0.14,Energy Isolation,Energy Isolation,None,None,Pump P-204,Minor injury,None,,Low
REP-8D57D2B4,2022-03-22,Station Foxtrot,Pump Room,Unsafe Condition,Hoisting,Operator of Mobile Crane during Hoisting forgot his safety glasses but was in an enclosed cab.,0,0.14,Safe Mechanical Lifting,Safe Mechanical Lifting,None,None,Mobile Crane,Minor injury,None,,Low
REP-F26488E0,2020-04-24,Terminal Echo,Main Workshop,Near Miss,Soldering,"During Soldering with Pipe Spool P-10, Fire watcher absent allowed slag to ignite a small fire. Fire potential was extremely high.",1,0.83,Hot Work,Hot Work,Fire,Fire watcher absent,Pipe Spool P-10,Facility explosion,Property Damage,hydrocarbon presence|sparks,High
REP-D51AAA80,2023-07-07,Terminal Echo,Boiler Area,Incident,Inspection,"While preparing for Inspection on Heat Exchanger HX-2, found that the lock for LOTO was slightly rusted, making it hard to use.",0,0.39,Energy Isolation,Energy Isolation,None,None,Heat Exchanger HX-2,Minor injury,None,,Low
REP-60D90B4A,2020-08-17,Platform Charlie,Pump Room,Unsafe Condition,Structural Inspection,"During Structural Inspection, a 5kg wrench was dropped from Pipe Rack Level 3. No barricade below meant the area below was not clear. Fall from height was a near miss.",1,0.76,Work at Height,Work at Height|Safe Mechanical Lifting,Fall from height,No barricade below,Pipe Rack Level 3,Serious head injury from dropped object,None,missing fall protection|open hole,High
REP-333FB8CF,2021-11-01,Facility Bravo,Deck 3,Unsafe Condition,Non-routine Task,Worker doing Non-routine Task at Process Module 4 did not sign the permit exactly on the line.,0,0.13,Work Authorization,Work Authorization,None,None,Process Module 4,Minor injury,None,,Low
REP-C168DF2A,2022-12-02,Station Foxtrot,Main Workshop,Unsafe Act,Pipefitting,"Operator was performing Pipefitting on Valve V-99. It was discovered that LOTO not applied, leaving the system vulnerable to H2S exposure. Work was stopped immediately.",1,0.84,Energy Isolation,Energy Isolation,H2S exposure,LOTO not applied,Valve V-99,"Fire, serious injury or fatal exposure",None,stored energy|toxic fluid,Medium
REP-D5EB9521,2020-11-01,Facility Bravo,Main Workshop,Unsafe Act,Forklift Operation,Operator of Overhead Gantry during Forklift Operation forgot his safety glasses but was in an enclosed cab.,0,0.06,Safe Mechanical Lifting,Safe Mechanical Lifting,None,None,Overhead Gantry,Minor injury,None,,Low
REP-24E70F1F,2021-11-24,Terminal Echo,Control Room,Unsafe Act,Transporting Personnel,"While Transporting Personnel with Vacuum Truck, the driver was observed Brakes defective. This led to a near miss involving Pedestrian impact.",1,0.75,Driving,Driving,Pedestrian impact,Brakes defective,Vacuum Truck,Severe whiplash,Property Damage,poor road conditions|heavy vehicle interaction,High
REP-DD52FF06,2021-12-29,Platform Charlie,Drilling Floor,Unsafe Condition,Non-routine Task,Critical Non-routine Task on Process Module 4 proceeded despite Expired permit. This breakdown in authorization risked Unidentified hazards.,1,0.96,Work Authorization,Work Authorization|Bypassing Safety Controls,Unidentified hazards,Expired permit,Process Module 4,Serious injury due to lack of hazard awareness,Property Damage,poor communication|simops,High
REP-D6E3CE2B,2022-08-11,Refinery Delta,Loading Bay,Unsafe Condition,Transporting Personnel,Radio in Forklift was left on high volume after Transporting Personnel.,0,0.26,Driving,Driving,None,None,Forklift,Minor injury,None,,Low
REP-D57FF2B4,2020-12-15,Platform Charlie,Drilling Floor,Unsafe Condition,Hoisting,"Hoisting was taking place with Chain Block. It was found that Outriggers not extended, which is a severe violation that could result in Crane tip-over.",1,0.73,Safe Mechanical Lifting,Safe Mechanical Lifting,Crane tip-over,Outriggers not extended,Chain Block,Structural collapse,First Aid,suspended load|dynamic loading,High
REP-ADA2EC52,2021-05-14,Terminal Echo,Boiler Area,Incident,Alarm Testing,Operator logged Alarm Testing for DCS System in the wrong logbook.,0,0.1,Bypassing Safety Controls,Bypassing Safety Controls,None,None,DCS System,Minor injury,None,,Low
REP-E37C0E4B,2023-12-28,Terminal Echo,Control Room,Unsafe Act,Grinding,Fire extinguisher near Pipe Spool P-10 for Grinding was due for monthly inspection next week.,0,0.04,Hot Work,Hot Work,None,None,Pipe Spool P-10,Minor injury,None,,Low
REP-36686901,2023-05-06,Refinery Delta,Drilling Floor,Incident,Contractor Work,Permit for Contractor Work at Process Module 4 had a minor spelling mistake in the supervisor's name.,0,0.28,Work Authorization,Work Authorization,None,None,Process Module 4,Minor injury,None,,Low
REP-9E3987F1,2023-06-14,Terminal Echo,Control Room,Unsafe Condition,Maintenance,"The tag for Compressor C-10 was faded during Maintenance. No Electrical shock was present, but tag needs replacement.",0,0.12,Energy Isolation,Energy Isolation,None,None,Compressor C-10,Minor injury,None,,Low
REP-423D0F86,2023-12-11,Terminal Echo,Drilling Floor,Unsafe Act,Torch Cutting,"During Torch Cutting with Oxy-Acetylene Torch, Gas test expired allowed slag to ignite a small fire. Toxic fumes potential was extremely high.",1,0.72,Hot Work,Hot Work,Toxic fumes,Gas test expired,Oxy-Acetylene Torch,Major fire,None,hydrocarbon presence|ignition source,Medium
REP-90BDC9EF,2023-09-18,Facility Bravo,Control Room,Unsafe Condition,Inspection,"While preparing for Inspection on Valve V-99, found that the lock for LOTO was slightly rusted, making it hard to use.",0,0.22,Energy Isolation,Energy Isolation,None,None,Valve V-99,Minor injury,None,,Low
REP-9F36F1F3,2022-06-13,Facility Bravo,Deck 3,Unsafe Condition,System Maintenance,"Audit of Shutdown Valve SDV-1 post-System Maintenance revealed Safety valve isolated. Without this protection, Overpressure could have occurred.",1,0.7,Bypassing Safety Controls,Bypassing Safety Controls,Overpressure,Safety valve isolated,Shutdown Valve SDV-1,Multiple fatalities,Property Damage,disabled safety device|unauthorized override,High
REP-028235B2,2022-05-19,Terminal Echo,Pump Room,Incident,System Maintenance,Operator logged System Maintenance for Shutdown Valve SDV-1 in the wrong logbook.,0,0.1,Bypassing Safety Controls,Bypassing Safety Controls,None,None,Shutdown Valve SDV-1,Minor injury,None,,Low
REP-C88F138B,2022-09-13,Station Foxtrot,Deck 3,Unsafe Condition,Vessel Welding,"Worker doing Vessel Welding in Underground Sump complained about poor lighting, though gas levels were normal.",0,0.05,Confined Space,Confined Space,None,None,Underground Sump,Minor injury,None,,Low
REP-EB00AA99,2023-04-02,Platform Charlie,Pump Room,Near Miss,Site Patrol,Radio in Forklift was left on high volume after Site Patrol.,0,0.22,Driving,Driving|Work Authorization,None,None,Forklift,Minor injury,None,,Low
REP-17033B67,2023-05-08,Station Foxtrot,Main Workshop,Near Miss,Pipefitting,"Noticed Valve V-99 had a minor weep during Pipefitting. LOTO was applied correctly, but cleanup was delayed.",0,0.02,Energy Isolation,Energy Isolation,None,None,Valve V-99,Minor injury,None,,Low
REP-BE463895,2021-05-31,Facility Bravo,Main Workshop,Near Miss,Non-routine Task,"During a walkaround, found personnel doing Non-routine Task on Workshop. PTW not issued meant they had no controls for Uncontrolled work.",1,0.72,Work Authorization,Work Authorization,Uncontrolled work,PTW not issued,Workshop,Process incident,First Aid,unauthorized work|poor communication,Medium
REP-2397259D,2021-04-28,Refinery Delta,Boiler Area,Unsafe Act,Maintenance,"While preparing for Maintenance on Heat Exchanger HX-2, found that the lock for LOTO was slightly rusted, making it hard to use.",0,0.32,Energy Isolation,Energy Isolation,None,None,Heat Exchanger HX-2,Minor injury,None,,Low
REP-5012757F,2021-03-07,Terminal Echo,Drilling Floor,Unsafe Act,Painting,"During Painting, worker used the correct harness but the inspection log was not filled in for Cherry Picker.",0,0.26,Work at Height,Work at Height,None,None,Cherry Picker,Minor injury,None,,Low
REP-7E0DF700,2022-03-09,Refinery Delta,Main Workshop,Unsafe Condition,Scaffolding,"Scaffolding tubes for Crane C-1 were stored untidily, causing a minor trip hazard during Scaffolding.",0,0.28,Work at Height,Work at Height,None,None,Crane C-1,Minor injury,None,,Low
REP-C988EFEF,2022-06-03,Terminal Echo,Main Workshop,Near Miss,Process Operation,"Screen on Fire & Gas Panel was dirty, making it hard to read during Process Operation.",0,0.26,Bypassing Safety Controls,Bypassing Safety Controls,None,None,Fire & Gas Panel,Minor injury,None,,Low
REP-CA658B1F,2023-11-14,Facility Bravo,Drilling Floor,Unsafe Act,Structural Inspection,"During Structural Inspection, worker used the correct harness but the inspection log was not filled in for Cherry Picker.",0,0.14,Work at Height,Work at Height,None,None,Cherry Picker,Minor injury,None,,Low
REP-CBBDED04,2021-01-30,Site Alpha,Pump Room,Unsafe Act,Scaffolding,"During Scaffolding, worker used the correct harness but the inspection log was not filled in for Roof Access Ladder.",0,0.12,Work at Height,Work at Height,None,None,Roof Access Ladder,Minor injury,None,,Low
REP-3BBA161C,2023-09-14,Site Alpha,Control Room,Near Miss,Vessel Welding,"During Vessel Welding inside Storage Tank A, Gas test not performed was noted. This is a critical failure leading to high risk of Toxic atmosphere.",1,0.75,Confined Space,Confined Space,Toxic atmosphere,Gas test not performed,Storage Tank A,Loss of consciousness,First Aid,hazardous atmosphere|restricted access,High
REP-D9068094,2021-06-26,Facility Bravo,Control Room,Unsafe Act,Torch Cutting,The welding lead for Angle Grinder was slightly tangled during Torch Cutting.,0,0.38,Hot Work,Hot Work,None,None,Angle Grinder,Minor injury,None,,Low
REP-18537B34,2022-06-23,Station Foxtrot,Main Workshop,Unsafe Act,Vessel Welding,Tools used for Vessel Welding in Reactor R-5 were left outside the entrance untidily.,0,0.26,Confined Space,Confined Space,None,None,Reactor R-5,Minor injury,None,,Low
REP-954C1EA5,2021-11-06,Refinery Delta,Pump Room,Incident,Rigging,"Rigging was ongoing near Pipe Rack Level 3 when grating was removed. Harness not clipped left the hole unprotected, creating a high risk of Open grating.",1,0.81,Work at Height,Work at Height,Open grating,Harness not clipped,Pipe Rack Level 3,Serious head injury from dropped object,Property Damage,working aloft|edge proximity,Medium
REP-4D2C5C4E,2022-01-05,Platform Charlie,Main Workshop,Incident,Alarm Testing,"Screen on DCS System was dirty, making it hard to read during Alarm Testing.",0,0.22,Bypassing Safety Controls,Bypassing Safety Controls,None,None,DCS System,Minor injury,None,,Low
REP-68239392,2021-01-26,Platform Charlie,Storage Tank A,Unsafe Act,Structural Inspection,Worker observed performing Structural Inspection on Cherry Picker at 15 meters. It was noted that Harness not clipped. A Unstable platform could have resulted in a fatality.,1,0.86,Work at Height,Work at Height,Unstable platform,Harness not clipped,Cherry Picker,Serious head injury from dropped object,Property Damage,missing fall protection|unsecured tools,High
REP-5AAD20FB,2023-01-12,Station Foxtrot,Main Workshop,Incident,Soldering,The welding lead for Welding Machine W-1 was slightly tangled during Soldering.,0,0.03,Hot Work,Hot Work|Energy Isolation,None,None,Welding Machine W-1,Minor injury,None,,Low
REP-409F53F8,2023-09-01,Station Foxtrot,Pipe Rack 2,Incident,General Maintenance,Permit for General Maintenance at Process Module 4 had a minor spelling mistake in the supervisor's name.,0,0.09,Work Authorization,Work Authorization,None,None,Process Module 4,Minor injury,None,,Low
REP-32A313D2,2023-06-20,Site Alpha,Loading Bay,Unsafe Condition,Material Delivery,The Light Vehicle was slightly dirty during Material Delivery.,0,0.19,Driving,Driving,None,None,Light Vehicle,Minor injury,None,,Low
REP-2A0E9E29,2021-02-19,Refinery Delta,Drilling Floor,Incident,Repair,"During Repair of Pump P-204, the technician started loosening the flange while the line was still pressurized. Isolation valve was closed but Energy not verified zero. Steam leak occurred. No injury occurred but potential was high.",1,0.84,Energy Isolation,Energy Isolation,Steam leak,Energy not verified zero,Pump P-204,Fatal electrocution,None,stored energy|toxic fluid,Medium
REP-CCF903DD,2022-04-30,Facility Bravo,Drilling Floor,Unsafe Condition,Material Delivery,Driver doing Material Delivery in Crew Bus parked slightly outside the designated lines.,0,0.07,Driving,Driving,None,None,Crew Bus,Minor injury,None,,Low
REP-D0C9FC84,2020-07-01,Station Foxtrot,Main Workshop,Incident,Inspection,"Noticed Pump P-204 had a minor weep during Inspection. LOTO was applied correctly, but cleanup was delayed.",0,0.08,Energy Isolation,Energy Isolation|Driving,None,None,Pump P-204,Minor injury,None,,Low
REP-F002B89E,2020-03-18,Terminal Echo,Boiler Area,Incident,Non-routine Task,Permit for Non-routine Task at Workshop had a minor spelling mistake in the supervisor's name.,0,0.25,Work Authorization,Work Authorization,None,None,Workshop,Minor injury,None,,Low
REP-3AD7730A,2023-01-10,Terminal Echo,Loading Bay,Incident,Structural Inspection,"During Structural Inspection, worker used the correct harness but the inspection log was not filled in for Pipe Rack Level 3.",0,0.15,Work at Height,Work at Height,None,None,Pipe Rack Level 3,Minor injury,None,,Low
REP-2F9CC62F,2020-03-29,Site Alpha,Drilling Floor,Near Miss,Internal Inspection,The entry log for Storage Tank A during Internal Inspection was smudged with dirt.,0,0.07,Confined Space,Confined Space,None,None,Storage Tank A,Minor injury,None,,Low
REP-64F8DF33,2022-06-29,Terminal Echo,Drilling Floor,Incident,Hoisting,"Hoisting was taking place with Chain Block. It was found that Overloaded crane, which is a severe violation that could result in Dropped suspended load.",1,0.85,Safe Mechanical Lifting,Safe Mechanical Lifting|Line of Fire,Dropped suspended load,Overloaded crane,Chain Block,Multiple serious injuries,None,heavy lifting|suspended load,Medium
REP-B9E2AD7D,2023-04-13,Refinery Delta,Pump Room,Incident,Grinding,"During Grinding with Welding Machine W-1, Fire watcher absent allowed slag to ignite a small fire. Severe burns potential was extremely high.",1,0.96,Hot Work,Hot Work,Severe burns,Fire watcher absent,Welding Machine W-1,Major fire,First Aid,hydrocarbon presence|ignition source,Medium
REP-7162BFAE,2023-03-10,Site Alpha,Main Workshop,Unsafe Condition,General Maintenance,"Crew commenced General Maintenance at Camp Facility but JSA not discussed. Unaware of SIMOPS, they were exposed to Simultaneous operations clash.",1,0.8,Work Authorization,Work Authorization,Simultaneous operations clash,JSA not discussed,Camp Facility,Process incident,Property Damage,simops|poor communication,Medium
REP-A92064F3,2022-04-23,Terminal Echo,Control Room,Unsafe Condition,Contractor Work,Critical Contractor Work on Camp Facility proceeded despite Wrong permit type. This breakdown in authorization risked Unidentified hazards.,1,0.96,Work Authorization,Work Authorization,Unidentified hazards,Wrong permit type,Camp Facility,Serious injury due to lack of hazard awareness,None,poor communication|simops,Medium
REP-CAF767B0,2023-04-26,Facility Bravo,Pump Room,Incident,Contractor Work,Permit for Contractor Work at Process Module 4 had a minor spelling mistake in the supervisor's name.,0,0.36,Work Authorization,Work Authorization,None,None,Process Module 4,Minor injury,None,,Low
REP-BD96748B,2023-02-17,Site Alpha,Storage Tank A,Unsafe Condition,Pipefitting,"While preparing for Pipefitting on Heat Exchanger HX-2, found that the lock for LOTO was slightly rusted, making it hard to use.",0,0.1,Energy Isolation,Energy Isolation,None,None,Heat Exchanger HX-2,Minor injury,None,,Low
REP-E8EFC73B,2020-10-10,Station Foxtrot,Storage Tank A,Unsafe Condition,Forklift Operation,A heavy skid was being moved during Forklift Operation. No tag lines used led to a near miss involving Dropped suspended load near Mobile Crane.,1,0.87,Safe Mechanical Lifting,Safe Mechanical Lifting,Dropped suspended load,No tag lines used,Mobile Crane,Multiple serious injuries,First Aid,dynamic loading|blind lift,High
REP-3126AD15,2023-11-30,Terminal Echo,Pipe Rack 2,Unsafe Condition,Soldering,The welding lead for Welding Machine W-1 was slightly tangled during Soldering.,0,0.3,Hot Work,Hot Work,None,None,Welding Machine W-1,Minor injury,None,,Low
REP-0CE26EDA,2023-06-21,Site Alpha,Drilling Floor,Near Miss,Rigging,"Scaffolding tubes for Pipe Rack Level 3 were stored untidily, causing a minor trip hazard during Rigging.",0,0.15,Work at Height,Work at Height,None,None,Pipe Rack Level 3,Minor injury,None,,Low
REP-1E707D32,2021-04-06,Platform Charlie,Drilling Floor,Near Miss,Transporting Personnel,"Light Vehicle was involved in a near miss during Transporting Personnel. Investigation showed Seatbelt not worn, drastically increasing the risk of Rollover.",1,0.91,Driving,Driving,Rollover,Seatbelt not worn,Light Vehicle,Severe whiplash,Property Damage,high speed|poor road conditions,Medium
REP-6C7F4A6D,2022-12-27,Platform Charlie,Control Room,Near Miss,System Maintenance,"Screen on DCS System was dirty, making it hard to read during System Maintenance.",0,0.22,Bypassing Safety Controls,Bypassing Safety Controls,None,None,DCS System,Minor injury,None,,Low
REP-B641E421,2020-08-17,Station Foxtrot,Boiler Area,Incident,Painting,Worker's chin strap on helmet was loose during Painting on Roof Access Ladder.,0,0.07,Work at Height,Work at Height,None,None,Roof Access Ladder,Minor injury,None,,Low
REP-85EBACB2,2021-01-22,Site Alpha,Pump Room,Unsafe Condition,Vessel Welding,Worker entered Storage Tank A for Vessel Welding. Suddenly the alarm sounded. Rescue plan inadequate meant the worker was exposed to Engulfment.,1,0.82,Confined Space,Confined Space,Engulfment,Rescue plan inadequate,Storage Tank A,Loss of consciousness,First Aid,hazardous atmosphere|deep excavation,Medium
REP-6BAAD449,2021-09-19,Facility Bravo,Main Workshop,Unsafe Condition,Site Patrol,Driver doing Site Patrol in Forklift parked slightly outside the designated lines.,0,0.23,Driving,Driving,None,None,Forklift,Minor injury,None,,Low
REP-A229FCE5,2020-12-25,Station Foxtrot,Boiler Area,Unsafe Condition,Crane Lifting,Operator of Forklift F-3 during Crane Lifting forgot his safety glasses but was in an enclosed cab.,0,0.12,Safe Mechanical Lifting,Safe Mechanical Lifting,None,None,Forklift F-3,Minor injury,None,,Low
REP-C44A2660,2022-02-02,Refinery Delta,Pipe Rack 2,Unsafe Condition,Repair,"While inspecting Heat Exchanger HX-2, Electrical shock was narrowly avoided because Padlock missing.",1,0.79,Energy Isolation,Energy Isolation,Electrical shock,Padlock missing,Heat Exchanger HX-2,Severe chemical burns,None,inadequate isolation|stored energy,High
REP-28E88568,2022-11-05,Platform Charlie,Main Workshop,Incident,Scaffolding,"During Scaffolding, worker used the correct harness but the inspection log was not filled in for Roof Access Ladder.",0,0.22,Work at Height,Work at Height,None,None,Roof Access Ladder,Minor injury,None,,Low
REP-396F436D,2023-06-18,Facility Bravo,Control Room,Near Miss,Trenching,"During Trenching, a piece of non-tensioned wire from High Pressure Hose was left on the floor.",0,0.02,Line of Fire,Line of Fire,None,None,High Pressure Hose,Minor injury,None,,Low
REP-507BF063,2022-03-18,Facility Bravo,Control Room,Near Miss,Inspection,"While inspecting Heat Exchanger HX-2, H2S exposure was narrowly avoided because Isolation valve leaking.",1,0.89,Energy Isolation,Energy Isolation,H2S exposure,Isolation valve leaking,Heat Exchanger HX-2,Severe chemical burns,Property Damage,stored energy|live electrical,Medium
REP-4F9A9F18,2021-12-07,Platform Charlie,Main Workshop,Incident,Transporting Personnel,Driver doing Transporting Personnel in Crew Bus parked slightly outside the designated lines.,0,0.01,Driving,Driving,None,None,Crew Bus,Minor injury,None,,Low
REP-459BCDAA,2023-05-09,Site Alpha,Boiler Area,Unsafe Condition,Painting,Worker's chin strap on helmet was loose during Painting on Roof Access Ladder.,0,0.34,Work at Height,Work at Height,None,None,Roof Access Ladder,Minor injury,None,,Low
REP-BDF6837D,2023-12-25,Terminal Echo,Boiler Area,Unsafe Condition,Site Patrol,The Pickup Truck P-12 was slightly dirty during Site Patrol.,0,0.23,Driving,Driving,None,None,Pickup Truck P-12,Minor injury,None,,Low
REP-4575B3BB,2021-09-06,Station Foxtrot,Control Room,Unsafe Act,System Maintenance,"While investigating Shutdown Valve SDV-1, it was found that Safety valve isolated during System Maintenance. This exposed the facility to Process safety event.",1,0.93,Bypassing Safety Controls,Bypassing Safety Controls,Process safety event,Safety valve isolated,Shutdown Valve SDV-1,Multiple fatalities,First Aid,unauthorized override|disabled safety device,Medium
REP-2BCFFEEA,2022-01-10,Terminal Echo,Control Room,Incident,Rigging,The horn on Forklift F-3 sounded a bit quiet during Rigging.,0,0.24,Safe Mechanical Lifting,Safe Mechanical Lifting,None,None,Forklift F-3,Minor injury,None,,Low
REP-3302D870,2023-11-20,Facility Bravo,Drilling Floor,Unsafe Condition,Non-routine Task,JSA for Non-routine Task near Process Module 4 was printed on crumpled paper.,0,0.19,Work Authorization,Work Authorization,None,None,Process Module 4,Minor injury,None,,Low
REP-9A8D2256,2023-05-11,Facility Bravo,Pipe Rack 2,Near Miss,Soldering,"Soldering was started on Oxy-Acetylene Torch near a live process area. Gas test expired was observed, posing a massive risk of Fire.",1,0.92,Hot Work,Hot Work,Fire,Gas test expired,Oxy-Acetylene Torch,Facility explosion,None,ignition source|sparks,Medium
REP-4B20E425,2020-11-29,Site Alpha,Loading Bay,Unsafe Condition,Hoisting,Paint on Overhead Gantry used for Hoisting is peeling off.,0,0.14,Safe Mechanical Lifting,Safe Mechanical Lifting|Hot Work,None,None,Overhead Gantry,Minor injury,None,,Low
REP-2E9B86A3,2023-11-16,Platform Charlie,Boiler Area,Incident,Vessel Welding,"Worker doing Vessel Welding in Storage Tank A complained about poor lighting, though gas levels were normal.",0,0.15,Confined Space,Confined Space,None,None,Storage Tank A,Minor injury,None,,Low
REP-F2E2C685,2021-04-09,Platform Charlie,Boiler Area,Unsafe Condition,Site Patrol,Radio in Vacuum Truck was left on high volume after Site Patrol.,0,0.07,Driving,Driving,None,None,Vacuum Truck,Minor injury,None,,Low
REP-91ED1E4E,2020-08-31,Platform Charlie,Pump Room,Unsafe Act,Roof Repair,Worker observed performing Roof Repair on Scaffold Tower B at 15 meters. It was noted that Harness not clipped. A Fall from height could have resulted in a fatality.,1,0.71,Work at Height,Work at Height,Fall from height,Harness not clipped,Scaffold Tower B,Serious head injury from dropped object,First Aid,working aloft|unsecured tools,Medium
REP-48260354,2021-07-22,Terminal Echo,Drilling Floor,Near Miss,Maintenance,"Noticed Pump P-204 had a minor weep during Maintenance. LOTO was applied correctly, but cleanup was delayed.",0,0.07,Energy Isolation,Energy Isolation,None,None,Pump P-204,Minor injury,None,,Low
REP-3396FC37,2020-01-09,Station Foxtrot,Deck 3,Unsafe Condition,Material Delivery,"While Material Delivery with Light Vehicle, the driver was observed Speeding. This led to a near miss involving Vehicle collision.",1,0.98,Driving,Driving,Vehicle collision,Speeding,Light Vehicle,Crush injuries to pedestrian,Property Damage,distracted driving|poor road conditions,Medium
REP-1CD6ED45,2022-04-14,Site Alpha,Drilling Floor,Unsafe Act,Contractor Work,Permit for Contractor Work at Workshop had a minor spelling mistake in the supervisor's name.,0,0.21,Work Authorization,Work Authorization,None,None,Workshop,Minor injury,None,,Low
REP-5FC6EC17,2021-08-03,Refinery Delta,Main Workshop,Incident,Material Delivery,Driver doing Material Delivery in Forklift parked slightly outside the designated lines.,0,0.06,Driving,Driving,None,None,Forklift,Minor injury,None,,Low
REP-C817FBBF,2020-08-03,Refinery Delta,Control Room,Unsafe Act,System Maintenance,"While investigating Shutdown Valve SDV-1, it was found that Interlock bridged during System Maintenance. This exposed the facility to Overpressure.",1,0.99,Bypassing Safety Controls,Bypassing Safety Controls,Overpressure,Interlock bridged,Shutdown Valve SDV-1,Catastrophic release,Property Damage,ignored alarm|disabled safety device,High
REP-BCCB5510,2021-04-21,Refinery Delta,Control Room,Near Miss,System Maintenance,"Audit of DCS System post-System Maintenance revealed Interlock bridged. Without this protection, Overpressure could have occurred.",1,0.94,Bypassing Safety Controls,Bypassing Safety Controls,Overpressure,Interlock bridged,DCS System,Catastrophic release,None,ignored alarm|disabled safety device,High
REP-3777D2C2,2022-09-29,Refinery Delta,Loading Bay,Unsafe Condition,Rigging,The horn on Overhead Gantry sounded a bit quiet during Rigging.,0,0.06,Safe Mechanical Lifting,Safe Mechanical Lifting,None,None,Overhead Gantry,Minor injury,None,,Low
REP-118CEEAF,2023-09-15,Terminal Echo,Control Room,Incident,Maintenance,"Operator was performing Maintenance on Valve V-99. It was discovered that Isolation valve leaking, leaving the system vulnerable to Pressurized hydrocarbon release. Work was stopped immediately.",1,0.88,Energy Isolation,Energy Isolation,Pressurized hydrocarbon release,Isolation valve leaking,Valve V-99,Asphyxiation,None,pressurized equipment|inadequate isolation,Medium
REP-0C5F1243,2022-06-25,Refinery Delta,Pump Room,Unsafe Act,Contractor Work,"Crew commenced Contractor Work at Utility Area but Wrong permit type. Unaware of SIMOPS, they were exposed to Uncontrolled work.",1,0.81,Work Authorization,Work Authorization,Uncontrolled work,Wrong permit type,Utility Area,Serious injury due to lack of hazard awareness,First Aid,unauthorized work|poor communication,High
REP-70C3D300,2023-02-25,Facility Bravo,Pipe Rack 2,Unsafe Act,Forklift Operation,A heavy skid was being moved during Forklift Operation. Damaged slings used led to a near miss involving Rigging failure near Chain Block.,1,0.9,Safe Mechanical Lifting,Safe Mechanical Lifting,Rigging failure,Damaged slings used,Chain Block,Structural collapse,First Aid,dynamic loading|suspended load,High
REP-11AB6FDD,2022-01-20,Platform Charlie,Pump Room,Near Miss,Non-routine Task,Permit for Non-routine Task at Camp Facility had a minor spelling mistake in the supervisor's name.,0,0.06,Work Authorization,Work Authorization,None,None,Camp Facility,Minor injury,None,,Low
REP-A039F087,2020-06-22,Station Foxtrot,Deck 3,Near Miss,System Maintenance,"Screen on Fire & Gas Panel was dirty, making it hard to read during System Maintenance.",0,0.13,Bypassing Safety Controls,Bypassing Safety Controls,None,None,Fire & Gas Panel,Minor injury,None,,Low
REP-01482482,2020-02-15,Platform Charlie,Storage Tank A,Incident,Lifting,"During Lifting, Drill Pipe failed unexpectedly. Because Standing in pinch point, the worker was exposed to Whip from parted cable. Fortunately, the worker jumped back in time.",1,0.71,Line of Fire,Line of Fire,Whip from parted cable,Standing in pinch point,Drill Pipe,Severe lacerations,Property Damage,pinch point|pressure test,High
REP-5179FF96,2022-06-11,Facility Bravo,Control Room,Unsafe Act,Roof Repair,"During Roof Repair, worker used the correct harness but the inspection log was not filled in for Scaffold Tower B.",0,0.13,Work at Height,Work at Height,None,None,Scaffold Tower B,Minor injury,None,,Low
REP-15154AFD,2020-07-07,Station Foxtrot,Deck 3,Near Miss,Material Delivery,Radio in Crew Bus was left on high volume after Material Delivery.,0,0.3,Driving,Driving,None,None,Crew Bus,Minor injury,None,,Low
REP-BAE49AA2,2023-01-10,Platform Charlie,Loading Bay,Incident,Heavy Haulage,Driver doing Heavy Haulage in Forklift parked slightly outside the designated lines.,0,0.18,Driving,Driving,None,None,Forklift,Minor injury,None,,Low
REP-631D4D00,2022-08-15,Platform Charlie,Pipe Rack 2,Incident,Heavy Haulage,Driver doing Heavy Haulage in Light Vehicle parked slightly outside the designated lines.,0,0.09,Driving,Driving,None,None,Light Vehicle,Minor injury,None,,Low
REP-57B7D421,2020-05-11,Station Foxtrot,Loading Bay,Incident,Inspection,"While preparing for Inspection on Electrical Panel EP-5, found that the lock for LOTO was slightly rusted, making it hard to use.",0,0.13,Energy Isolation,Energy Isolation,None,None,Electrical Panel EP-5,Minor injury,None,,Low
REP-DA94AAE0,2021-09-27,Refinery Delta,Control Room,Incident,Forklift Operation,The horn on Overhead Gantry sounded a bit quiet during Forklift Operation.,0,0.32,Safe Mechanical Lifting,Safe Mechanical Lifting,None,None,Overhead Gantry,Minor injury,None,,Low
REP-0F0403C6,2022-09-22,Site Alpha,Pump Room,Unsafe Act,Inspection,"The tag for Compressor C-10 was faded during Inspection. No Stored energy discharge was present, but tag needs replacement.",0,0.34,Energy Isolation,Energy Isolation,None,None,Compressor C-10,Minor injury,None,,Low
REP-71093B39,2022-10-21,Site Alpha,Pipe Rack 2,Near Miss,Crane Lifting,The horn on Chain Block sounded a bit quiet during Crane Lifting.,0,0.23,Safe Mechanical Lifting,Safe Mechanical Lifting,None,None,Chain Block,Minor injury,None,,Low
REP-433161FC,2020-08-06,Facility Bravo,Loading Bay,Near Miss,Painting,"Scaffolding tubes for Cherry Picker were stored untidily, causing a minor trip hazard during Painting.",0,0.1,Work at Height,Work at Height,None,None,Cherry Picker,Minor injury,None,,Low
REP-A3C69638,2020-10-23,Platform Charlie,Control Room,Near Miss,Crane Lifting,The horn on Chain Block sounded a bit quiet during Crane Lifting.,0,0.39,Safe Mechanical Lifting,Safe Mechanical Lifting,None,None,Chain Block,Minor injury,None,,Low
REP-9F52EEBC,2022-06-25,Refinery Delta,Pump Room,Incident,Maintenance,"The tag for Pump P-204 was faded during Maintenance. No Electrical shock was present, but tag needs replacement.",0,0.35,Energy Isolation,Energy Isolation,None,None,Pump P-204,Minor injury,None,,Low
REP-65484601,2023-08-12,Refinery Delta,Pump Room,Near Miss,Hoisting,Operator of Mobile Crane during Hoisting forgot his safety glasses but was in an enclosed cab.,0,0.13,Safe Mechanical Lifting,Safe Mechanical Lifting,None,None,Mobile Crane,Minor injury,None,,Low
REP-595ED693,2023-05-18,Station Foxtrot,Pipe Rack 2,Near Miss,Contractor Work,Permit for Contractor Work at Camp Facility had a minor spelling mistake in the supervisor's name.,0,0.15,Work Authorization,Work Authorization,None,None,Camp Facility,Minor injury,None,,Low
REP-9AB7824E,2020-11-19,Facility Bravo,Pipe Rack 2,Unsafe Condition,Maintenance,"The tag for Compressor C-10 was faded during Maintenance. No Steam leak was present, but tag needs replacement.",0,0.04,Energy Isolation,Energy Isolation,None,None,Compressor C-10,Minor injury,None,,Low
REP-0E500221,2022-01-22,Facility Bravo,Storage Tank A,Incident,System Maintenance,Indicator bulb on Shutdown Valve SDV-1 was burnt out during System Maintenance.,0,0.04,Bypassing Safety Controls,Bypassing Safety Controls,None,None,Shutdown Valve SDV-1,Minor injury,None,,Low
REP-B6C731F8,2023-05-14,Platform Charlie,Boiler Area,Unsafe Act,Tank Cleaning,"Worker doing Tank Cleaning in Storage Tank A complained about poor lighting, though gas levels were normal.",0,0.25,Confined Space,Confined Space,None,None,Storage Tank A,Minor injury,None,,Low
REP-C3030CE5,2021-02-20,Facility Bravo,Main Workshop,Near Miss,Trenching,"Worker performing Trenching on Winch W-2 had their hands slightly close to a rough edge, causing a minor scratch.",0,0.1,Line of Fire,Line of Fire,None,None,Winch W-2,Minor injury,None,,Low
REP-4D5074DC,2020-10-25,Site Alpha,Main Workshop,Near Miss,Process Operation,Indicator bulb on Shutdown Valve SDV-1 was burnt out during Process Operation.,0,0.17,Bypassing Safety Controls,Bypassing Safety Controls,None,None,Shutdown Valve SDV-1,Minor injury,None,,Low
REP-ED689C1C,2022-05-16,Station Foxtrot,Main Workshop,Unsafe Act,General Maintenance,"During a walkaround, found personnel doing General Maintenance on Utility Area. Expired permit meant they had no controls for Uncontrolled work.",1,0.9,Work Authorization,Work Authorization|Line of Fire,Uncontrolled work,Expired permit,Utility Area,Serious injury due to lack of hazard awareness,Property Damage,simops|inadequate planning,High
REP-706550A6,2022-03-19,Station Foxtrot,Drilling Floor,Unsafe Condition,Maintenance,"During Maintenance of Electrical Panel EP-5, the technician started loosening the flange while the line was still pressurized. Isolation valve was closed but Padlock missing. Electrical shock occurred. No injury occurred but potential was high.",1,0.77,Energy Isolation,Energy Isolation,Electrical shock,Padlock missing,Electrical Panel EP-5,Severe chemical burns,First Aid,toxic fluid|stored energy,High
REP-33857425,2023-12-25,Terminal Echo,Storage Tank A,Unsafe Condition,Transporting Personnel,The Light Vehicle was slightly dirty during Transporting Personnel.,0,0.04,Driving,Driving,None,None,Light Vehicle,Minor injury,None,,Low
REP-6472D79F,2021-06-24,Terminal Echo,Drilling Floor,Incident,Welding,The welding lead for Angle Grinder was slightly tangled during Welding.,0,0.25,Hot Work,Hot Work,None,None,Angle Grinder,Minor injury,None,,Low
REP-59579B5E,2020-11-30,Station Foxtrot,Control Room,Incident,Soldering,Welder doing Soldering with Angle Grinder had untucked coveralls.,0,0.19,Hot Work,Hot Work,None,None,Angle Grinder,Minor injury,None,,Low
REP-9A962265,2020-12-10,Station Foxtrot,Pipe Rack 2,Near Miss,General Maintenance,"During a walkaround, found personnel doing General Maintenance on Camp Facility. Expired permit meant they had no controls for Simultaneous operations clash.",1,0.73,Work Authorization,Work Authorization,Simultaneous operations clash,Expired permit,Camp Facility,Process incident,None,poor communication|unauthorized work,High
REP-9C398337,2020-02-23,Platform Charlie,Deck 3,Incident,Vessel Welding,The entry log for Storage Tank A during Vessel Welding was smudged with dirt.,0,0.36,Confined Space,Confined Space,None,None,Storage Tank A,Minor injury,None,,Low
REP-3E5DECB2,2023-05-01,Station Foxtrot,Pump Room,Near Miss,Structural Inspection,"During Structural Inspection, worker used the correct harness but the inspection log was not filled in for Crane C-1.",0,0.38,Work at Height,Work at Height,None,None,Crane C-1,Minor injury,None,,Low
REP-3CEE7166,2023-05-18,Refinery Delta,Deck 3,Incident,Contractor Work,Permit for Contractor Work at Workshop had a minor spelling mistake in the supervisor's name.,0,0.22,Work Authorization,Work Authorization,None,None,Workshop,Minor injury,None,,Low
REP-43EE605D,2023-09-01,Facility Bravo,Deck 3,Near Miss,Internal Inspection,Tools used for Internal Inspection in Storage Tank A were left outside the entrance untidily.,0,0.3,Confined Space,Confined Space,None,None,Storage Tank A,Minor injury,None,,Low
REP-DA6FE7ED,2022-09-02,Platform Charlie,Storage Tank A,Unsafe Act,Alarm Testing,Operator logged Alarm Testing for Fire & Gas Panel in the wrong logbook.,0,0.36,Bypassing Safety Controls,Bypassing Safety Controls|Hot Work,None,None,Fire & Gas Panel,Minor injury,None,,Low
REP-F28AE3B7,2020-11-13,Refinery Delta,Pipe Rack 2,Unsafe Act,Grinding,Welder doing Grinding with Pipe Spool P-10 had untucked coveralls.,0,0.26,Hot Work,Hot Work,None,None,Pipe Spool P-10,Minor injury,None,,Low
REP-F8B85AE5,2023-03-10,Site Alpha,Pipe Rack 2,Unsafe Act,Process Operation,"Screen on Shutdown Valve SDV-1 was dirty, making it hard to read during Process Operation.",0,0.18,Bypassing Safety Controls,Bypassing Safety Controls,None,None,Shutdown Valve SDV-1,Minor injury,None,,Low
REP-FE91BB6C,2022-10-28,Site Alpha,Deck 3,Incident,Transporting Personnel,Driver doing Transporting Personnel in Light Vehicle parked slightly outside the designated lines.,0,0.24,Driving,Driving,None,None,Light Vehicle,Minor injury,None,,Low
REP-E31D0139,2021-03-08,Facility Bravo,Deck 3,Near Miss,Grinding,"Grinding was being performed. Tension line snapped allowed personnel to walk directly under Winch W-2, posing a severe Struck by moving object.",1,0.93,Line of Fire,Line of Fire,Struck by moving object,Tension line snapped,Winch W-2,Fatal impact,None,pinch point|pressure test,High
REP-E4A0293A,2023-09-09,Station Foxtrot,Control Room,Near Miss,Roof Repair,"Scaffolding tubes for Cherry Picker were stored untidily, causing a minor trip hazard during Roof Repair.",0,0.28,Work at Height,Work at Height,None,None,Cherry Picker,Minor injury,None,,Low
REP-C33D6E57,2021-03-04,Refinery Delta,Boiler Area,Unsafe Condition,Soldering,Welder doing Soldering with Oxy-Acetylene Torch had untucked coveralls.,0,0.35,Hot Work,Hot Work|Work at Height,None,None,Oxy-Acetylene Torch,Minor injury,None,,Low
REP-5858F413,2023-12-09,Refinery Delta,Control Room,Incident,Material Delivery,The Pickup Truck P-12 was slightly dirty during Material Delivery.,0,0.36,Driving,Driving,None,None,Pickup Truck P-12,Minor injury,None,,Low
REP-6855D9BF,2023-03-31,Terminal Echo,Pipe Rack 2,Near Miss,Non-routine Task,Critical Non-routine Task on Workshop proceeded despite Wrong permit type. This breakdown in authorization risked Unidentified hazards.,1,0.83,Work Authorization,Work Authorization|Energy Isolation,Unidentified hazards,Wrong permit type,Workshop,Process incident,First Aid,unauthorized work|simops,High
REP-D5837778,2022-10-10,Terminal Echo,Drilling Floor,Incident,System Maintenance,"Audit of Shutdown Valve SDV-1 post-System Maintenance revealed Interlock bridged. Without this protection, Overpressure could have occurred.",1,0.82,Bypassing Safety Controls,Bypassing Safety Controls|Hot Work,Overpressure,Interlock bridged,Shutdown Valve SDV-1,Multiple fatalities,None,disabled safety device|bypassed interlock,High
REP-2A994177,2021-11-25,Terminal Echo,Control Room,Unsafe Condition,Inspection,"The tag for Electrical Panel EP-5 was faded during Inspection. No Electrical shock was present, but tag needs replacement.",0,0.36,Energy Isolation,Energy Isolation,None,None,Electrical Panel EP-5,Minor injury,None,,Low
REP-CEC5979F,2021-02-12,Facility Bravo,Control Room,Unsafe Act,System Maintenance,Operator logged System Maintenance for Fire & Gas Panel in the wrong logbook.,0,0.06,Bypassing Safety Controls,Bypassing Safety Controls,None,None,Fire & Gas Panel,Minor injury,None,,Low
REP-30890BF0,2022-10-28,Site Alpha,Deck 3,Near Miss,Contractor Work,Worker doing Contractor Work at Workshop did not sign the permit exactly on the line.,0,0.07,Work Authorization,Work Authorization,None,None,Workshop,Minor injury,None,,Low
REP-109CC9E7,2023-11-14,Terminal Echo,Deck 3,Unsafe Act,Tank Cleaning,"Worker doing Tank Cleaning in Separator V-10 complained about poor lighting, though gas levels were normal.",0,0.36,Confined Space,Confined Space,None,None,Separator V-10,Minor injury,None,,Low
REP-7710AE71,2022-01-10,Facility Bravo,Main Workshop,Incident,Contractor Work,Permit for Contractor Work at Process Module 4 had a minor spelling mistake in the supervisor's name.,0,0.35,Work Authorization,Work Authorization,None,None,Process Module 4,Minor injury,None,,Low
REP-B9221D98,2020-01-14,Facility Bravo,Control Room,Near Miss,Non-routine Task,JSA for Non-routine Task near Process Module 4 was printed on crumpled paper.,0,0.39,Work Authorization,Work Authorization,None,None,Process Module 4,Minor injury,None,,Low
REP-1CB3A348,2021-04-12,Facility Bravo,Storage Tank A,Incident,Lifting,Barricade tape for Lifting near Excavator was blown down by the wind. No operations were ongoing.,0,0.17,Line of Fire,Line of Fire,None,None,Excavator,Minor injury,None,,Low
REP-9F671801,2020-12-02,Refinery Delta,Pump Room,Incident,Non-routine Task,JSA for Non-routine Task near Utility Area was printed on crumpled paper.,0,0.13,Work Authorization,Work Authorization,None,None,Utility Area,Minor injury,None,,Low
REP-5CE401CE,2021-12-05,Site Alpha,Main Workshop,Unsafe Condition,Trenching,Barricade tape for Trenching near Winch W-2 was blown down by the wind. No operations were ongoing.,0,0.3,Line of Fire,Line of Fire,None,None,Winch W-2,Minor injury,None,,Low
REP-F6E5DB96,2023-01-05,Platform Charlie,Storage Tank A,Unsafe Condition,Non-routine Task,JSA for Non-routine Task near Workshop was printed on crumpled paper.,0,0.04,Work Authorization,Work Authorization,None,None,Workshop,Minor injury,None,,Low
REP-30C25C00,2023-01-10,Terminal Echo,Main Workshop,Unsafe Condition,Site Patrol,The Vacuum Truck was slightly dirty during Site Patrol.,0,0.02,Driving,Driving,None,None,Vacuum Truck,Minor injury,None,,Low
REP-5380F5B4,2020-09-12,Refinery Delta,Main Workshop,Unsafe Act,Rigging,The horn on Mobile Crane sounded a bit quiet during Rigging.,0,0.31,Safe Mechanical Lifting,Safe Mechanical Lifting,None,None,Mobile Crane,Minor injury,None,,Low
REP-3205BAB2,2021-05-22,Site Alpha,Drilling Floor,Unsafe Condition,Vessel Welding,"Worker doing Vessel Welding in Separator V-10 complained about poor lighting, though gas levels were normal.",0,0.21,Confined Space,Confined Space,None,None,Separator V-10,Minor injury,None,,Low
REP-7DB7BD4F,2020-06-08,Platform Charlie,Pipe Rack 2,Incident,Soldering,The welding lead for Welding Machine W-1 was slightly tangled during Soldering.,0,0.09,Hot Work,Hot Work|Energy Isolation,None,None,Welding Machine W-1,Minor injury,None,,Low
REP-CAA7E53C,2020-10-22,Terminal Echo,Boiler Area,Incident,Heavy Haulage,Driver doing Heavy Haulage in Crew Bus parked slightly outside the designated lines.,0,0.33,Driving,Driving,None,None,Crew Bus,Minor injury,None,,Low
REP-D3CE492D,2022-04-16,Site Alpha,Deck 3,Near Miss,Trenching,"Worker performing Trenching on Drill Pipe had their hands slightly close to a rough edge, causing a minor scratch.",0,0.24,Line of Fire,Line of Fire,None,None,Drill Pipe,Minor injury,None,,Low
REP-7E41560C,2023-04-22,Refinery Delta,Pump Room,Near Miss,Inspection,"Noticed Pump P-204 had a minor weep during Inspection. LOTO was applied correctly, but cleanup was delayed.",0,0.07,Energy Isolation,Energy Isolation,None,None,Pump P-204,Minor injury,None,,Low
REP-A99BC745,2023-03-04,Refinery Delta,Drilling Floor,Incident,Tank Cleaning,"Worker doing Tank Cleaning in Reactor R-5 complained about poor lighting, though gas levels were normal.",0,0.23,Confined Space,Confined Space,None,None,Reactor R-5,Minor injury,None,,Low
REP-C9F9EC73,2022-04-18,Refinery Delta,Loading Bay,Incident,Pressure Testing,Barricade tape for Pressure Testing near Drill Pipe was blown down by the wind. No operations were ongoing.,0,0.27,Line of Fire,Line of Fire,None,None,Drill Pipe,Minor injury,None,,Low
REP-17293F13,2021-01-29,Terminal Echo,Pipe Rack 2,Unsafe Act,Pipefitting,"The tag for Electrical Panel EP-5 was faded during Pipefitting. No Pressurized hydrocarbon release was present, but tag needs replacement.",0,0.23,Energy Isolation,Energy Isolation,None,None,Electrical Panel EP-5,Minor injury,None,,Low
REP-A01A4123,2021-05-17,Station Foxtrot,Control Room,Unsafe Act,Material Delivery,Driver doing Material Delivery in Forklift parked slightly outside the designated lines.,0,0.32,Driving,Driving,None,None,Forklift,Minor injury,None,,Low
REP-8BB8A115,2021-06-10,Site Alpha,Deck 3,Unsafe Act,Soldering,Fire extinguisher near Welding Machine W-1 for Soldering was due for monthly inspection next week.,0,0.13,Hot Work,Hot Work,None,None,Welding Machine W-1,Minor injury,None,,Low
REP-DD4CA834,2021-10-28,Facility Bravo,Pump Room,Unsafe Act,Forklift Operation,The horn on Forklift F-3 sounded a bit quiet during Forklift Operation.,0,0.03,Safe Mechanical Lifting,Safe Mechanical Lifting,None,None,Forklift F-3,Minor injury,None,,Low
REP-B13B3438,2023-05-07,Terminal Echo,Loading Bay,Incident,Structural Inspection,Worker's chin strap on helmet was loose during Structural Inspection on Crane C-1.,0,0.1,Work at Height,Work at Height,None,None,Crane C-1,Minor injury,None,,Low
REP-3B6F0C51,2023-07-21,Facility Bravo,Pump Room,Near Miss,Heavy Haulage,Driver doing Heavy Haulage in Pickup Truck P-12 parked slightly outside the designated lines.,0,0.02,Driving,Driving,None,None,Pickup Truck P-12,Minor injury,None,,Low
REP-BC8CDED0,2020-12-10,Facility Bravo,Pipe Rack 2,Incident,Painting,Worker's chin strap on helmet was loose during Painting on Cherry Picker.,0,0.16,Work at Height,Work at Height,None,None,Cherry Picker,Minor injury,None,,Low
REP-5A383931,2022-09-14,Platform Charlie,Main Workshop,Incident,Heavy Haulage,The Pickup Truck P-12 was slightly dirty during Heavy Haulage.,0,0.37,Driving,Driving,None,None,Pickup Truck P-12,Minor injury,None,,Low
REP-38727144,2020-09-08,Facility Bravo,Pipe Rack 2,Near Miss,Vessel Welding,The entry log for Underground Sump during Vessel Welding was smudged with dirt.,0,0.16,Confined Space,Confined Space,None,None,Underground Sump,Minor injury,None,,Low
REP-F3241FAE,2022-07-30,Terminal Echo,Drilling Floor,Unsafe Act,Vessel Welding,"Worker doing Vessel Welding in Underground Sump complained about poor lighting, though gas levels were normal.",0,0.14,Confined Space,Confined Space,None,None,Underground Sump,Minor injury,None,,Low
REP-1A251539,2023-08-22,Station Foxtrot,Deck 3,Unsafe Act,Lifting,"During Lifting, a piece of non-tensioned wire from Drill Pipe was left on the floor.",0,0.22,Line of Fire,Line of Fire,None,None,Drill Pipe,Minor injury,None,,Low
REP-8D8F5EB6,2021-01-30,Refinery Delta,Pump Room,Unsafe Condition,Non-routine Task,JSA for Non-routine Task near Process Module 4 was printed on crumpled paper.,0,0.15,Work Authorization,Work Authorization,None,None,Process Module 4,Minor injury,None,,Low
REP-48C05731,2023-12-12,Station Foxtrot,Loading Bay,Unsafe Act,Hoisting,The horn on Forklift F-3 sounded a bit quiet during Hoisting.,0,0.12,Safe Mechanical Lifting,Safe Mechanical Lifting,None,None,Forklift F-3,Minor injury,None,,Low
REP-1DD2F893,2021-06-15,Terminal Echo,Loading Bay,Near Miss,Process Operation,"Audit of Fire & Gas Panel post-Process Operation revealed Alarm disabled. Without this protection, Equipment destruction could have occurred.",1,0.74,Bypassing Safety Controls,Bypassing Safety Controls,Equipment destruction,Alarm disabled,Fire & Gas Panel,Multiple fatalities,None,bypassed interlock|disabled safety device,Medium
REP-5FA63A58,2020-09-06,Station Foxtrot,Pipe Rack 2,Incident,Repair,"Operator was performing Repair on Heat Exchanger HX-2. It was discovered that LOTO not applied, leaving the system vulnerable to Steam leak. Work was stopped immediately.",1,0.94,Energy Isolation,Energy Isolation,Steam leak,LOTO not applied,Heat Exchanger HX-2,Asphyxiation,First Aid,stored energy|pressurized equipment,High
REP-E86A0D0E,2020-06-16,Terminal Echo,Pump Room,Unsafe Condition,Transporting Personnel,Driver doing Transporting Personnel in Vacuum Truck parked slightly outside the designated lines.,0,0.09,Driving,Driving,None,None,Vacuum Truck,Minor injury,None,,Low
REP-20926CAA,2020-02-19,Terminal Echo,Drilling Floor,Near Miss,Process Operation,Operator logged Process Operation for Pressure Safety Valve PSV-90 in the wrong logbook.,0,0.18,Bypassing Safety Controls,Bypassing Safety Controls,None,None,Pressure Safety Valve PSV-90,Minor injury,None,,Low
REP-77F2C805,2020-05-04,Site Alpha,Storage Tank A,Near Miss,General Maintenance,Critical General Maintenance on Utility Area proceeded despite Wrong permit type. This breakdown in authorization risked Unidentified hazards.,1,0.83,Work Authorization,Work Authorization,Unidentified hazards,Wrong permit type,Utility Area,Serious injury due to lack of hazard awareness,None,inadequate planning|unauthorized work,Medium
REP-925AACCE,2023-02-19,Site Alpha,Main Workshop,Incident,Painting,Worker's chin strap on helmet was loose during Painting on Scaffold Tower B.,0,0.27,Work at Height,Work at Height,None,None,Scaffold Tower B,Minor injury,None,,Low
REP-641F14A5,2020-02-23,Refinery Delta,Pipe Rack 2,Near Miss,Process Operation,"Screen on DCS System was dirty, making it hard to read during Process Operation.",0,0.38,Bypassing Safety Controls,Bypassing Safety Controls,None,None,DCS System,Minor injury,None,,Low
REP-59AE4F5C,2023-06-25,Refinery Delta,Boiler Area,Unsafe Condition,Scaffolding,"Scaffolding tubes for Scaffold Tower B were stored untidily, causing a minor trip hazard during Scaffolding.",0,0.17,Work at Height,Work at Height,None,None,Scaffold Tower B,Minor injury,None,,Low
REP-9B90D68A,2022-08-19,Platform Charlie,Drilling Floor,Near Miss,Maintenance,"While inspecting Compressor C-10, Stored energy discharge was narrowly avoided because Energy not verified zero.",1,0.96,Energy Isolation,Energy Isolation,Stored energy discharge,Energy not verified zero,Compressor C-10,Asphyxiation,None,pressurized equipment|toxic fluid,Medium
REP-8F40568A,2020-05-20,Platform Charlie,Loading Bay,Incident,Inspection,"The tag for Pump P-204 was faded during Inspection. No Electrical shock was present, but tag needs replacement.",0,0.36,Energy Isolation,Energy Isolation,None,None,Pump P-204,Minor injury,None,,Low
REP-911EEC7D,2020-03-27,Refinery Delta,Loading Bay,Unsafe Act,Non-routine Task,JSA for Non-routine Task near Utility Area was printed on crumpled paper.,0,0.35,Work Authorization,Work Authorization,None,None,Utility Area,Minor injury,None,,Low
REP-CFC50084,2021-01-12,Site Alpha,Drilling Floor,Unsafe Act,Internal Inspection,"Worker doing Internal Inspection in Separator V-10 complained about poor lighting, though gas levels were normal.",0,0.09,Confined Space,Confined Space,None,None,Separator V-10,Minor injury,None,,Low
REP-338811A7,2021-03-24,Platform Charlie,Boiler Area,Near Miss,Maintenance,"During Maintenance of Compressor C-10, the technician started loosening the flange while the line was still pressurized. Isolation valve was closed but Padlock missing. Stored energy discharge occurred. No injury occurred but potential was high.",1,0.76,Energy Isolation,Energy Isolation,Stored energy discharge,Padlock missing,Compressor C-10,Fatal electrocution,None,pressurized equipment|stored energy,High
REP-83909580,2020-08-15,Platform Charlie,Loading Bay,Near Miss,Tank Cleaning,The entry log for Separator V-10 during Tank Cleaning was smudged with dirt.,0,0.16,Confined Space,Confined Space,None,None,Separator V-10,Minor injury,None,,Low
REP-ABD50BB7,2023-11-23,Platform Charlie,Drilling Floor,Incident,Torch Cutting,Welder doing Torch Cutting with Angle Grinder had untucked coveralls.,0,0.22,Hot Work,Hot Work,None,None,Angle Grinder,Minor injury,None,,Low
REP-08FF7F92,2022-09-28,Facility Bravo,Deck 3,Incident,Tank Cleaning,Tools used for Tank Cleaning in Separator V-10 were left outside the entrance untidily.,0,0.39,Confined Space,Confined Space,None,None,Separator V-10,Minor injury,None,,Low
REP-D56AAF82,2022-12-12,Station Foxtrot,Control Room,Incident,Painting,"Scaffolding tubes for Cherry Picker were stored untidily, causing a minor trip hazard during Painting.",0,0.29,Work at Height,Work at Height,None,None,Cherry Picker,Minor injury,None,,Low
REP-E2AB5AAF,2022-02-11,Terminal Echo,Boiler Area,Near Miss,Alarm Testing,Indicator bulb on DCS System was burnt out during Alarm Testing.,0,0.13,Bypassing Safety Controls,Bypassing Safety Controls,None,None,DCS System,Minor injury,None,,Low
REP-DAC25E52,2021-11-19,Refinery Delta,Control Room,Incident,Painting,"Scaffolding tubes for Scaffold Tower B were stored untidily, causing a minor trip hazard during Painting.",0,0.21,Work at Height,Work at Height,None,None,Scaffold Tower B,Minor injury,None,,Low
REP-2E2FE9AF,2020-06-17,Platform Charlie,Pipe Rack 2,Unsafe Act,Soldering,Fire extinguisher near Oxy-Acetylene Torch for Soldering was due for monthly inspection next week.,0,0.04,Hot Work,Hot Work,None,None,Oxy-Acetylene Torch,Minor injury,None,,Low
REP-A74B8C07,2021-09-11,Station Foxtrot,Main Workshop,Unsafe Condition,Tank Cleaning,Tools used for Tank Cleaning in Storage Tank A were left outside the entrance untidily.,0,0.14,Confined Space,Confined Space,None,None,Storage Tank A,Minor injury,None,,Low
REP-97B31C41,2020-01-25,Refinery Delta,Pipe Rack 2,Unsafe Condition,Trenching,Barricade tape for Trenching near Excavator was blown down by the wind. No operations were ongoing.,0,0.31,Line of Fire,Line of Fire,None,None,Excavator,Minor injury,None,,Low
REP-CC1C6090,2020-06-24,Platform Charlie,Loading Bay,Incident,Tank Cleaning,"Worker doing Tank Cleaning in Separator V-10 complained about poor lighting, though gas levels were normal.",0,0.14,Confined Space,Confined Space,None,None,Separator V-10,Minor injury,None,,Low
REP-633CB73C,2023-09-11,Platform Charlie,Drilling Floor,Unsafe Condition,Process Operation,"Screen on Shutdown Valve SDV-1 was dirty, making it hard to read during Process Operation.",0,0.01,Bypassing Safety Controls,Bypassing Safety Controls,None,None,Shutdown Valve SDV-1,Minor injury,None,,Low
REP-DBC7FF6F,2023-05-19,Terminal Echo,Storage Tank A,Incident,Alarm Testing,Operator logged Alarm Testing for Fire & Gas Panel in the wrong logbook.,0,0.23,Bypassing Safety Controls,Bypassing Safety Controls,None,None,Fire & Gas Panel,Minor injury,None,,Low
REP-2A50B820,2023-02-06,Facility Bravo,Pump Room,Incident,Process Operation,Operator engaged in Process Operation admitted to bypassing safety logic on Shutdown Valve SDV-1. Override left active is a severe breach leading to Overpressure.,1,0.73,Bypassing Safety Controls,Bypassing Safety Controls,Overpressure,Override left active,Shutdown Valve SDV-1,Major explosion,Property Damage,unauthorized override|ignored alarm,Medium
REP-8D4C6559,2021-10-31,Refinery Delta,Storage Tank A,Unsafe Condition,Tank Cleaning,"Prior to Tank Cleaning in Reactor R-5, it was discovered that Attendant absent. This could have led to Engulfment and potential fatality.",1,0.81,Confined Space,Confined Space,Engulfment,Attendant absent,Reactor R-5,Asphyxiation,None,restricted access|hazardous atmosphere,Medium
REP-6AC71FA2,2023-12-24,Station Foxtrot,Control Room,Unsafe Condition,Trenching,"Worker performing Trenching on High Pressure Hose had their hands slightly close to a rough edge, causing a minor scratch.",0,0.13,Line of Fire,Line of Fire,None,None,High Pressure Hose,Minor injury,None,,Low
REP-5D0A2318,2021-05-20,Terminal Echo,Drilling Floor,Incident,Forklift Operation,Paint on Chain Block used for Forklift Operation is peeling off.,0,0.25,Safe Mechanical Lifting,Safe Mechanical Lifting,None,None,Chain Block,Minor injury,None,,Low
REP-1BD198AD,2023-06-19,Station Foxtrot,Storage Tank A,Incident,Maintenance,"Noticed Electrical Panel EP-5 had a minor weep during Maintenance. LOTO was applied correctly, but cleanup was delayed.",0,0.08,Energy Isolation,Energy Isolation,None,None,Electrical Panel EP-5,Minor injury,None,,Low
REP-D8A3734A,2023-09-27,Site Alpha,Loading Bay,Incident,Trenching,Barricade tape for Trenching near Winch W-2 was blown down by the wind. No operations were ongoing.,0,0.22,Line of Fire,Line of Fire,None,None,Winch W-2,Minor injury,None,,Low
REP-6E5C33E4,2021-02-28,Terminal Echo,Pump Room,Incident,Transporting Personnel,Driver doing Transporting Personnel in Crew Bus parked slightly outside the designated lines.,0,0.07,Driving,Driving,None,None,Crew Bus,Minor injury,None,,Low
REP-A0CDEE63,2023-10-04,Station Foxtrot,Control Room,Incident,Contractor Work,"Crew commenced Contractor Work at Utility Area but Expired permit. Unaware of SIMOPS, they were exposed to Uncontrolled work.",1,0.91,Work Authorization,Work Authorization,Uncontrolled work,Expired permit,Utility Area,Serious injury due to lack of hazard awareness,First Aid,unauthorized work|poor communication,Medium
REP-5C70C50E,2020-12-28,Platform Charlie,Deck 3,Incident,Rigging,Worker's chin strap on helmet was loose during Rigging on Crane C-1.,0,0.25,Work at Height,Work at Height,None,None,Crane C-1,Minor injury,None,,Low
REP-471DC38C,2023-11-14,Platform Charlie,Control Room,Unsafe Act,Repair,"Operator was performing Repair on Compressor C-10. It was discovered that Bleed valve closed, leaving the system vulnerable to Steam leak. Work was stopped immediately.",1,0.9,Energy Isolation,Energy Isolation,Steam leak,Bleed valve closed,Compressor C-10,Fatal electrocution,First Aid,stored energy|inadequate isolation,Medium
REP-50F48C2D,2021-11-21,Facility Bravo,Deck 3,Unsafe Condition,Pipefitting,"Noticed Compressor C-10 had a minor weep during Pipefitting. LOTO was applied correctly, but cleanup was delayed.",0,0.4,Energy Isolation,Energy Isolation,None,None,Compressor C-10,Minor injury,None,,Low
REP-DD84142F,2023-07-03,Facility Bravo,Pipe Rack 2,Incident,Painting,"During Painting, worker used the correct harness but the inspection log was not filled in for Crane C-1.",0,0.25,Work at Height,Work at Height,None,None,Crane C-1,Minor injury,None,,Low
REP-0E943BDB,2022-07-28,Facility Bravo,Deck 3,Near Miss,Painting,Worker's chin strap on helmet was loose during Painting on Crane C-1.,0,0.16,Work at Height,Work at Height,None,None,Crane C-1,Minor injury,None,,Low
REP-57D215B7,2023-03-11,Facility Bravo,Main Workshop,Unsafe Act,Welding,Fire extinguisher near Welding Machine W-1 for Welding was due for monthly inspection next week.,0,0.22,Hot Work,Hot Work,None,None,Welding Machine W-1,Minor injury,None,,Low
REP-41CBC6D8,2020-02-06,Terminal Echo,Control Room,Incident,Alarm Testing,Operator logged Alarm Testing for Pressure Safety Valve PSV-90 in the wrong logbook.,0,0.04,Bypassing Safety Controls,Bypassing Safety Controls,None,None,Pressure Safety Valve PSV-90,Minor injury,None,,Low
REP-FAED4937,2021-05-13,Terminal Echo,Deck 3,Unsafe Act,Vessel Welding,The entry log for Storage Tank A during Vessel Welding was smudged with dirt.,0,0.3,Confined Space,Confined Space,None,None,Storage Tank A,Minor injury,None,,Low
REP-83EBD507,2021-11-04,Facility Bravo,Main Workshop,Near Miss,Contractor Work,Critical Contractor Work on Workshop proceeded despite Expired permit. This breakdown in authorization risked Unidentified hazards.,1,0.99,Work Authorization,Work Authorization,Unidentified hazards,Expired permit,Workshop,Serious injury due to lack of hazard awareness,Property Damage,poor communication|simops,High
REP-22EC6B1A,2023-11-08,Station Foxtrot,Loading Bay,Incident,Pipefitting,"The tag for Electrical Panel EP-5 was faded during Pipefitting. No Pressurized hydrocarbon release was present, but tag needs replacement.",0,0.4,Energy Isolation,Energy Isolation,None,None,Electrical Panel EP-5,Minor injury,None,,Low
REP-6976DD84,2020-12-21,Terminal Echo,Pipe Rack 2,Unsafe Condition,Grinding,"Worker performing Grinding on Winch W-2 had their hands slightly close to a rough edge, causing a minor scratch.",0,0.06,Line of Fire,Line of Fire,None,None,Winch W-2,Minor injury,None,,Low
REP-2AF5E815,2022-07-07,Station Foxtrot,Loading Bay,Near Miss,Roof Repair,"Roof Repair was ongoing near Roof Access Ladder when grating was removed. Scaffold tag missing left the hole unprotected, creating a high risk of Unstable platform.",1,0.77,Work at Height,Work at Height,Unstable platform,Scaffold tag missing,Roof Access Ladder,Multiple fractures,Property Damage,open hole|unsecured tools,High
REP-F7CEE7AE,2020-11-15,Refinery Delta,Pump Room,Incident,General Maintenance,Worker doing General Maintenance at Utility Area did not sign the permit exactly on the line.,0,0.3,Work Authorization,Work Authorization,None,None,Utility Area,Minor injury,None,,Low
REP-5F0C137B,2022-02-07,Terminal Echo,Control Room,Unsafe Act,Structural Inspection,"Scaffolding tubes for Cherry Picker were stored untidily, causing a minor trip hazard during Structural Inspection.",0,0.19,Work at Height,Work at Height,None,None,Cherry Picker,Minor injury,None,,Low
REP-3A80AEB1,2022-03-19,Station Foxtrot,Drilling Floor,Incident,General Maintenance,JSA for General Maintenance near Workshop was printed on crumpled paper.,0,0.37,Work Authorization,Work Authorization,None,None,Workshop,Minor injury,None,,Low
REP-E86D94F9,2023-12-23,Refinery Delta,Drilling Floor,Unsafe Act,Roof Repair,"During Roof Repair, worker used the correct harness but the inspection log was not filled in for Scaffold Tower B.",0,0.15,Work at Height,Work at Height,None,None,Scaffold Tower B,Minor injury,None,,Low
REP-E67EB960,2023-11-29,Station Foxtrot,Boiler Area,Near Miss,Alarm Testing,"Screen on Pressure Safety Valve PSV-90 was dirty, making it hard to read during Alarm Testing.",0,0.27,Bypassing Safety Controls,Bypassing Safety Controls,None,None,Pressure Safety Valve PSV-90,Minor injury,None,,Low
REP-CAA3ED11,2020-06-13,Terminal Echo,Loading Bay,Incident,Torquing,Barricade tape for Torquing near Hydraulic Torque Wrench was blown down by the wind. No operations were ongoing.,0,0.24,Line of Fire,Line of Fire,None,None,Hydraulic Torque Wrench,Minor injury,None,,Low
REP-609E6E60,2021-07-04,Station Foxtrot,Loading Bay,Incident,System Maintenance,"Audit of Fire & Gas Panel post-System Maintenance revealed Safety valve isolated. Without this protection, Equipment destruction could have occurred.",1,0.87,Bypassing Safety Controls,Bypassing Safety Controls,Equipment destruction,Safety valve isolated,Fire & Gas Panel,Multiple fatalities,None,disabled safety device|unauthorized override,High
REP-7638ACF1,2022-06-01,Facility Bravo,Boiler Area,Near Miss,Inspection,"The tag for Valve V-99 was faded during Inspection. No Pressurized hydrocarbon release was present, but tag needs replacement.",0,0.12,Energy Isolation,Energy Isolation,None,None,Valve V-99,Minor injury,None,,Low
REP-9C760A6F,2021-06-15,Refinery Delta,Control Room,Unsafe Act,Pressure Testing,"While conducting Pressure Testing with High Pressure Hose, an IP stepped into the danger zone. Safety pin removed resulted in the worker being in the Line of Fire for High pressure release.",1,0.72,Line of Fire,Line of Fire,High pressure release,Safety pin removed,High Pressure Hose,Crush injury,None,suspended load|pressure test,Medium
REP-2534678A,2022-09-20,Station Foxtrot,Deck 3,Unsafe Act,Lifting,Barricade tape for Lifting near Excavator was blown down by the wind. No operations were ongoing.,0,0.1,Line of Fire,Line of Fire,None,None,Excavator,Minor injury,None,,Low
REP-D322B8A3,2022-05-29,Platform Charlie,Drilling Floor,Near Miss,Maintenance,"Operator was performing Maintenance on Pump P-204. It was discovered that Energy not verified zero, leaving the system vulnerable to Electrical shock. Work was stopped immediately.",1,0.84,Energy Isolation,Energy Isolation,Electrical shock,Energy not verified zero,Pump P-204,"Fire, serious injury or fatal exposure",Property Damage,toxic fluid|pressurized equipment,High
REP-64EC37A8,2022-04-02,Station Foxtrot,Boiler Area,Unsafe Act,Internal Inspection,"Worker doing Internal Inspection in Reactor R-5 complained about poor lighting, though gas levels were normal.",0,0.35,Confined Space,Confined Space,None,None,Reactor R-5,Minor injury,None,,Low
REP-66B9D1A6,2020-01-07,Station Foxtrot,Drilling Floor,Unsafe Act,Site Patrol,Driver doing Site Patrol in Vacuum Truck parked slightly outside the designated lines.,0,0.27,Driving,Driving,None,None,Vacuum Truck,Minor injury,None,,Low
REP-B9AE8ABF,2022-09-02,Station Foxtrot,Deck 3,Incident,Repair,"While preparing for Repair on Valve V-99, found that the lock for LOTO was slightly rusted, making it hard to use.",0,0.18,Energy Isolation,Energy Isolation,None,None,Valve V-99,Minor injury,None,,Low
REP-A817E39D,2022-08-14,Facility Bravo,Control Room,Unsafe Act,Vessel Welding,Tools used for Vessel Welding in Separator V-10 were left outside the entrance untidily.,0,0.4,Confined Space,Confined Space,None,None,Separator V-10,Minor injury,None,,Low
REP-D73A7741,2021-10-30,Refinery Delta,Main Workshop,Unsafe Condition,Material Delivery,Radio in Vacuum Truck was left on high volume after Material Delivery.,0,0.02,Driving,Driving,None,None,Vacuum Truck,Minor injury,None,,Low
REP-CA597411,2021-12-03,Refinery Delta,Storage Tank A,Incident,Non-routine Task,Worker doing Non-routine Task at Process Module 4 did not sign the permit exactly on the line.,0,0.04,Work Authorization,Work Authorization|Hot Work,None,None,Process Module 4,Minor injury,None,,Low
REP-D1CA7C46,2021-10-03,Refinery Delta,Pump Room,Near Miss,Internal Inspection,"Worker doing Internal Inspection in Storage Tank A complained about poor lighting, though gas levels were normal.",0,0.06,Confined Space,Confined Space|Safe Mechanical Lifting,None,None,Storage Tank A,Minor injury,None,,Low
REP-F72C71EF,2022-03-20,Site Alpha,Pipe Rack 2,Incident,Material Delivery,"A safety camera caught Forklift engaged in Material Delivery. The footage revealed Using mobile phone, which is a precursor to Loss of control.",1,0.87,Driving,Driving,Loss of control,Using mobile phone,Forklift,Severe whiplash,None,distracted driving|poor road conditions,Medium
REP-31384602,2023-11-11,Site Alpha,Main Workshop,Incident,Forklift Operation,Paint on Chain Block used for Forklift Operation is peeling off.,0,0.13,Safe Mechanical Lifting,Safe Mechanical Lifting,None,None,Chain Block,Minor injury,None,,Low
REP-92FA640E,2020-04-17,Facility Bravo,Control Room,Incident,Internal Inspection,The entry log for Underground Sump during Internal Inspection was smudged with dirt.,0,0.28,Confined Space,Confined Space,None,None,Underground Sump,Minor injury,None,,Low
REP-754B8347,2021-08-02,Platform Charlie,Loading Bay,Incident,Lifting,"During Lifting, a piece of non-tensioned wire from Drill Pipe was left on the floor.",0,0.04,Line of Fire,Line of Fire,None,None,Drill Pipe,Minor injury,None,,Low
REP-8E683E6F,2023-08-26,Site Alpha,Drilling Floor,Unsafe Act,Welding,"Welding was started on Oxy-Acetylene Torch near a live process area. Fire watcher absent was observed, posing a massive risk of Toxic fumes.",1,0.76,Hot Work,Hot Work,Toxic fumes,Fire watcher absent,Oxy-Acetylene Torch,Fatal burns,Property Damage,hydrocarbon presence|flammable atmosphere,Medium
REP-3802E168,2022-11-21,Station Foxtrot,Drilling Floor,Incident,Grinding,"Worker performing Grinding on High Pressure Hose had their hands slightly close to a rough edge, causing a minor scratch.",0,0.06,Line of Fire,Line of Fire,None,None,High Pressure Hose,Minor injury,None,,Low
REP-5317B929,2023-11-17,Station Foxtrot,Deck 3,Incident,Process Operation,"Screen on DCS System was dirty, making it hard to read during Process Operation.",0,0.16,Bypassing Safety Controls,Bypassing Safety Controls,None,None,DCS System,Minor injury,None,,Low
REP-16FBE7D8,2022-11-09,Facility Bravo,Pump Room,Incident,System Maintenance,"Screen on Shutdown Valve SDV-1 was dirty, making it hard to read during System Maintenance.",0,0.27,Bypassing Safety Controls,Bypassing Safety Controls,None,None,Shutdown Valve SDV-1,Minor injury,None,,Low
REP-D872D4CF,2023-01-05,Facility Bravo,Storage Tank A,Unsafe Act,Rigging,Worker's chin strap on helmet was loose during Rigging on Crane C-1.,0,0.14,Work at Height,Work at Height,None,None,Crane C-1,Minor injury,None,,Low
REP-564444A4,2023-02-10,Refinery Delta,Drilling Floor,Unsafe Act,Heavy Haulage,Radio in Pickup Truck P-12 was left on high volume after Heavy Haulage.,0,0.08,Driving,Driving,None,None,Pickup Truck P-12,Minor injury,None,,Low
REP-91F58416,2021-09-07,Site Alpha,Pipe Rack 2,Near Miss,Vessel Welding,"During Vessel Welding inside Separator V-10, Ventilation failed was noted. This is a critical failure leading to high risk of Toxic atmosphere.",1,0.75,Confined Space,Confined Space|Work at Height,Toxic atmosphere,Ventilation failed,Separator V-10,Asphyxiation,None,poor ventilation|hazardous atmosphere,Medium
REP-39E66E53,2020-04-01,Facility Bravo,Pump Room,Unsafe Condition,General Maintenance,Permit for General Maintenance at Camp Facility had a minor spelling mistake in the supervisor's name.,0,0.27,Work Authorization,Work Authorization,None,None,Camp Facility,Minor injury,None,,Low
REP-15552B6D,2020-11-30,Refinery Delta,Control Room,Unsafe Act,Tank Cleaning,"During Tank Cleaning inside Separator V-10, Ventilation failed was noted. This is a critical failure leading to high risk of Engulfment.",1,0.77,Confined Space,Confined Space,Engulfment,Ventilation failed,Separator V-10,Asphyxiation,Property Damage,deep excavation|restricted access,High
REP-66FD6496,2023-08-19,Terminal Echo,Boiler Area,Incident,Alarm Testing,Operator logged Alarm Testing for Pressure Safety Valve PSV-90 in the wrong logbook.,0,0.23,Bypassing Safety Controls,Bypassing Safety Controls,None,None,Pressure Safety Valve PSV-90,Minor injury,None,,Low
REP-BAA001CE,2021-11-05,Station Foxtrot,Deck 3,Near Miss,Soldering,Fire extinguisher near Pipe Spool P-10 for Soldering was due for monthly inspection next week.,0,0.17,Hot Work,Hot Work,None,None,Pipe Spool P-10,Minor injury,None,,Low
REP-D2F470A4,2020-09-09,Facility Bravo,Pipe Rack 2,Near Miss,Forklift Operation,The horn on Forklift F-3 sounded a bit quiet during Forklift Operation.,0,0.32,Safe Mechanical Lifting,Safe Mechanical Lifting,None,None,Forklift F-3,Minor injury,None,,Low
REP-FD250D46,2022-03-08,Facility Bravo,Drilling Floor,Incident,General Maintenance,JSA for General Maintenance near Utility Area was printed on crumpled paper.,0,0.38,Work Authorization,Work Authorization,None,None,Utility Area,Minor injury,None,,Low
REP-CD91A19E,2022-01-28,Station Foxtrot,Loading Bay,Incident,Torquing,Barricade tape for Torquing near Winch W-2 was blown down by the wind. No operations were ongoing.,0,0.26,Line of Fire,Line of Fire,None,None,Winch W-2,Minor injury,None,,Low
REP-0E3F18D6,2020-06-27,Platform Charlie,Storage Tank A,Near Miss,Grinding,"During Grinding, a piece of non-tensioned wire from Excavator was left on the floor.",0,0.26,Line of Fire,Line of Fire,None,None,Excavator,Minor injury,None,,Low
REP-867987D7,2022-05-18,Station Foxtrot,Pipe Rack 2,Unsafe Condition,Scaffolding,Worker's chin strap on helmet was loose during Scaffolding on Crane C-1.,0,0.39,Work at Height,Work at Height|Hot Work,None,None,Crane C-1,Minor injury,None,,Low
REP-7B104C8E,2021-12-07,Facility Bravo,Pipe Rack 2,Unsafe Act,Transporting Personnel,Driver doing Transporting Personnel in Forklift parked slightly outside the designated lines.,0,0.28,Driving,Driving,None,None,Forklift,Minor injury,None,,Low
REP-4B28398C,2022-02-15,Facility Bravo,Drilling Floor,Unsafe Act,Trenching,"Worker performing Trenching on Hydraulic Torque Wrench had their hands slightly close to a rough edge, causing a minor scratch.",0,0.17,Line of Fire,Line of Fire,None,None,Hydraulic Torque Wrench,Minor injury,None,,Low
REP-80AAC282,2022-03-17,Facility Bravo,Main Workshop,Unsafe Act,Vessel Welding,Tools used for Vessel Welding in Storage Tank A were left outside the entrance untidily.,0,0.26,Confined Space,Confined Space,None,None,Storage Tank A,Minor injury,None,,Low
REP-AEED72C6,2021-01-16,Refinery Delta,Drilling Floor,Unsafe Act,General Maintenance,JSA for General Maintenance near Utility Area was printed on crumpled paper.,0,0.36,Work Authorization,Work Authorization,None,None,Utility Area,Minor injury,None,,Low
REP-3EBBB8F2,2022-08-21,Refinery Delta,Drilling Floor,Near Miss,General Maintenance,"Crew commenced General Maintenance at Process Module 4 but JSA not discussed. Unaware of SIMOPS, they were exposed to Uncontrolled work.",1,0.92,Work Authorization,Work Authorization,Uncontrolled work,JSA not discussed,Process Module 4,Process incident,None,inadequate planning|unauthorized work,High
REP-3273E82A,2023-12-23,Facility Bravo,Deck 3,Unsafe Condition,Trenching,"Worker performing Trenching on Excavator had their hands slightly close to a rough edge, causing a minor scratch.",0,0.15,Line of Fire,Line of Fire,None,None,Excavator,Minor injury,None,,Low
REP-53A04CC5,2023-01-31,Refinery Delta,Boiler Area,Near Miss,Grinding,"Worker performing Grinding on High Pressure Hose had their hands slightly close to a rough edge, causing a minor scratch.",0,0.17,Line of Fire,Line of Fire,None,None,High Pressure Hose,Minor injury,None,,Low
REP-B5C53BF8,2023-11-02,Facility Bravo,Pump Room,Near Miss,Alarm Testing,Operator logged Alarm Testing for Shutdown Valve SDV-1 in the wrong logbook.,0,0.21,Bypassing Safety Controls,Bypassing Safety Controls,None,None,Shutdown Valve SDV-1,Minor injury,None,,Low
REP-814B9205,2021-05-25,Platform Charlie,Deck 3,Near Miss,Pipefitting,"The tag for Valve V-99 was faded during Pipefitting. No Stored energy discharge was present, but tag needs replacement.",0,0.21,Energy Isolation,Energy Isolation|Work Authorization,None,None,Valve V-99,Minor injury,None,,Low
REP-D13C111F,2021-01-06,Facility Bravo,Boiler Area,Unsafe Condition,Vessel Welding,Tools used for Vessel Welding in Reactor R-5 were left outside the entrance untidily.,0,0.21,Confined Space,Confined Space,None,None,Reactor R-5,Minor injury,None,,Low
REP-DDB72A6A,2023-07-21,Facility Bravo,Loading Bay,Near Miss,Process Operation,Operator engaged in Process Operation admitted to bypassing safety logic on Fire & Gas Panel. Alarm disabled is a severe breach leading to Overpressure.,1,0.82,Bypassing Safety Controls,Bypassing Safety Controls|Confined Space,Overpressure,Alarm disabled,Fire & Gas Panel,Catastrophic release,Property Damage,disabled safety device|unauthorized override,High
REP-9E3D2651,2020-04-07,Facility Bravo,Pump Room,Unsafe Act,Pipefitting,"Noticed Pump P-204 had a minor weep during Pipefitting. LOTO was applied correctly, but cleanup was delayed.",0,0.13,Energy Isolation,Energy Isolation,None,None,Pump P-204,Minor injury,None,,Low
REP-DC1352ED,2020-07-17,Station Foxtrot,Pump Room,Unsafe Condition,Grinding,"During Grinding with Oxy-Acetylene Torch, Gas test expired allowed slag to ignite a small fire. Toxic fumes potential was extremely high.",1,0.81,Hot Work,Hot Work,Toxic fumes,Gas test expired,Oxy-Acetylene Torch,Fatal burns,None,flammable atmosphere|hydrocarbon presence,High
REP-17563CC0,2020-09-03,Site Alpha,Loading Bay,Unsafe Condition,Torch Cutting,Fire extinguisher near Angle Grinder for Torch Cutting was due for monthly inspection next week.,0,0.3,Hot Work,Hot Work,None,None,Angle Grinder,Minor injury,None,,Low
REP-B5B237B0,2022-05-06,Terminal Echo,Main Workshop,Near Miss,Scaffolding,Worker's chin strap on helmet was loose during Scaffolding on Cherry Picker.,0,0.06,Work at Height,Work at Height,None,None,Cherry Picker,Minor injury,None,,Low
REP-F69C5F2B,2020-09-21,Platform Charlie,Pump Room,Unsafe Act,Non-routine Task,Worker doing Non-routine Task at Process Module 4 did not sign the permit exactly on the line.,0,0.12,Work Authorization,Work Authorization,None,None,Process Module 4,Minor injury,None,,Low
REP-4D4A6D85,2021-07-10,Facility Bravo,Boiler Area,Unsafe Act,Vessel Welding,"Worker doing Vessel Welding in Reactor R-5 complained about poor lighting, though gas levels were normal.",0,0.17,Confined Space,Confined Space,None,None,Reactor R-5,Minor injury,None,,Low
REP-1CF8C3E5,2020-04-03,Terminal Echo,Loading Bay,Near Miss,Vessel Welding,Worker entered Storage Tank A for Vessel Welding. Suddenly the alarm sounded. Ventilation failed meant the worker was exposed to Heat exhaustion.,1,0.86,Confined Space,Confined Space,Heat exhaustion,Ventilation failed,Storage Tank A,Fatality due to toxic gas,None,poor ventilation|deep excavation,Medium
REP-C68C4A48,2020-06-19,Station Foxtrot,Pipe Rack 2,Near Miss,Torquing,"While conducting Torquing with Hydraulic Torque Wrench, an IP stepped into the danger zone. Standing in pinch point resulted in the worker being in the Line of Fire for Whip from parted cable.",1,0.89,Line of Fire,Line of Fire,Whip from parted cable,Standing in pinch point,Hydraulic Torque Wrench,Amputation,First Aid,suspended load|tensioned line,High
REP-307A7716,2020-12-27,Platform Charlie,Pump Room,Unsafe Act,Alarm Testing,"Screen on Fire & Gas Panel was dirty, making it hard to read during Alarm Testing.",0,0.39,Bypassing Safety Controls,Bypassing Safety Controls,None,None,Fire & Gas Panel,Minor injury,None,,Low
REP-0276F7BC,2022-03-20,Facility Bravo,Control Room,Unsafe Condition,Alarm Testing,"Screen on Fire & Gas Panel was dirty, making it hard to read during Alarm Testing.",0,0.33,Bypassing Safety Controls,Bypassing Safety Controls,None,None,Fire & Gas Panel,Minor injury,None,,Low
REP-AA895156,2021-01-04,Station Foxtrot,Main Workshop,Unsafe Act,System Maintenance,Indicator bulb on Pressure Safety Valve PSV-90 was burnt out during System Maintenance.,0,0.23,Bypassing Safety Controls,Bypassing Safety Controls,None,None,Pressure Safety Valve PSV-90,Minor injury,None,,Low
REP-8F5F7CC2,2020-10-08,Station Foxtrot,Pump Room,Unsafe Act,Grinding,"Worker performing Grinding on Drill Pipe had their hands slightly close to a rough edge, causing a minor scratch.",0,0.29,Line of Fire,Line of Fire|Safe Mechanical Lifting,None,None,Drill Pipe,Minor injury,None,,Low
REP-15FAE76E,2020-01-20,Site Alpha,Pipe Rack 2,Near Miss,Maintenance,"The tag for Pump P-204 was faded during Maintenance. No Pressurized hydrocarbon release was present, but tag needs replacement.",0,0.24,Energy Isolation,Energy Isolation,None,None,Pump P-204,Minor injury,None,,Low
REP-5589BCED,2020-04-24,Terminal Echo,Main Workshop,Unsafe Act,Painting,"Scaffolding tubes for Crane C-1 were stored untidily, causing a minor trip hazard during Painting.",0,0.07,Work at Height,Work at Height,None,None,Crane C-1,Minor injury,None,,Low
REP-AA1AC43B,2023-09-04,Platform Charlie,Loading Bay,Incident,Maintenance,"During Maintenance of Heat Exchanger HX-2, the technician started loosening the flange while the line was still pressurized. Isolation valve was closed but LOTO not applied. Stored energy discharge occurred. No injury occurred but potential was high.",1,0.82,Energy Isolation,Energy Isolation,Stored energy discharge,LOTO not applied,Heat Exchanger HX-2,Asphyxiation,First Aid,inadequate isolation|stored energy,Medium
REP-91989AF6,2020-08-30,Platform Charlie,Deck 3,Unsafe Act,Roof Repair,Worker's chin strap on helmet was loose during Roof Repair on Crane C-1.,0,0.25,Work at Height,Work at Height,None,None,Crane C-1,Minor injury,None,,Low
REP-3953E364,2021-12-14,Site Alpha,Main Workshop,Incident,Grinding,Barricade tape for Grinding near Drill Pipe was blown down by the wind. No operations were ongoing.,0,0.33,Line of Fire,Line of Fire,None,None,Drill Pipe,Minor injury,None,,Low
REP-A80DAC75,2020-08-19,Terminal Echo,Storage Tank A,Near Miss,Crane Lifting,Paint on Mobile Crane used for Crane Lifting is peeling off.,0,0.33,Safe Mechanical Lifting,Safe Mechanical Lifting,None,None,Mobile Crane,Minor injury,None,,Low
REP-8E77A882,2023-09-01,Facility Bravo,Storage Tank A,Incident,Grinding,"During Grinding with Angle Grinder, Gas test expired allowed slag to ignite a small fire. Toxic fumes potential was extremely high.",1,0.87,Hot Work,Hot Work,Toxic fumes,Gas test expired,Angle Grinder,Facility explosion,None,hydrocarbon presence|sparks,High
REP-81A110DB,2021-03-25,Station Foxtrot,Deck 3,Unsafe Condition,Heavy Haulage,Radio in Light Vehicle was left on high volume after Heavy Haulage.,0,0.31,Driving,Driving,None,None,Light Vehicle,Minor injury,None,,Low
REP-6DF5049C,2023-02-03,Refinery Delta,Loading Bay,Unsafe Condition,Tank Cleaning,"Worker doing Tank Cleaning in Underground Sump complained about poor lighting, though gas levels were normal.",0,0.19,Confined Space,Confined Space|Bypassing Safety Controls,None,None,Underground Sump,Minor injury,None,,Low
REP-FA44E84D,2023-09-19,Terminal Echo,Deck 3,Incident,Inspection,"Noticed Pump P-204 had a minor weep during Inspection. LOTO was applied correctly, but cleanup was delayed.",0,0.28,Energy Isolation,Energy Isolation,None,None,Pump P-204,Minor injury,None,,Low
REP-8BC0D868,2022-08-20,Station Foxtrot,Boiler Area,Near Miss,Lifting,"Worker performing Lifting on Hydraulic Torque Wrench had their hands slightly close to a rough edge, causing a minor scratch.",0,0.31,Line of Fire,Line of Fire,None,None,Hydraulic Torque Wrench,Minor injury,None,,Low
REP-3C76A455,2022-05-17,Station Foxtrot,Control Room,Near Miss,Soldering,Welder doing Soldering with Welding Machine W-1 had untucked coveralls.,0,0.01,Hot Work,Hot Work|Energy Isolation,None,None,Welding Machine W-1,Minor injury,None,,Low
REP-8AA43348,2023-06-21,Site Alpha,Loading Bay,Incident,Site Patrol,Radio in Vacuum Truck was left on high volume after Site Patrol.,0,0.09,Driving,Driving,None,None,Vacuum Truck,Minor injury,None,,Low
REP-7DB1E041,2021-07-06,Site Alpha,Deck 3,Unsafe Act,Transporting Personnel,"While Transporting Personnel with Forklift, the driver was observed Using mobile phone. This led to a near miss involving Loss of control.",1,0.93,Driving,Driving,Loss of control,Using mobile phone,Forklift,Crush injuries to pedestrian,None,heavy vehicle interaction|high speed,High
REP-21C916A7,2021-09-25,Facility Bravo,Pipe Rack 2,Unsafe Condition,Welding,Welder doing Welding with Angle Grinder had untucked coveralls.,0,0.31,Hot Work,Hot Work,None,None,Angle Grinder,Minor injury,None,,Low
REP-9C0E1AFF,2021-09-24,Site Alpha,Drilling Floor,Near Miss,Inspection,"Noticed Electrical Panel EP-5 had a minor weep during Inspection. LOTO was applied correctly, but cleanup was delayed.",0,0.13,Energy Isolation,Energy Isolation,None,None,Electrical Panel EP-5,Minor injury,None,,Low
REP-33E4EFAA,2022-10-28,Site Alpha,Pipe Rack 2,Unsafe Condition,Material Delivery,Driver doing Material Delivery in Crew Bus parked slightly outside the designated lines.,0,0.36,Driving,Driving,None,None,Crew Bus,Minor injury,None,,Low
REP-126F0F61,2023-10-27,Station Foxtrot,Boiler Area,Unsafe Condition,System Maintenance,"While investigating DCS System, it was found that Alarm disabled during System Maintenance. This exposed the facility to Loss of containment.",1,0.98,Bypassing Safety Controls,Bypassing Safety Controls,Loss of containment,Alarm disabled,DCS System,Major explosion,None,disabled safety device|ignored alarm,Medium
REP-086F35A2,2022-03-04,Facility Bravo,Loading Bay,Unsafe Act,Site Patrol,Radio in Forklift was left on high volume after Site Patrol.,0,0.31,Driving,Driving,None,None,Forklift,Minor injury,None,,Low
REP-C3009FF4,2020-11-26,Site Alpha,Main Workshop,Near Miss,General Maintenance,Permit for General Maintenance at Process Module 4 had a minor spelling mistake in the supervisor's name.,0,0.37,Work Authorization,Work Authorization,None,None,Process Module 4,Minor injury,None,,Low
REP-830BDE0A,2022-09-26,Site Alpha,Drilling Floor,Near Miss,Painting,Worker's chin strap on helmet was loose during Painting on Roof Access Ladder.,0,0.39,Work at Height,Work at Height,None,None,Roof Access Ladder,Minor injury,None,,Low
REP-E2C15D10,2023-10-29,Site Alpha,Pump Room,Unsafe Condition,Grinding,"During Grinding, a piece of non-tensioned wire from Excavator was left on the floor.",0,0.35,Line of Fire,Line of Fire,None,None,Excavator,Minor injury,None,,Low
REP-ACD7C69F,2022-08-04,Station Foxtrot,Deck 3,Near Miss,Transporting Personnel,The Vacuum Truck was slightly dirty during Transporting Personnel.,0,0.16,Driving,Driving,None,None,Vacuum Truck,Minor injury,None,,Low
REP-30E1D46E,2020-05-12,Platform Charlie,Drilling Floor,Incident,Heavy Haulage,The Pickup Truck P-12 was slightly dirty during Heavy Haulage.,0,0.17,Driving,Driving,None,None,Pickup Truck P-12,Minor injury,None,,Low
REP-117478AA,2022-02-17,Site Alpha,Drilling Floor,Incident,General Maintenance,"Crew commenced General Maintenance at Utility Area but PTW not issued. Unaware of SIMOPS, they were exposed to Simultaneous operations clash.",1,0.79,Work Authorization,Work Authorization,Simultaneous operations clash,PTW not issued,Utility Area,Serious injury due to lack of hazard awareness,Property Damage,poor communication|simops,Medium
REP-43F8EF76,2022-04-09,Site Alpha,Main Workshop,Incident,Tank Cleaning,The entry log for Separator V-10 during Tank Cleaning was smudged with dirt.,0,0.04,Confined Space,Confined Space,None,None,Separator V-10,Minor injury,None,,Low
REP-6A09F368,2021-12-16,Refinery Delta,Control Room,Incident,Material Delivery,Driver doing Material Delivery in Crew Bus parked slightly outside the designated lines.,0,0.07,Driving,Driving,None,None,Crew Bus,Minor injury,None,,Low
REP-6957F060,2022-07-28,Facility Bravo,Control Room,Near Miss,Grinding,"Worker performing Grinding on Excavator had their hands slightly close to a rough edge, causing a minor scratch.",0,0.07,Line of Fire,Line of Fire|Confined Space,None,None,Excavator,Minor injury,None,,Low
REP-F90D5615,2023-11-27,Terminal Echo,Boiler Area,Incident,System Maintenance,"While investigating DCS System, it was found that Alarm disabled during System Maintenance. This exposed the facility to Equipment destruction.",1,0.92,Bypassing Safety Controls,Bypassing Safety Controls,Equipment destruction,Alarm disabled,DCS System,Multiple fatalities,First Aid,disabled safety device|unauthorized override,Medium
REP-252D3653,2022-04-20,Platform Charlie,Drilling Floor,Incident,Tank Cleaning,"Prior to Tank Cleaning in Storage Tank A, it was discovered that Ventilation failed. This could have led to Engulfment and potential fatality.",1,0.9,Confined Space,Confined Space,Engulfment,Ventilation failed,Storage Tank A,Asphyxiation,First Aid,poor ventilation|deep excavation,High
REP-E7C8503C,2023-09-12,Station Foxtrot,Storage Tank A,Near Miss,Welding,The welding lead for Angle Grinder was slightly tangled during Welding.,0,0.16,Hot Work,Hot Work,None,None,Angle Grinder,Minor injury,None,,Low
REP-0CBCAC51,2023-01-20,Site Alpha,Control Room,Unsafe Act,Scaffolding,"During Scaffolding, worker used the correct harness but the inspection log was not filled in for Scaffold Tower B.",0,0.3,Work at Height,Work at Height,None,None,Scaffold Tower B,Minor injury,None,,Low
REP-58F3D86C,2022-08-08,Refinery Delta,Storage Tank A,Unsafe Act,Process Operation,Operator logged Process Operation for Pressure Safety Valve PSV-90 in the wrong logbook.,0,0.39,Bypassing Safety Controls,Bypassing Safety Controls,None,None,Pressure Safety Valve PSV-90,Minor injury,None,,Low
REP-947939F4,2022-04-29,Site Alpha,Pump Room,Unsafe Act,Vessel Welding,The entry log for Underground Sump during Vessel Welding was smudged with dirt.,0,0.01,Confined Space,Confined Space,None,None,Underground Sump,Minor injury,None,,Low
REP-FAB1AFE3,2022-05-28,Facility Bravo,Storage Tank A,Unsafe Condition,Torch Cutting,"A contractor began Torch Cutting using Oxy-Acetylene Torch. A safety walk discovered Sparks falling to lower deck, immediately stopping work due to Explosion risk.",1,0.89,Hot Work,Hot Work,Explosion,Sparks falling to lower deck,Oxy-Acetylene Torch,Major fire,Property Damage,hydrocarbon presence|ignition source,Medium
REP-CC632C22,2023-07-08,Platform Charlie,Pipe Rack 2,Unsafe Condition,Grinding,Fire extinguisher near Pipe Spool P-10 for Grinding was due for monthly inspection next week.,0,0.32,Hot Work,Hot Work,None,None,Pipe Spool P-10,Minor injury,None,,Low
REP-7117F4A1,2020-06-10,Terminal Echo,Storage Tank A,Unsafe Act,Tank Cleaning,Tools used for Tank Cleaning in Storage Tank A were left outside the entrance untidily.,0,0.29,Confined Space,Confined Space,None,None,Storage Tank A,Minor injury,None,,Low
REP-F1BC40D5,2022-02-13,Platform Charlie,Pump Room,Near Miss,Grinding,Barricade tape for Grinding near Excavator was blown down by the wind. No operations were ongoing.,0,0.31,Line of Fire,Line of Fire,None,None,Excavator,Minor injury,None,,Low
REP-87EB4C30,2020-06-07,Refinery Delta,Drilling Floor,Unsafe Condition,Lifting,"While conducting Lifting with Drill Pipe, an IP stepped into the danger zone. Standing in pinch point resulted in the worker being in the Line of Fire for Struck by moving object.",1,0.78,Line of Fire,Line of Fire,Struck by moving object,Standing in pinch point,Drill Pipe,Severe lacerations,None,tensioned line|pressure test,Medium
REP-631391E8,2022-07-12,Facility Bravo,Boiler Area,Near Miss,General Maintenance,JSA for General Maintenance near Camp Facility was printed on crumpled paper.,0,0.26,Work Authorization,Work Authorization,None,None,Camp Facility,Minor injury,None,,Low
REP-8A084869,2021-01-29,Terminal Echo,Pump Room,Unsafe Act,Trenching,"While conducting Trenching with Drill Pipe, an IP stepped into the danger zone. Standing in pinch point resulted in the worker being in the Line of Fire for Struck by moving object.",1,0.85,Line of Fire,Line of Fire,Struck by moving object,Standing in pinch point,Drill Pipe,Fatal impact,None,pinch point|tensioned line,High
REP-6EE875B6,2020-09-16,Platform Charlie,Main Workshop,Incident,Pressure Testing,Barricade tape for Pressure Testing near Excavator was blown down by the wind. No operations were ongoing.,0,0.28,Line of Fire,Line of Fire,None,None,Excavator,Minor injury,None,,Low
REP-00A8149D,2021-07-29,Refinery Delta,Deck 3,Near Miss,Structural Inspection,Worker observed performing Structural Inspection on Cherry Picker at 15 meters. It was noted that Lanyard defective. A Unstable platform could have resulted in a fatality.,1,0.77,Work at Height,Work at Height,Unstable platform,Lanyard defective,Cherry Picker,Multiple fractures,Property Damage,open hole|edge proximity,Medium
REP-ACEA5697,2021-02-13,Terminal Echo,Drilling Floor,Near Miss,Vessel Welding,"During Vessel Welding inside Reactor R-5, Rescue plan inadequate was noted. This is a critical failure leading to high risk of Heat exhaustion.",1,0.73,Confined Space,Confined Space,Heat exhaustion,Rescue plan inadequate,Reactor R-5,Fatality due to toxic gas,First Aid,poor ventilation|hazardous atmosphere,High
REP-9BD9981E,2021-01-03,Platform Charlie,Storage Tank A,Unsafe Condition,Roof Repair,"Scaffolding tubes for Crane C-1 were stored untidily, causing a minor trip hazard during Roof Repair.",0,0.02,Work at Height,Work at Height,None,None,Crane C-1,Minor injury,None,,Low
REP-91F91C59,2022-08-11,Terminal Echo,Drilling Floor,Unsafe Condition,Painting,"During Painting, worker used the correct harness but the inspection log was not filled in for Pipe Rack Level 3.",0,0.14,Work at Height,Work at Height,None,None,Pipe Rack Level 3,Minor injury,None,,Low
REP-1DE92196,2022-06-10,Platform Charlie,Drilling Floor,Unsafe Condition,System Maintenance,"Screen on Pressure Safety Valve PSV-90 was dirty, making it hard to read during System Maintenance.",0,0.17,Bypassing Safety Controls,Bypassing Safety Controls,None,None,Pressure Safety Valve PSV-90,Minor injury,None,,Low
REP-FF4C8BDE,2020-02-13,Platform Charlie,Pump Room,Unsafe Act,Contractor Work,"During a walkaround, found personnel doing Contractor Work on Process Module 4. Expired permit meant they had no controls for Simultaneous operations clash.",1,0.87,Work Authorization,Work Authorization,Simultaneous operations clash,Expired permit,Process Module 4,Serious injury due to lack of hazard awareness,Property Damage,poor communication|simops,Medium
REP-9913DB8E,2022-04-30,Station Foxtrot,Main Workshop,Near Miss,Forklift Operation,The horn on Chain Block sounded a bit quiet during Forklift Operation.,0,0.33,Safe Mechanical Lifting,Safe Mechanical Lifting,None,None,Chain Block,Minor injury,None,,Low
REP-FC554A70,2020-09-05,Platform Charlie,Deck 3,Unsafe Act,Soldering,Fire extinguisher near Welding Machine W-1 for Soldering was due for monthly inspection next week.,0,0.39,Hot Work,Hot Work|Safe Mechanical Lifting,None,None,Welding Machine W-1,Minor injury,None,,Low
REP-184D1B33,2020-03-29,Site Alpha,Pump Room,Near Miss,Inspection,"While inspecting Pump P-204, Stored energy discharge was narrowly avoided because Padlock missing.",1,0.99,Energy Isolation,Energy Isolation,Stored energy discharge,Padlock missing,Pump P-204,Fatal electrocution,First Aid,inadequate isolation|pressurized equipment,Medium
REP-BEA1B9CC,2022-07-04,Station Foxtrot,Deck 3,Unsafe Condition,Soldering,"Soldering was started on Oxy-Acetylene Torch near a live process area. Fire watcher absent was observed, posing a massive risk of Explosion.",1,0.92,Hot Work,Hot Work,Explosion,Fire watcher absent,Oxy-Acetylene Torch,Fatal burns,Property Damage,flammable atmosphere|hydrocarbon presence,High
REP-50E0D5D1,2021-05-11,Station Foxtrot,Loading Bay,Unsafe Act,Contractor Work,Worker doing Contractor Work at Utility Area did not sign the permit exactly on the line.,0,0.34,Work Authorization,Work Authorization|Safe Mechanical Lifting,None,None,Utility Area,Minor injury,None,,Low
REP-254C5050,2023-12-22,Refinery Delta,Boiler Area,Unsafe Act,General Maintenance,"Crew commenced General Maintenance at Workshop but JSA not discussed. Unaware of SIMOPS, they were exposed to Unidentified hazards.",1,0.8,Work Authorization,Work Authorization,Unidentified hazards,JSA not discussed,Workshop,Process incident,First Aid,poor communication|inadequate planning,High
REP-257DDE40,2023-03-28,Station Foxtrot,Deck 3,Unsafe Condition,Internal Inspection,The entry log for Reactor R-5 during Internal Inspection was smudged with dirt.,0,0.28,Confined Space,Confined Space,None,None,Reactor R-5,Minor injury,None,,Low
REP-27E09F6A,2023-02-01,Site Alpha,Drilling Floor,Incident,Scaffolding,"Scaffolding tubes for Crane C-1 were stored untidily, causing a minor trip hazard during Scaffolding.",0,0.11,Work at Height,Work at Height,None,None,Crane C-1,Minor injury,None,,Low
REP-BFCF7D12,2021-08-25,Facility Bravo,Storage Tank A,Unsafe Condition,Alarm Testing,"Audit of Shutdown Valve SDV-1 post-Alarm Testing revealed Interlock bridged. Without this protection, Loss of containment could have occurred.",1,0.81,Bypassing Safety Controls,Bypassing Safety Controls,Loss of containment,Interlock bridged,Shutdown Valve SDV-1,Catastrophic release,None,disabled safety device|unauthorized override,High
REP-4BB15A3B,2020-03-14,Terminal Echo,Main Workshop,Unsafe Condition,Heavy Haulage,The Light Vehicle was slightly dirty during Heavy Haulage.,0,0.03,Driving,Driving|Confined Space,None,None,Light Vehicle,Minor injury,None,,Low
REP-F2B188F1,2023-07-28,Platform Charlie,Main Workshop,Unsafe Act,Structural Inspection,Worker observed performing Structural Inspection on Crane C-1 at 15 meters. It was noted that Lanyard defective. A Open grating could have resulted in a fatality.,1,0.75,Work at Height,Work at Height,Open grating,Lanyard defective,Crane C-1,Serious head injury from dropped object,First Aid,missing fall protection|open hole,Medium
REP-667DA93B,2023-09-26,Refinery Delta,Storage Tank A,Near Miss,Heavy Haulage,"Crew Bus was involved in a near miss during Heavy Haulage. Investigation showed Seatbelt not worn, drastically increasing the risk of Rollover.",1,0.96,Driving,Driving,Rollover,Seatbelt not worn,Crew Bus,Severe whiplash,None,distracted driving|high speed,Medium
REP-35DAB43C,2023-10-24,Platform Charlie,Loading Bay,Unsafe Condition,Crane Lifting,"Crane Lifting was taking place with Forklift F-3. It was found that Outriggers not extended, which is a severe violation that could result in Dropped suspended load.",1,0.73,Safe Mechanical Lifting,Safe Mechanical Lifting,Dropped suspended load,Outriggers not extended,Forklift F-3,Structural collapse,Property Damage,dynamic loading|suspended load,Medium
REP-0D365661,2022-01-16,Refinery Delta,Pump Room,Near Miss,Scaffolding,"During Scaffolding, worker used the correct harness but the inspection log was not filled in for Pipe Rack Level 3.",0,0.2,Work at Height,Work at Height,None,None,Pipe Rack Level 3,Minor injury,None,,Low
REP-C303B390,2020-03-04,Facility Bravo,Storage Tank A,Near Miss,Soldering,Welder doing Soldering with Welding Machine W-1 had untucked coveralls.,0,0.15,Hot Work,Hot Work,None,None,Welding Machine W-1,Minor injury,None,,Low
REP-DDB172FB,2022-03-11,Terminal Echo,Storage Tank A,Near Miss,Painting,"During Painting, a 5kg wrench was dropped from Roof Access Ladder. No barricade below meant the area below was not clear. Fall from height was a near miss.",1,0.96,Work at Height,Work at Height,Fall from height,No barricade below,Roof Access Ladder,Multiple fractures,First Aid,open hole|unsecured tools,High
REP-377B0F2E,2022-10-18,Station Foxtrot,Boiler Area,Incident,Repair,"Noticed Heat Exchanger HX-2 had a minor weep during Repair. LOTO was applied correctly, but cleanup was delayed.",0,0.39,Energy Isolation,Energy Isolation,None,None,Heat Exchanger HX-2,Minor injury,None,,Low
REP-2A7D293A,2021-08-02,Terminal Echo,Deck 3,Unsafe Act,Site Patrol,Driver doing Site Patrol in Light Vehicle parked slightly outside the designated lines.,0,0.03,Driving,Driving,None,None,Light Vehicle,Minor injury,None,,Low
REP-DF410297,2020-10-19,Station Foxtrot,Loading Bay,Incident,Pipefitting,"Noticed Electrical Panel EP-5 had a minor weep during Pipefitting. LOTO was applied correctly, but cleanup was delayed.",0,0.29,Energy Isolation,Energy Isolation,None,None,Electrical Panel EP-5,Minor injury,None,,Low
REP-EF8B656F,2020-07-19,Platform Charlie,Main Workshop,Near Miss,Structural Inspection,"Scaffolding tubes for Crane C-1 were stored untidily, causing a minor trip hazard during Structural Inspection.",0,0.39,Work at Height,Work at Height,None,None,Crane C-1,Minor injury,None,,Low
REP-325EB61B,2021-01-10,Refinery Delta,Storage Tank A,Unsafe Act,Alarm Testing,Operator engaged in Alarm Testing admitted to bypassing safety logic on Fire & Gas Panel. Alarm disabled is a severe breach leading to Overpressure.,1,0.72,Bypassing Safety Controls,Bypassing Safety Controls,Overpressure,Alarm disabled,Fire & Gas Panel,Catastrophic release,Property Damage,bypassed interlock|unauthorized override,High
REP-D01684F7,2020-06-30,Facility Bravo,Main Workshop,Unsafe Condition,Non-routine Task,"During a walkaround, found personnel doing Non-routine Task on Utility Area. Wrong permit type meant they had no controls for Uncontrolled work.",1,0.83,Work Authorization,Work Authorization,Uncontrolled work,Wrong permit type,Utility Area,Process incident,First Aid,inadequate planning|poor communication,Medium
REP-DD8ACE7A,2020-04-21,Site Alpha,Pump Room,Near Miss,Grinding,Fire extinguisher near Oxy-Acetylene Torch for Grinding was due for monthly inspection next week.,0,0.19,Hot Work,Hot Work,None,None,Oxy-Acetylene Torch,Minor injury,None,,Low
REP-6BC68190,2023-10-13,Terminal Echo,Pump Room,Unsafe Condition,Structural Inspection,Worker's chin strap on helmet was loose during Structural Inspection on Cherry Picker.,0,0.3,Work at Height,Work at Height,None,None,Cherry Picker,Minor injury,None,,Low
REP-3E795307,2020-08-22,Site Alpha,Pump Room,Unsafe Condition,Heavy Haulage,Radio in Vacuum Truck was left on high volume after Heavy Haulage.,0,0.28,Driving,Driving,None,None,Vacuum Truck,Minor injury,None,,Low
REP-FF073861,2020-09-06,Platform Charlie,Storage Tank A,Incident,Rigging,"Scaffolding tubes for Scaffold Tower B were stored untidily, causing a minor trip hazard during Rigging.",0,0.03,Work at Height,Work at Height,None,None,Scaffold Tower B,Minor injury,None,,Low
REP-DED05948,2023-09-08,Facility Bravo,Boiler Area,Unsafe Condition,Vessel Welding,The entry log for Underground Sump during Vessel Welding was smudged with dirt.,0,0.33,Confined Space,Confined Space,None,None,Underground Sump,Minor injury,None,,Low
REP-41997B84,2022-05-20,Facility Bravo,Pump Room,Near Miss,Hoisting,The horn on Mobile Crane sounded a bit quiet during Hoisting.,0,0.19,Safe Mechanical Lifting,Safe Mechanical Lifting,None,None,Mobile Crane,Minor injury,None,,Low
REP-5F1A4599,2022-07-27,Platform Charlie,Pump Room,Unsafe Condition,Process Operation,Operator logged Process Operation for Fire & Gas Panel in the wrong logbook.,0,0.35,Bypassing Safety Controls,Bypassing Safety Controls,None,None,Fire & Gas Panel,Minor injury,None,,Low
REP-2804576F,2021-11-25,Refinery Delta,Boiler Area,Near Miss,Material Delivery,Radio in Crew Bus was left on high volume after Material Delivery.,0,0.29,Driving,Driving,None,None,Crew Bus,Minor injury,None,,Low
REP-2C48D87D,2023-09-11,Terminal Echo,Main Workshop,Unsafe Condition,Rigging,Operator of Mobile Crane during Rigging forgot his safety glasses but was in an enclosed cab.,0,0.37,Safe Mechanical Lifting,Safe Mechanical Lifting,None,None,Mobile Crane,Minor injury,None,,Low
REP-769B4C6B,2023-10-23,Refinery Delta,Drilling Floor,Unsafe Condition,Soldering,Welder doing Soldering with Welding Machine W-1 had untucked coveralls.,0,0.2,Hot Work,Hot Work,None,None,Welding Machine W-1,Minor injury,None,,Low
REP-540AF53B,2022-02-05,Terminal Echo,Pump Room,Unsafe Condition,Tank Cleaning,Tools used for Tank Cleaning in Separator V-10 were left outside the entrance untidily.,0,0.04,Confined Space,Confined Space|Hot Work,None,None,Separator V-10,Minor injury,None,,Low
REP-A6787D40,2020-11-27,Refinery Delta,Pipe Rack 2,Unsafe Condition,Contractor Work,JSA for Contractor Work near Workshop was printed on crumpled paper.,0,0.1,Work Authorization,Work Authorization,None,None,Workshop,Minor injury,None,,Low
REP-9D89EE16,2021-02-28,Terminal Echo,Control Room,Near Miss,Maintenance,"Operator was performing Maintenance on Compressor C-10. It was discovered that Isolation valve leaking, leaving the system vulnerable to Pressurized hydrocarbon release. Work was stopped immediately.",1,0.75,Energy Isolation,Energy Isolation,Pressurized hydrocarbon release,Isolation valve leaking,Compressor C-10,"Fire, serious injury or fatal exposure",None,live electrical|stored energy,High
REP-A98D4A2F,2022-11-25,Platform Charlie,Deck 3,Unsafe Act,Material Delivery,The Pickup Truck P-12 was slightly dirty during Material Delivery.,0,0.06,Driving,Driving,None,None,Pickup Truck P-12,Minor injury,None,,Low
REP-D0D54819,2020-06-02,Terminal Echo,Loading Bay,Near Miss,Repair,"Noticed Pump P-204 had a minor weep during Repair. LOTO was applied correctly, but cleanup was delayed.",0,0.39,Energy Isolation,Energy Isolation,None,None,Pump P-204,Minor injury,None,,Low
REP-A0951A07,2020-05-01,Facility Bravo,Loading Bay,Near Miss,Maintenance,"While preparing for Maintenance on Heat Exchanger HX-2, found that the lock for LOTO was slightly rusted, making it hard to use.",0,0.36,Energy Isolation,Energy Isolation|Work Authorization,None,None,Heat Exchanger HX-2,Minor injury,None,,Low
REP-5B77024A,2020-06-14,Terminal Echo,Control Room,Unsafe Condition,Inspection,"The tag for Valve V-99 was faded during Inspection. No Pressurized hydrocarbon release was present, but tag needs replacement.",0,0.3,Energy Isolation,Energy Isolation,None,None,Valve V-99,Minor injury,None,,Low
REP-76610B25,2021-04-11,Site Alpha,Pump Room,Unsafe Act,Maintenance,"While preparing for Maintenance on Pump P-204, found that the lock for LOTO was slightly rusted, making it hard to use.",0,0.31,Energy Isolation,Energy Isolation,None,None,Pump P-204,Minor injury,None,,Low
REP-AFC3C880,2022-05-24,Terminal Echo,Boiler Area,Unsafe Act,Vessel Welding,The entry log for Reactor R-5 during Vessel Welding was smudged with dirt.,0,0.18,Confined Space,Confined Space,None,None,Reactor R-5,Minor injury,None,,Low
REP-8B45369D,2023-01-03,Terminal Echo,Pump Room,Unsafe Act,Torch Cutting,Welder doing Torch Cutting with Angle Grinder had untucked coveralls.,0,0.1,Hot Work,Hot Work,None,None,Angle Grinder,Minor injury,None,,Low
REP-43E306F5,2021-05-15,Platform Charlie,Boiler Area,Incident,Tank Cleaning,"Worker doing Tank Cleaning in Storage Tank A complained about poor lighting, though gas levels were normal.",0,0.24,Confined Space,Confined Space,None,None,Storage Tank A,Minor injury,None,,Low
REP-615E45C0,2022-01-21,Terminal Echo,Main Workshop,Unsafe Condition,Scaffolding,"Scaffolding tubes for Scaffold Tower B were stored untidily, causing a minor trip hazard during Scaffolding.",0,0.29,Work at Height,Work at Height,None,None,Scaffold Tower B,Minor injury,None,,Low
REP-4F700439,2020-10-07,Terminal Echo,Loading Bay,Near Miss,Hoisting,The horn on Mobile Crane sounded a bit quiet during Hoisting.,0,0.09,Safe Mechanical Lifting,Safe Mechanical Lifting,None,None,Mobile Crane,Minor injury,None,,Low
REP-B3A9BFCB,2020-03-10,Platform Charlie,Main Workshop,Incident,Tank Cleaning,The entry log for Underground Sump during Tank Cleaning was smudged with dirt.,0,0.2,Confined Space,Confined Space,None,None,Underground Sump,Minor injury,None,,Low
REP-8988A0BD,2022-02-15,Facility Bravo,Storage Tank A,Unsafe Act,Scaffolding,Worker's chin strap on helmet was loose during Scaffolding on Pipe Rack Level 3.,0,0.1,Work at Height,Work at Height,None,None,Pipe Rack Level 3,Minor injury,None,,Low
REP-370D6BAB,2023-06-26,Refinery Delta,Storage Tank A,Unsafe Act,Repair,"Noticed Pump P-204 had a minor weep during Repair. LOTO was applied correctly, but cleanup was delayed.",0,0.14,Energy Isolation,Energy Isolation,None,None,Pump P-204,Minor injury,None,,Low
REP-0D2C148B,2021-05-02,Facility Bravo,Pump Room,Near Miss,Heavy Haulage,Driver doing Heavy Haulage in Crew Bus parked slightly outside the designated lines.,0,0.19,Driving,Driving,None,None,Crew Bus,Minor injury,None,,Low
REP-8528908F,2023-08-30,Terminal Echo,Pump Room,Unsafe Act,Crane Lifting,Paint on Forklift F-3 used for Crane Lifting is peeling off.,0,0.27,Safe Mechanical Lifting,Safe Mechanical Lifting,None,None,Forklift F-3,Minor injury,None,,Low
REP-650F5828,2023-02-13,Facility Bravo,Storage Tank A,Unsafe Act,Torch Cutting,The welding lead for Angle Grinder was slightly tangled during Torch Cutting.,0,0.2,Hot Work,Hot Work,None,None,Angle Grinder,Minor injury,None,,Low
REP-7AE37781,2023-07-14,Facility Bravo,Boiler Area,Unsafe Act,Structural Inspection,"Scaffolding tubes for Cherry Picker were stored untidily, causing a minor trip hazard during Structural Inspection.",0,0.06,Work at Height,Work at Height,None,None,Cherry Picker,Minor injury,None,,Low
REP-E5E2D94A,2020-04-01,Terminal Echo,Loading Bay,Near Miss,Inspection,"Operator was performing Inspection on Heat Exchanger HX-2. It was discovered that Energy not verified zero, leaving the system vulnerable to Steam leak. Work was stopped immediately.",1,0.7,Energy Isolation,Energy Isolation|Safe Mechanical Lifting,Steam leak,Energy not verified zero,Heat Exchanger HX-2,Severe chemical burns,Property Damage,stored energy|pressurized equipment,High
REP-EEAF3F78,2020-10-20,Site Alpha,Drilling Floor,Near Miss,Heavy Haulage,"Pickup Truck P-12 was involved in a near miss during Heavy Haulage. Investigation showed Seatbelt not worn, drastically increasing the risk of Vehicle collision.",1,0.72,Driving,Driving,Vehicle collision,Seatbelt not worn,Pickup Truck P-12,Fatal traffic accident,First Aid,poor road conditions|heavy vehicle interaction,High
REP-C0773F61,2020-02-22,Site Alpha,Loading Bay,Near Miss,Alarm Testing,Indicator bulb on Fire & Gas Panel was burnt out during Alarm Testing.,0,0.37,Bypassing Safety Controls,Bypassing Safety Controls|Hot Work,None,None,Fire & Gas Panel,Minor injury,None,,Low
REP-34FE0B04,2020-06-07,Facility Bravo,Pipe Rack 2,Incident,Site Patrol,Radio in Vacuum Truck was left on high volume after Site Patrol.,0,0.04,Driving,Driving,None,None,Vacuum Truck,Minor injury,None,,Low
REP-92363125,2021-05-14,Platform Charlie,Loading Bay,Near Miss,Rigging,"During Rigging, worker used the correct harness but the inspection log was not filled in for Scaffold Tower B.",0,0.12,Work at Height,Work at Height,None,None,Scaffold Tower B,Minor injury,None,,Low
REP-49DAF9A8,2021-04-15,Terminal Echo,Boiler Area,Unsafe Condition,Welding,"During Welding with Angle Grinder, Sparks falling to lower deck allowed slag to ignite a small fire. Toxic fumes potential was extremely high.",1,0.88,Hot Work,Hot Work|Work at Height,Toxic fumes,Sparks falling to lower deck,Angle Grinder,Facility explosion,First Aid,sparks|hydrocarbon presence,High
REP-FD4AA4C6,2020-10-30,Terminal Echo,Control Room,Unsafe Condition,Alarm Testing,Operator logged Alarm Testing for Pressure Safety Valve PSV-90 in the wrong logbook.,0,0.21,Bypassing Safety Controls,Bypassing Safety Controls,None,None,Pressure Safety Valve PSV-90,Minor injury,None,,Low
REP-9C988226,2020-03-10,Refinery Delta,Pump Room,Unsafe Condition,General Maintenance,Permit for General Maintenance at Workshop had a minor spelling mistake in the supervisor's name.,0,0.06,Work Authorization,Work Authorization,None,None,Workshop,Minor injury,None,,Low
REP-919D2075,2021-11-20,Platform Charlie,Deck 3,Unsafe Act,Trenching,Barricade tape for Trenching near Drill Pipe was blown down by the wind. No operations were ongoing.,0,0.12,Line of Fire,Line of Fire,None,None,Drill Pipe,Minor injury,None,,Low
REP-149635A0,2020-01-16,Terminal Echo,Drilling Floor,Incident,Soldering,"Soldering was started on Pipe Spool P-10 near a live process area. Sparks falling to lower deck was observed, posing a massive risk of Toxic fumes.",1,0.91,Hot Work,Hot Work,Toxic fumes,Sparks falling to lower deck,Pipe Spool P-10,Facility explosion,None,flammable atmosphere|sparks,Medium
REP-51098E42,2023-04-02,Terminal Echo,Storage Tank A,Near Miss,General Maintenance,Worker doing General Maintenance at Utility Area did not sign the permit exactly on the line.,0,0.36,Work Authorization,Work Authorization,None,None,Utility Area,Minor injury,None,,Low
REP-1BEA9B52,2020-08-30,Platform Charlie,Main Workshop,Incident,Grinding,The welding lead for Angle Grinder was slightly tangled during Grinding.,0,0.12,Hot Work,Hot Work,None,None,Angle Grinder,Minor injury,None,,Low
REP-1F79B55D,2020-03-22,Terminal Echo,Pipe Rack 2,Unsafe Condition,Torquing,"Worker performing Torquing on Excavator had their hands slightly close to a rough edge, causing a minor scratch.",0,0.24,Line of Fire,Line of Fire,None,None,Excavator,Minor injury,None,,Low
REP-64B119D6,2023-12-17,Site Alpha,Control Room,Incident,Repair,"Operator was performing Repair on Compressor C-10. It was discovered that Energy not verified zero, leaving the system vulnerable to Stored energy discharge. Work was stopped immediately.",1,0.79,Energy Isolation,Energy Isolation,Stored energy discharge,Energy not verified zero,Compressor C-10,Asphyxiation,Property Damage,toxic fluid|inadequate isolation,Medium
REP-44345C39,2021-11-17,Platform Charlie,Control Room,Unsafe Act,Painting,"Scaffolding tubes for Pipe Rack Level 3 were stored untidily, causing a minor trip hazard during Painting.",0,0.07,Work at Height,Work at Height,None,None,Pipe Rack Level 3,Minor injury,None,,Low
REP-972964FA,2020-10-07,Terminal Echo,Storage Tank A,Unsafe Condition,Welding,Fire extinguisher near Pipe Spool P-10 for Welding was due for monthly inspection next week.,0,0.01,Hot Work,Hot Work,None,None,Pipe Spool P-10,Minor injury,None,,Low
REP-96F75E7D,2022-11-23,Station Foxtrot,Loading Bay,Unsafe Act,Rigging,Operator of Forklift F-3 during Rigging forgot his safety glasses but was in an enclosed cab.,0,0.35,Safe Mechanical Lifting,Safe Mechanical Lifting,None,None,Forklift F-3,Minor injury,None,,Low
REP-4A0FB64D,2021-04-25,Station Foxtrot,Drilling Floor,Incident,Non-routine Task,JSA for Non-routine Task near Workshop was printed on crumpled paper.,0,0.26,Work Authorization,Work Authorization,None,None,Workshop,Minor injury,None,,Low
REP-2A324ECB,2020-07-16,Facility Bravo,Deck 3,Near Miss,Torquing,Barricade tape for Torquing near Hydraulic Torque Wrench was blown down by the wind. No operations were ongoing.,0,0.2,Line of Fire,Line of Fire,None,None,Hydraulic Torque Wrench,Minor injury,None,,Low
REP-401399F3,2022-03-26,Station Foxtrot,Boiler Area,Incident,Contractor Work,Permit for Contractor Work at Workshop had a minor spelling mistake in the supervisor's name.,0,0.15,Work Authorization,Work Authorization,None,None,Workshop,Minor injury,None,,Low
REP-5B0C6061,2021-10-23,Platform Charlie,Drilling Floor,Incident,Non-routine Task,Permit for Non-routine Task at Camp Facility had a minor spelling mistake in the supervisor's name.,0,0.23,Work Authorization,Work Authorization,None,None,Camp Facility,Minor injury,None,,Low
REP-730F19C7,2021-09-23,Refinery Delta,Storage Tank A,Unsafe Condition,Contractor Work,Worker doing Contractor Work at Camp Facility did not sign the permit exactly on the line.,0,0.33,Work Authorization,Work Authorization,None,None,Camp Facility,Minor injury,None,,Low
REP-B11E2D1C,2022-02-15,Site Alpha,Drilling Floor,Near Miss,Trenching,Barricade tape for Trenching near Hydraulic Torque Wrench was blown down by the wind. No operations were ongoing.,0,0.02,Line of Fire,Line of Fire,None,None,Hydraulic Torque Wrench,Minor injury,None,,Low
REP-A9529455,2021-04-14,Platform Charlie,Boiler Area,Near Miss,Transporting Personnel,Driver doing Transporting Personnel in Pickup Truck P-12 parked slightly outside the designated lines.,0,0.35,Driving,Driving,None,None,Pickup Truck P-12,Minor injury,None,,Low
REP-920FF212,2020-03-27,Facility Bravo,Main Workshop,Near Miss,Vessel Welding,"Worker doing Vessel Welding in Separator V-10 complained about poor lighting, though gas levels were normal.",0,0.32,Confined Space,Confined Space,None,None,Separator V-10,Minor injury,None,,Low
REP-9213DCBB,2020-01-31,Station Foxtrot,Pipe Rack 2,Unsafe Condition,Tank Cleaning,"Prior to Tank Cleaning in Underground Sump, it was discovered that Rescue plan inadequate. This could have led to Toxic atmosphere and potential fatality.",1,0.72,Confined Space,Confined Space,Toxic atmosphere,Rescue plan inadequate,Underground Sump,Loss of consciousness,None,poor ventilation|restricted access,High
REP-255F7C95,2023-03-26,Refinery Delta,Storage Tank A,Near Miss,Process Operation,Operator engaged in Process Operation admitted to bypassing safety logic on Fire & Gas Panel. Override left active is a severe breach leading to Loss of containment.,1,0.76,Bypassing Safety Controls,Bypassing Safety Controls,Loss of containment,Override left active,Fire & Gas Panel,Multiple fatalities,Property Damage,ignored alarm|bypassed interlock,High
REP-DFDCE731,2022-03-17,Platform Charlie,Pipe Rack 2,Unsafe Act,Internal Inspection,The entry log for Underground Sump during Internal Inspection was smudged with dirt.,0,0.4,Confined Space,Confined Space,None,None,Underground Sump,Minor injury,None,,Low
REP-1EBC1298,2020-06-20,Site Alpha,Pipe Rack 2,Unsafe Condition,Pipefitting,"Noticed Compressor C-10 had a minor weep during Pipefitting. LOTO was applied correctly, but cleanup was delayed.",0,0.33,Energy Isolation,Energy Isolation,None,None,Compressor C-10,Minor injury,None,,Low
REP-DFB4098B,2022-10-07,Platform Charlie,Storage Tank A,Near Miss,Non-routine Task,Critical Non-routine Task on Workshop proceeded despite JSA not discussed. This breakdown in authorization risked Unidentified hazards.,1,0.94,Work Authorization,Work Authorization,Unidentified hazards,JSA not discussed,Workshop,Process incident,None,inadequate planning|simops,Medium
REP-905BF6A4,2023-08-28,Facility Bravo,Drilling Floor,Incident,Lifting,Barricade tape for Lifting near Excavator was blown down by the wind. No operations were ongoing.,0,0.2,Line of Fire,Line of Fire,None,None,Excavator,Minor injury,None,,Low
REP-5E0551CB,2020-12-06,Facility Bravo,Control Room,Unsafe Act,Transporting Personnel,Radio in Pickup Truck P-12 was left on high volume after Transporting Personnel.,0,0.3,Driving,Driving,None,None,Pickup Truck P-12,Minor injury,None,,Low
REP-7B617280,2023-10-17,Platform Charlie,Pipe Rack 2,Near Miss,System Maintenance,"While investigating Pressure Safety Valve PSV-90, it was found that Alarm disabled during System Maintenance. This exposed the facility to Equipment destruction.",1,0.79,Bypassing Safety Controls,Bypassing Safety Controls,Equipment destruction,Alarm disabled,Pressure Safety Valve PSV-90,Multiple fatalities,First Aid,unauthorized override|bypassed interlock,High
REP-F1A8D6E8,2022-08-05,Facility Bravo,Drilling Floor,Unsafe Condition,Grinding,Fire extinguisher near Angle Grinder for Grinding was due for monthly inspection next week.,0,0.11,Hot Work,Hot Work,None,None,Angle Grinder,Minor injury,None,,Low
REP-5F215243,2022-07-28,Platform Charlie,Deck 3,Unsafe Act,General Maintenance,Critical General Maintenance on Utility Area proceeded despite JSA not discussed. This breakdown in authorization risked Simultaneous operations clash.,1,0.75,Work Authorization,Work Authorization,Simultaneous operations clash,JSA not discussed,Utility Area,Serious injury due to lack of hazard awareness,Property Damage,unauthorized work|poor communication,Medium
REP-D091BE1D,2021-09-18,Platform Charlie,Storage Tank A,Near Miss,Lifting,"During Lifting, a piece of non-tensioned wire from Excavator was left on the floor.",0,0.24,Line of Fire,Line of Fire,None,None,Excavator,Minor injury,None,,Low
REP-2117CCE8,2022-02-23,Platform Charlie,Main Workshop,Incident,Tank Cleaning,Tools used for Tank Cleaning in Separator V-10 were left outside the entrance untidily.,0,0.24,Confined Space,Confined Space,None,None,Separator V-10,Minor injury,None,,Low
REP-1B91B6FF,2022-11-13,Refinery Delta,Storage Tank A,Incident,Inspection,"Operator was performing Inspection on Compressor C-10. It was discovered that Energy not verified zero, leaving the system vulnerable to Pressurized hydrocarbon release. Work was stopped immediately.",1,0.72,Energy Isolation,Energy Isolation,Pressurized hydrocarbon release,Energy not verified zero,Compressor C-10,Fatal electrocution,None,live electrical|stored energy,Medium
REP-26E5EE97,2020-06-09,Terminal Echo,Loading Bay,Unsafe Condition,Transporting Personnel,Radio in Vacuum Truck was left on high volume after Transporting Personnel.,0,0.13,Driving,Driving,None,None,Vacuum Truck,Minor injury,None,,Low
REP-D65F7795,2020-12-30,Site Alpha,Drilling Floor,Incident,Forklift Operation,Paint on Chain Block used for Forklift Operation is peeling off.,0,0.26,Safe Mechanical Lifting,Safe Mechanical Lifting,None,None,Chain Block,Minor injury,None,,Low
REP-B9F6D139,2021-02-03,Site Alpha,Main Workshop,Near Miss,Soldering,The welding lead for Angle Grinder was slightly tangled during Soldering.,0,0.15,Hot Work,Hot Work,None,None,Angle Grinder,Minor injury,None,,Low
REP-68568C9C,2023-07-04,Site Alpha,Pump Room,Incident,Torch Cutting,"Torch Cutting was started on Welding Machine W-1 near a live process area. Combustibles not cleared was observed, posing a massive risk of Severe burns.",1,0.99,Hot Work,Hot Work,Severe burns,Combustibles not cleared,Welding Machine W-1,Fatal burns,First Aid,hydrocarbon presence|flammable atmosphere,High
REP-C2252764,2020-09-26,Site Alpha,Storage Tank A,Unsafe Act,Contractor Work,Worker doing Contractor Work at Workshop did not sign the permit exactly on the line.,0,0.08,Work Authorization,Work Authorization,None,None,Workshop,Minor injury,None,,Low
REP-1F488B66,2020-12-12,Terminal Echo,Drilling Floor,Unsafe Act,Repair,"While inspecting Pump P-204, H2S exposure was narrowly avoided because Bleed valve closed.",1,0.95,Energy Isolation,Energy Isolation,H2S exposure,Bleed valve closed,Pump P-204,Fatal electrocution,Property Damage,stored energy|pressurized equipment,High
REP-BE642557,2021-07-18,Terminal Echo,Loading Bay,Incident,System Maintenance,Indicator bulb on DCS System was burnt out during System Maintenance.,0,0.18,Bypassing Safety Controls,Bypassing Safety Controls,None,None,DCS System,Minor injury,None,,Low
REP-D6632A2C,2020-07-04,Facility Bravo,Deck 3,Unsafe Condition,Repair,"While inspecting Electrical Panel EP-5, H2S exposure was narrowly avoided because Bleed valve closed.",1,0.97,Energy Isolation,Energy Isolation,H2S exposure,Bleed valve closed,Electrical Panel EP-5,"Fire, serious injury or fatal exposure",None,toxic fluid|stored energy,Medium
REP-DE833CD1,2020-09-28,Platform Charlie,Pump Room,Incident,Inspection,"The tag for Pump P-204 was faded during Inspection. No Electrical shock was present, but tag needs replacement.",0,0.3,Energy Isolation,Energy Isolation|Safe Mechanical Lifting,None,None,Pump P-204,Minor injury,None,,Low
REP-1A7641E5,2021-06-15,Station Foxtrot,Control Room,Near Miss,Torquing,"Worker performing Torquing on Hydraulic Torque Wrench had their hands slightly close to a rough edge, causing a minor scratch.",0,0.39,Line of Fire,Line of Fire,None,None,Hydraulic Torque Wrench,Minor injury,None,,Low
REP-A75B5859,2023-08-16,Station Foxtrot,Main Workshop,Unsafe Condition,Torch Cutting,"A contractor began Torch Cutting using Oxy-Acetylene Torch. A safety walk discovered Fire watcher absent, immediately stopping work due to Toxic fumes risk.",1,0.86,Hot Work,Hot Work,Toxic fumes,Fire watcher absent,Oxy-Acetylene Torch,Major fire,First Aid,hydrocarbon presence|ignition source,High
REP-3482327C,2021-01-16,Refinery Delta,Boiler Area,Incident,Site Patrol,Radio in Pickup Truck P-12 was left on high volume after Site Patrol.,0,0.27,Driving,Driving,None,None,Pickup Truck P-12,Minor injury,None,,Low
REP-16EDA6E4,2021-11-20,Station Foxtrot,Deck 3,Unsafe Condition,Soldering,The welding lead for Welding Machine W-1 was slightly tangled during Soldering.,0,0.2,Hot Work,Hot Work,None,None,Welding Machine W-1,Minor injury,None,,Low
REP-98ED109C,2022-03-28,Refinery Delta,Loading Bay,Near Miss,Forklift Operation,Operator of Chain Block during Forklift Operation forgot his safety glasses but was in an enclosed cab.,0,0.28,Safe Mechanical Lifting,Safe Mechanical Lifting,None,None,Chain Block,Minor injury,None,,Low
REP-9E1D19CE,2023-03-28,Refinery Delta,Pump Room,Unsafe Condition,Soldering,The welding lead for Pipe Spool P-10 was slightly tangled during Soldering.,0,0.31,Hot Work,Hot Work,None,None,Pipe Spool P-10,Minor injury,None,,Low
REP-323D39C9,2020-12-04,Refinery Delta,Pump Room,Unsafe Condition,Forklift Operation,Paint on Forklift F-3 used for Forklift Operation is peeling off.,0,0.19,Safe Mechanical Lifting,Safe Mechanical Lifting,None,None,Forklift F-3,Minor injury,None,,Low
REP-F7FAD29C,2022-09-04,Facility Bravo,Drilling Floor,Unsafe Act,Torquing,"Torquing was being performed. Exclusion zone breached allowed personnel to walk directly under Excavator, posing a severe Struck by moving object.",1,0.77,Line of Fire,Line of Fire,Struck by moving object,Exclusion zone breached,Excavator,Amputation,None,pinch point|tensioned line,High
REP-AB89421C,2020-09-30,Refinery Delta,Drilling Floor,Near Miss,Alarm Testing,Indicator bulb on Pressure Safety Valve PSV-90 was burnt out during Alarm Testing.,0,0.13,Bypassing Safety Controls,Bypassing Safety Controls,None,None,Pressure Safety Valve PSV-90,Minor injury,None,,Low
REP-FE319584,2021-04-26,Platform Charlie,Drilling Floor,Near Miss,Alarm Testing,"Screen on Shutdown Valve SDV-1 was dirty, making it hard to read during Alarm Testing.",0,0.08,Bypassing Safety Controls,Bypassing Safety Controls,None,None,Shutdown Valve SDV-1,Minor injury,None,,Low
REP-E11E36A4,2022-02-25,Station Foxtrot,Boiler Area,Incident,Pipefitting,"While preparing for Pipefitting on Pump P-204, found that the lock for LOTO was slightly rusted, making it hard to use.",0,0.05,Energy Isolation,Energy Isolation,None,None,Pump P-204,Minor injury,None,,Low
REP-51C73E77,2021-12-10,Station Foxtrot,Deck 3,Incident,Rigging,A heavy skid was being moved during Rigging. Outriggers not extended led to a near miss involving Dropped suspended load near Chain Block.,1,0.94,Safe Mechanical Lifting,Safe Mechanical Lifting,Dropped suspended load,Outriggers not extended,Chain Block,Structural collapse,None,dynamic loading|blind lift,High
REP-A9BD3B41,2022-04-02,Refinery Delta,Pump Room,Near Miss,Inspection,"The tag for Electrical Panel EP-5 was faded during Inspection. No Electrical shock was present, but tag needs replacement.",0,0.38,Energy Isolation,Energy Isolation,None,None,Electrical Panel EP-5,Minor injury,None,,Low
REP-C9BF72E1,2022-05-18,Terminal Echo,Storage Tank A,Unsafe Act,Rigging,Worker's chin strap on helmet was loose during Rigging on Roof Access Ladder.,0,0.32,Work at Height,Work at Height,None,None,Roof Access Ladder,Minor injury,None,,Low
REP-E8F66C6E,2023-11-06,Platform Charlie,Main Workshop,Incident,Torch Cutting,"During Torch Cutting with Angle Grinder, Sparks falling to lower deck allowed slag to ignite a small fire. Toxic fumes potential was extremely high.",1,0.83,Hot Work,Hot Work,Toxic fumes,Sparks falling to lower deck,Angle Grinder,Major fire,Property Damage,ignition source|hydrocarbon presence,Medium
REP-02D274E1,2023-05-05,Site Alpha,Drilling Floor,Unsafe Act,Crane Lifting,Paint on Overhead Gantry used for Crane Lifting is peeling off.,0,0.26,Safe Mechanical Lifting,Safe Mechanical Lifting,None,None,Overhead Gantry,Minor injury,None,,Low
REP-BBAA3CE2,2022-07-27,Station Foxtrot,Loading Bay,Incident,Process Operation,Operator logged Process Operation for Pressure Safety Valve PSV-90 in the wrong logbook.,0,0.14,Bypassing Safety Controls,Bypassing Safety Controls,None,None,Pressure Safety Valve PSV-90,Minor injury,None,,Low
REP-CFFCF926,2020-02-15,Facility Bravo,Main Workshop,Unsafe Act,Torch Cutting,"A contractor began Torch Cutting using Welding Machine W-1. A safety walk discovered Combustibles not cleared, immediately stopping work due to Explosion risk.",1,0.92,Hot Work,Hot Work,Explosion,Combustibles not cleared,Welding Machine W-1,Facility explosion,First Aid,ignition source|flammable atmosphere,High
REP-1B211E58,2022-08-26,Facility Bravo,Storage Tank A,Near Miss,Process Operation,Indicator bulb on Pressure Safety Valve PSV-90 was burnt out during Process Operation.,0,0.16,Bypassing Safety Controls,Bypassing Safety Controls,None,None,Pressure Safety Valve PSV-90,Minor injury,None,,Low
REP-CACCBD6A,2020-02-08,Refinery Delta,Boiler Area,Near Miss,Torquing,"Worker performing Torquing on Drill Pipe had their hands slightly close to a rough edge, causing a minor scratch.",0,0.17,Line of Fire,Line of Fire,None,None,Drill Pipe,Minor injury,None,,Low
REP-AAE1A2ED,2023-06-01,Refinery Delta,Storage Tank A,Near Miss,Welding,The welding lead for Angle Grinder was slightly tangled during Welding.,0,0.29,Hot Work,Hot Work,None,None,Angle Grinder,Minor injury,None,,Low
REP-D95BEA7E,2022-10-18,Facility Bravo,Pipe Rack 2,Unsafe Condition,Non-routine Task,JSA for Non-routine Task near Process Module 4 was printed on crumpled paper.,0,0.34,Work Authorization,Work Authorization,None,None,Process Module 4,Minor injury,None,,Low
REP-67338A94,2022-01-26,Platform Charlie,Main Workshop,Near Miss,Rigging,Operator of Mobile Crane during Rigging forgot his safety glasses but was in an enclosed cab.,0,0.39,Safe Mechanical Lifting,Safe Mechanical Lifting,None,None,Mobile Crane,Minor injury,None,,Low
REP-98EE9429,2022-10-02,Facility Bravo,Storage Tank A,Unsafe Condition,General Maintenance,JSA for General Maintenance near Workshop was printed on crumpled paper.,0,0.23,Work Authorization,Work Authorization,None,None,Workshop,Minor injury,None,,Low
REP-EDA6E423,2023-01-31,Refinery Delta,Drilling Floor,Unsafe Condition,Scaffolding,"During Scaffolding, worker used the correct harness but the inspection log was not filled in for Roof Access Ladder.",0,0.39,Work at Height,Work at Height,None,None,Roof Access Ladder,Minor injury,None,,Low
REP-672C9F14,2022-08-08,Platform Charlie,Control Room,Unsafe Condition,Hoisting,Paint on Overhead Gantry used for Hoisting is peeling off.,0,0.2,Safe Mechanical Lifting,Safe Mechanical Lifting,None,None,Overhead Gantry,Minor injury,None,,Low
REP-6F519567,2022-05-06,Refinery Delta,Storage Tank A,Unsafe Condition,Grinding,"During Grinding, a piece of non-tensioned wire from Excavator was left on the floor.",0,0.24,Line of Fire,Line of Fire,None,None,Excavator,Minor injury,None,,Low
REP-C9D80D02,2020-07-05,Platform Charlie,Pump Room,Incident,Tank Cleaning,Tools used for Tank Cleaning in Storage Tank A were left outside the entrance untidily.,0,0.19,Confined Space,Confined Space,None,None,Storage Tank A,Minor injury,None,,Low
REP-A6750075,2020-03-04,Facility Bravo,Control Room,Incident,Tank Cleaning,The entry log for Reactor R-5 during Tank Cleaning was smudged with dirt.,0,0.12,Confined Space,Confined Space,None,None,Reactor R-5,Minor injury,None,,Low
REP-A43D6634,2020-03-07,Station Foxtrot,Storage Tank A,Incident,General Maintenance,"During a walkaround, found personnel doing General Maintenance on Workshop. PTW not issued meant they had no controls for Simultaneous operations clash.",1,0.91,Work Authorization,Work Authorization,Simultaneous operations clash,PTW not issued,Workshop,Process incident,None,poor communication|unauthorized work,Medium
REP-F8CD46F4,2020-05-02,Platform Charlie,Storage Tank A,Unsafe Act,Roof Repair,"Scaffolding tubes for Pipe Rack Level 3 were stored untidily, causing a minor trip hazard during Roof Repair.",0,0.33,Work at Height,Work at Height,None,None,Pipe Rack Level 3,Minor injury,None,,Low
REP-3E5CC218,2023-09-06,Platform Charlie,Boiler Area,Unsafe Condition,Heavy Haulage,The Forklift was slightly dirty during Heavy Haulage.,0,0.15,Driving,Driving,None,None,Forklift,Minor injury,None,,Low
REP-70DEFA15,2023-11-12,Refinery Delta,Drilling Floor,Incident,Internal Inspection,"Worker doing Internal Inspection in Storage Tank A complained about poor lighting, though gas levels were normal.",0,0.14,Confined Space,Confined Space,None,None,Storage Tank A,Minor injury,None,,Low
REP-E3A32A92,2021-09-20,Station Foxtrot,Boiler Area,Near Miss,Crane Lifting,Paint on Forklift F-3 used for Crane Lifting is peeling off.,0,0.29,Safe Mechanical Lifting,Safe Mechanical Lifting,None,None,Forklift F-3,Minor injury,None,,Low
REP-F0511D5F,2021-03-09,Terminal Echo,Main Workshop,Unsafe Condition,Non-routine Task,Worker doing Non-routine Task at Utility Area did not sign the permit exactly on the line.,0,0.1,Work Authorization,Work Authorization,None,None,Utility Area,Minor injury,None,,Low
REP-6E9D5D57,2022-09-20,Station Foxtrot,Boiler Area,Incident,Hoisting,Paint on Chain Block used for Hoisting is peeling off.,0,0.16,Safe Mechanical Lifting,Safe Mechanical Lifting,None,None,Chain Block,Minor injury,None,,Low
REP-98F9EB78,2021-02-07,Platform Charlie,Control Room,Incident,Process Operation,"Audit of DCS System post-Process Operation revealed Alarm disabled. Without this protection, Loss of containment could have occurred.",1,0.93,Bypassing Safety Controls,Bypassing Safety Controls,Loss of containment,Alarm disabled,DCS System,Catastrophic release,Property Damage,bypassed interlock|unauthorized override,Medium
REP-A28FB959,2022-12-31,Station Foxtrot,Pipe Rack 2,Unsafe Act,Inspection,"While preparing for Inspection on Compressor C-10, found that the lock for LOTO was slightly rusted, making it hard to use.",0,0.23,Energy Isolation,Energy Isolation,None,None,Compressor C-10,Minor injury,None,,Low
REP-2353331C,2022-07-23,Facility Bravo,Pump Room,Near Miss,Pipefitting,"Noticed Heat Exchanger HX-2 had a minor weep during Pipefitting. LOTO was applied correctly, but cleanup was delayed.",0,0.28,Energy Isolation,Energy Isolation,None,None,Heat Exchanger HX-2,Minor injury,None,,Low
REP-A017CDDB,2020-04-14,Platform Charlie,Deck 3,Unsafe Condition,Painting,"Scaffolding tubes for Scaffold Tower B were stored untidily, causing a minor trip hazard during Painting.",0,0.05,Work at Height,Work at Height|Safe Mechanical Lifting,None,None,Scaffold Tower B,Minor injury,None,,Low
REP-AC4AC1F0,2020-08-16,Station Foxtrot,Control Room,Unsafe Condition,General Maintenance,Permit for General Maintenance at Camp Facility had a minor spelling mistake in the supervisor's name.,0,0.24,Work Authorization,Work Authorization,None,None,Camp Facility,Minor injury,None,,Low
REP-3BD0E178,2023-08-14,Platform Charlie,Main Workshop,Unsafe Condition,General Maintenance,JSA for General Maintenance near Utility Area was printed on crumpled paper.,0,0.21,Work Authorization,Work Authorization,None,None,Utility Area,Minor injury,None,,Low
REP-0457C76D,2022-06-03,Station Foxtrot,Main Workshop,Unsafe Act,Site Patrol,The Forklift was slightly dirty during Site Patrol.,0,0.04,Driving,Driving|Work Authorization,None,None,Forklift,Minor injury,None,,Low
REP-9D9CEA0A,2023-11-03,Platform Charlie,Loading Bay,Unsafe Condition,Contractor Work,Worker doing Contractor Work at Workshop did not sign the permit exactly on the line.,0,0.19,Work Authorization,Work Authorization,None,None,Workshop,Minor injury,None,,Low
REP-69B1EC0E,2021-07-05,Facility Bravo,Main Workshop,Incident,Internal Inspection,Tools used for Internal Inspection in Separator V-10 were left outside the entrance untidily.,0,0.32,Confined Space,Confined Space,None,None,Separator V-10,Minor injury,None,,Low
REP-D41265FF,2022-03-16,Refinery Delta,Pump Room,Incident,Hoisting,Paint on Forklift F-3 used for Hoisting is peeling off.,0,0.18,Safe Mechanical Lifting,Safe Mechanical Lifting,None,None,Forklift F-3,Minor injury,None,,Low
REP-70FB21D1,2020-02-18,Platform Charlie,Storage Tank A,Incident,System Maintenance,"Audit of Pressure Safety Valve PSV-90 post-System Maintenance revealed Safety valve isolated. Without this protection, Equipment destruction could have occurred.",1,0.91,Bypassing Safety Controls,Bypassing Safety Controls,Equipment destruction,Safety valve isolated,Pressure Safety Valve PSV-90,Major explosion,First Aid,bypassed interlock|disabled safety device,High
REP-B678293D,2023-04-29,Refinery Delta,Pump Room,Incident,Material Delivery,Driver doing Material Delivery in Vacuum Truck parked slightly outside the designated lines.,0,0.38,Driving,Driving|Line of Fire,None,None,Vacuum Truck,Minor injury,None,,Low
REP-07A08B3F,2021-08-05,Site Alpha,Control Room,Unsafe Condition,General Maintenance,Worker doing General Maintenance at Utility Area did not sign the permit exactly on the line.,0,0.15,Work Authorization,Work Authorization,None,None,Utility Area,Minor injury,None,,Low
REP-CBE78B65,2023-03-18,Terminal Echo,Main Workshop,Near Miss,Structural Inspection,"Scaffolding tubes for Roof Access Ladder were stored untidily, causing a minor trip hazard during Structural Inspection.",0,0.11,Work at Height,Work at Height,None,None,Roof Access Ladder,Minor injury,None,,Low
REP-18D01306,2021-02-11,Station Foxtrot,Main Workshop,Near Miss,Lifting,"During Lifting, a piece of non-tensioned wire from Excavator was left on the floor.",0,0.15,Line of Fire,Line of Fire,None,None,Excavator,Minor injury,None,,Low
REP-84FFEB69,2023-03-04,Refinery Delta,Pump Room,Near Miss,Inspection,"The tag for Pump P-204 was faded during Inspection. No Steam leak was present, but tag needs replacement.",0,0.16,Energy Isolation,Energy Isolation,None,None,Pump P-204,Minor injury,None,,Low
REP-825A80BE,2020-06-28,Terminal Echo,Control Room,Unsafe Condition,Contractor Work,Permit for Contractor Work at Utility Area had a minor spelling mistake in the supervisor's name.,0,0.32,Work Authorization,Work Authorization,None,None,Utility Area,Minor injury,None,,Low
REP-093BEC94,2022-12-16,Station Foxtrot,Storage Tank A,Unsafe Act,System Maintenance,"Screen on Shutdown Valve SDV-1 was dirty, making it hard to read during System Maintenance.",0,0.14,Bypassing Safety Controls,Bypassing Safety Controls,None,None,Shutdown Valve SDV-1,Minor injury,None,,Low
REP-66BF42A1,2021-10-30,Terminal Echo,Control Room,Unsafe Condition,Crane Lifting,The horn on Chain Block sounded a bit quiet during Crane Lifting.,0,0.24,Safe Mechanical Lifting,Safe Mechanical Lifting,None,None,Chain Block,Minor injury,None,,Low
REP-9198CA5A,2020-03-21,Facility Bravo,Pipe Rack 2,Near Miss,Grinding,Fire extinguisher near Angle Grinder for Grinding was due for monthly inspection next week.,0,0.38,Hot Work,Hot Work,None,None,Angle Grinder,Minor injury,None,,Low
REP-7B763C52,2020-02-25,Facility Bravo,Control Room,Unsafe Act,Torch Cutting,Welder doing Torch Cutting with Angle Grinder had untucked coveralls.,0,0.31,Hot Work,Hot Work,None,None,Angle Grinder,Minor injury,None,,Low
REP-7378EA78,2023-04-23,Site Alpha,Deck 3,Unsafe Condition,Process Operation,Indicator bulb on Shutdown Valve SDV-1 was burnt out during Process Operation.,0,0.31,Bypassing Safety Controls,Bypassing Safety Controls,None,None,Shutdown Valve SDV-1,Minor injury,None,,Low
REP-509AD280,2021-03-06,Site Alpha,Pipe Rack 2,Near Miss,Transporting Personnel,Driver doing Transporting Personnel in Vacuum Truck parked slightly outside the designated lines.,0,0.17,Driving,Driving,None,None,Vacuum Truck,Minor injury,None,,Low
REP-9D2B3737,2021-09-26,Site Alpha,Storage Tank A,Near Miss,Transporting Personnel,Driver doing Transporting Personnel in Forklift parked slightly outside the designated lines.,0,0.15,Driving,Driving,None,None,Forklift,Minor injury,None,,Low
REP-3146CB61,2020-01-19,Facility Bravo,Pipe Rack 2,Unsafe Condition,Roof Repair,Worker observed performing Roof Repair on Roof Access Ladder at 15 meters. It was noted that No barricade below. A Fall from height could have resulted in a fatality.,1,0.95,Work at Height,Work at Height,Fall from height,No barricade below,Roof Access Ladder,Multiple fractures,Property Damage,missing fall protection|working aloft,Medium
REP-C460FB13,2023-10-01,Facility Bravo,Drilling Floor,Unsafe Act,General Maintenance,"During a walkaround, found personnel doing General Maintenance on Process Module 4. JSA not discussed meant they had no controls for Uncontrolled work.",1,0.75,Work Authorization,Work Authorization,Uncontrolled work,JSA not discussed,Process Module 4,Process incident,Property Damage,inadequate planning|unauthorized work,Medium
REP-4EED31D0,2021-11-10,Site Alpha,Control Room,Unsafe Act,Pipefitting,"Noticed Compressor C-10 had a minor weep during Pipefitting. LOTO was applied correctly, but cleanup was delayed.",0,0.32,Energy Isolation,Energy Isolation,None,None,Compressor C-10,Minor injury,None,,Low
REP-50CAC006,2020-05-15,Site Alpha,Control Room,Incident,Grinding,"Worker performing Grinding on Winch W-2 had their hands slightly close to a rough edge, causing a minor scratch.",0,0.05,Line of Fire,Line of Fire,None,None,Winch W-2,Minor injury,None,,Low
REP-108EDBE7,2022-01-18,Terminal Echo,Deck 3,Incident,Heavy Haulage,Driver doing Heavy Haulage in Vacuum Truck parked slightly outside the designated lines.,0,0.27,Driving,Driving,None,None,Vacuum Truck,Minor injury,None,,Low
REP-835DE7C7,2023-06-13,Site Alpha,Loading Bay,Unsafe Condition,Tank Cleaning,"Worker doing Tank Cleaning in Separator V-10 complained about poor lighting, though gas levels were normal.",0,0.12,Confined Space,Confined Space,None,None,Separator V-10,Minor injury,None,,Low
REP-D5CDABC7,2020-03-11,Station Foxtrot,Storage Tank A,Unsafe Act,Hoisting,Operator of Chain Block during Hoisting forgot his safety glasses but was in an enclosed cab.,0,0.37,Safe Mechanical Lifting,Safe Mechanical Lifting,None,None,Chain Block,Minor injury,None,,Low
REP-F57DA729,2021-01-19,Station Foxtrot,Storage Tank A,Incident,Lifting,"During Lifting, a piece of non-tensioned wire from Hydraulic Torque Wrench was left on the floor.",0,0.34,Line of Fire,Line of Fire,None,None,Hydraulic Torque Wrench,Minor injury,None,,Low
REP-74D3AF77,2022-09-25,Terminal Echo,Control Room,Unsafe Act,Non-routine Task,Permit for Non-routine Task at Utility Area had a minor spelling mistake in the supervisor's name.,0,0.11,Work Authorization,Work Authorization,None,None,Utility Area,Minor injury,None,,Low
REP-BE25C02A,2020-09-03,Terminal Echo,Main Workshop,Unsafe Condition,Torch Cutting,The welding lead for Welding Machine W-1 was slightly tangled during Torch Cutting.,0,0.33,Hot Work,Hot Work|Line of Fire,None,None,Welding Machine W-1,Minor injury,None,,Low
REP-729F8E36,2020-02-04,Facility Bravo,Drilling Floor,Unsafe Condition,Rigging,Operator of Chain Block during Rigging forgot his safety glasses but was in an enclosed cab.,0,0.1,Safe Mechanical Lifting,Safe Mechanical Lifting,None,None,Chain Block,Minor injury,None,,Low
REP-A8B77353,2020-12-05,Station Foxtrot,Loading Bay,Unsafe Condition,Transporting Personnel,The Light Vehicle was slightly dirty during Transporting Personnel.,0,0.05,Driving,Driving,None,None,Light Vehicle,Minor injury,None,,Low
REP-78A80EA1,2021-09-06,Site Alpha,Deck 3,Near Miss,Process Operation,Operator logged Process Operation for Fire & Gas Panel in the wrong logbook.,0,0.14,Bypassing Safety Controls,Bypassing Safety Controls,None,None,Fire & Gas Panel,Minor injury,None,,Low
REP-9C48CA91,2023-08-16,Refinery Delta,Storage Tank A,Unsafe Condition,Forklift Operation,Paint on Mobile Crane used for Forklift Operation is peeling off.,0,0.32,Safe Mechanical Lifting,Safe Mechanical Lifting,None,None,Mobile Crane,Minor injury,None,,Low
REP-575F7F6D,2020-01-23,Station Foxtrot,Deck 3,Near Miss,Welding,"During Welding with Angle Grinder, Fire watcher absent allowed slag to ignite a small fire. Severe burns potential was extremely high.",1,0.74,Hot Work,Hot Work,Severe burns,Fire watcher absent,Angle Grinder,Facility explosion,First Aid,flammable atmosphere|ignition source,High
REP-84FF57CD,2021-06-07,Site Alpha,Control Room,Incident,General Maintenance,Permit for General Maintenance at Camp Facility had a minor spelling mistake in the supervisor's name.,0,0.16,Work Authorization,Work Authorization,None,None,Camp Facility,Minor injury,None,,Low
REP-64E6AD29,2023-12-07,Refinery Delta,Storage Tank A,Unsafe Act,Contractor Work,Worker doing Contractor Work at Workshop did not sign the permit exactly on the line.,0,0.2,Work Authorization,Work Authorization,None,None,Workshop,Minor injury,None,,Low
REP-3ACBED07,2022-09-21,Facility Bravo,Control Room,Unsafe Condition,Hoisting,The horn on Overhead Gantry sounded a bit quiet during Hoisting.,0,0.05,Safe Mechanical Lifting,Safe Mechanical Lifting,None,None,Overhead Gantry,Minor injury,None,,Low
REP-9BDF041D,2021-05-03,Platform Charlie,Storage Tank A,Incident,Crane Lifting,The horn on Chain Block sounded a bit quiet during Crane Lifting.,0,0.06,Safe Mechanical Lifting,Safe Mechanical Lifting,None,None,Chain Block,Minor injury,None,,Low
REP-E504B8BD,2020-02-19,Station Foxtrot,Drilling Floor,Unsafe Act,Repair,"Noticed Valve V-99 had a minor weep during Repair. LOTO was applied correctly, but cleanup was delayed.",0,0.23,Energy Isolation,Energy Isolation,None,None,Valve V-99,Minor injury,None,,Low
REP-CDF14453,2021-10-26,Refinery Delta,Main Workshop,Unsafe Condition,Process Operation,Operator logged Process Operation for Shutdown Valve SDV-1 in the wrong logbook.,0,0.32,Bypassing Safety Controls,Bypassing Safety Controls,None,None,Shutdown Valve SDV-1,Minor injury,None,,Low
REP-549437A0,2021-09-18,Site Alpha,Deck 3,Incident,Site Patrol,"A safety camera caught Forklift engaged in Site Patrol. The footage revealed Seatbelt not worn, which is a precursor to Pedestrian impact.",1,0.86,Driving,Driving,Pedestrian impact,Seatbelt not worn,Forklift,Severe whiplash,First Aid,poor road conditions|distracted driving,Medium
REP-D974FFC0,2022-01-10,Facility Bravo,Boiler Area,Near Miss,Non-routine Task,JSA for Non-routine Task near Workshop was printed on crumpled paper.,0,0.32,Work Authorization,Work Authorization,None,None,Workshop,Minor injury,None,,Low
REP-C7DDA119,2020-10-25,Station Foxtrot,Drilling Floor,Near Miss,Vessel Welding,"Prior to Vessel Welding in Underground Sump, it was discovered that Attendant absent. This could have led to Engulfment and potential fatality.",1,0.73,Confined Space,Confined Space,Engulfment,Attendant absent,Underground Sump,Fatality due to toxic gas,First Aid,restricted access|deep excavation,High
REP-8A887904,2021-07-14,Site Alpha,Control Room,Unsafe Condition,Process Operation,"Screen on Fire & Gas Panel was dirty, making it hard to read during Process Operation.",0,0.07,Bypassing Safety Controls,Bypassing Safety Controls,None,None,Fire & Gas Panel,Minor injury,None,,Low
REP-CC6F2514,2022-04-28,Terminal Echo,Pipe Rack 2,Unsafe Condition,Tank Cleaning,"Worker doing Tank Cleaning in Separator V-10 complained about poor lighting, though gas levels were normal.",0,0.34,Confined Space,Confined Space|Safe Mechanical Lifting,None,None,Separator V-10,Minor injury,None,,Low
REP-17018EC1,2021-04-25,Platform Charlie,Pipe Rack 2,Near Miss,Heavy Haulage,Driver doing Heavy Haulage in Light Vehicle parked slightly outside the designated lines.,0,0.15,Driving,Driving,None,None,Light Vehicle,Minor injury,None,,Low
REP-CDF107BB,2021-07-05,Terminal Echo,Pump Room,Incident,Torquing,"Torquing was being performed. Standing in pinch point allowed personnel to walk directly under Hydraulic Torque Wrench, posing a severe High pressure release.",1,0.8,Line of Fire,Line of Fire,High pressure release,Standing in pinch point,Hydraulic Torque Wrench,Severe lacerations,First Aid,tensioned line|suspended load,Medium
REP-9BB04C7B,2020-10-29,Site Alpha,Drilling Floor,Unsafe Act,Non-routine Task,JSA for Non-routine Task near Camp Facility was printed on crumpled paper.,0,0.35,Work Authorization,Work Authorization,None,None,Camp Facility,Minor injury,None,,Low
REP-9E9C9F40,2021-09-26,Terminal Echo,Main Workshop,Near Miss,Hoisting,The horn on Mobile Crane sounded a bit quiet during Hoisting.,0,0.27,Safe Mechanical Lifting,Safe Mechanical Lifting,None,None,Mobile Crane,Minor injury,None,,Low
REP-E8062270,2020-11-26,Station Foxtrot,Loading Bay,Unsafe Condition,Heavy Haulage,"A safety camera caught Vacuum Truck engaged in Heavy Haulage. The footage revealed Speeding, which is a precursor to Pedestrian impact.",1,0.72,Driving,Driving|Hot Work,Pedestrian impact,Speeding,Vacuum Truck,Crush injuries to pedestrian,Property Damage,high speed|heavy vehicle interaction,High
REP-0B0C7902,2022-08-29,Facility Bravo,Drilling Floor,Unsafe Condition,Pressure Testing,"During Pressure Testing, a piece of non-tensioned wire from Winch W-2 was left on the floor.",0,0.16,Line of Fire,Line of Fire|Work Authorization,None,None,Winch W-2,Minor injury,None,,Low
REP-9CD3F13F,2022-07-14,Site Alpha,Pipe Rack 2,Near Miss,Grinding,"Grinding was started on Pipe Spool P-10 near a live process area. Sparks falling to lower deck was observed, posing a massive risk of Severe burns.",1,0.8,Hot Work,Hot Work,Severe burns,Sparks falling to lower deck,Pipe Spool P-10,Major fire,First Aid,hydrocarbon presence|ignition source,Medium
REP-DE668900,2023-03-09,Terminal Echo,Drilling Floor,Unsafe Act,Maintenance,"During Maintenance of Electrical Panel EP-5, the technician started loosening the flange while the line was still pressurized. Isolation valve was closed but Isolation valve leaking. Pressurized hydrocarbon release occurred. No injury occurred but potential was high.",1,0.79,Energy Isolation,Energy Isolation,Pressurized hydrocarbon release,Isolation valve leaking,Electrical Panel EP-5,"Fire, serious injury or fatal exposure",None,toxic fluid|stored energy,High
REP-62386845,2023-12-17,Facility Bravo,Pipe Rack 2,Unsafe Condition,Vessel Welding,The entry log for Reactor R-5 during Vessel Welding was smudged with dirt.,0,0.36,Confined Space,Confined Space|Line of Fire,None,None,Reactor R-5,Minor injury,None,,Low
REP-6CEF13A2,2022-11-27,Facility Bravo,Deck 3,Incident,General Maintenance,Worker doing General Maintenance at Process Module 4 did not sign the permit exactly on the line.,0,0.08,Work Authorization,Work Authorization,None,None,Process Module 4,Minor injury,None,,Low
REP-850D1805,2022-10-02,Facility Bravo,Storage Tank A,Unsafe Act,Trenching,"During Trenching, Excavator failed unexpectedly. Because Safety pin removed, the worker was exposed to Caught between objects. Fortunately, the worker jumped back in time.",1,0.77,Line of Fire,Line of Fire,Caught between objects,Safety pin removed,Excavator,Severe lacerations,None,tensioned line|pressure test,Medium
REP-AD471613,2021-10-18,Facility Bravo,Control Room,Unsafe Condition,Non-routine Task,Worker doing Non-routine Task at Process Module 4 did not sign the permit exactly on the line.,0,0.09,Work Authorization,Work Authorization,None,None,Process Module 4,Minor injury,None,,Low
REP-BE262E20,2021-09-18,Refinery Delta,Main Workshop,Unsafe Act,System Maintenance,Operator logged System Maintenance for Shutdown Valve SDV-1 in the wrong logbook.,0,0.25,Bypassing Safety Controls,Bypassing Safety Controls|Work at Height,None,None,Shutdown Valve SDV-1,Minor injury,None,,Low
REP-B42971C4,2022-02-27,Facility Bravo,Drilling Floor,Unsafe Act,Inspection,"Noticed Pump P-204 had a minor weep during Inspection. LOTO was applied correctly, but cleanup was delayed.",0,0.39,Energy Isolation,Energy Isolation,None,None,Pump P-204,Minor injury,None,,Low
REP-3149B191,2021-02-20,Refinery Delta,Loading Bay,Unsafe Act,Alarm Testing,Operator logged Alarm Testing for Pressure Safety Valve PSV-90 in the wrong logbook.,0,0.04,Bypassing Safety Controls,Bypassing Safety Controls|Line of Fire,None,None,Pressure Safety Valve PSV-90,Minor injury,None,,Low
REP-6D7EBB4D,2020-04-01,Facility Bravo,Boiler Area,Unsafe Condition,Process Operation,Operator engaged in Process Operation admitted to bypassing safety logic on DCS System. Interlock bridged is a severe breach leading to Loss of containment.,1,0.94,Bypassing Safety Controls,Bypassing Safety Controls,Loss of containment,Interlock bridged,DCS System,Major explosion,First Aid,ignored alarm|disabled safety device,High
REP-52A66630,2021-01-23,Refinery Delta,Main Workshop,Unsafe Act,Rigging,Paint on Overhead Gantry used for Rigging is peeling off.,0,0.12,Safe Mechanical Lifting,Safe Mechanical Lifting,None,None,Overhead Gantry,Minor injury,None,,Low
REP-53D46F60,2023-01-04,Platform Charlie,Boiler Area,Near Miss,Process Operation,Operator logged Process Operation for Shutdown Valve SDV-1 in the wrong logbook.,0,0.04,Bypassing Safety Controls,Bypassing Safety Controls,None,None,Shutdown Valve SDV-1,Minor injury,None,,Low
REP-33F49142,2022-10-16,Facility Bravo,Boiler Area,Unsafe Act,System Maintenance,Indicator bulb on Fire & Gas Panel was burnt out during System Maintenance.,0,0.23,Bypassing Safety Controls,Bypassing Safety Controls,None,None,Fire & Gas Panel,Minor injury,None,,Low
REP-F5A5F8D4,2020-10-19,Refinery Delta,Pump Room,Unsafe Condition,Scaffolding,"During Scaffolding, worker used the correct harness but the inspection log was not filled in for Crane C-1.",0,0.15,Work at Height,Work at Height|Line of Fire,None,None,Crane C-1,Minor injury,None,,Low
REP-8A76A831,2020-04-25,Refinery Delta,Storage Tank A,Unsafe Condition,Welding,Welder doing Welding with Welding Machine W-1 had untucked coveralls.,0,0.36,Hot Work,Hot Work,None,None,Welding Machine W-1,Minor injury,None,,Low
REP-94D8A6D1,2021-05-18,Terminal Echo,Pipe Rack 2,Near Miss,Transporting Personnel,Driver doing Transporting Personnel in Vacuum Truck parked slightly outside the designated lines.,0,0.04,Driving,Driving,None,None,Vacuum Truck,Minor injury,None,,Low
REP-5E9AE6EB,2021-10-20,Platform Charlie,Pump Room,Unsafe Condition,Trenching,Barricade tape for Trenching near Excavator was blown down by the wind. No operations were ongoing.,0,0.29,Line of Fire,Line of Fire,None,None,Excavator,Minor injury,None,,Low
REP-7F2E43B3,2023-01-22,Site Alpha,Pump Room,Incident,Tank Cleaning,Tools used for Tank Cleaning in Reactor R-5 were left outside the entrance untidily.,0,0.02,Confined Space,Confined Space,None,None,Reactor R-5,Minor injury,None,,Low
REP-909E4717,2020-11-09,Refinery Delta,Pipe Rack 2,Near Miss,System Maintenance,"Screen on Shutdown Valve SDV-1 was dirty, making it hard to read during System Maintenance.",0,0.19,Bypassing Safety Controls,Bypassing Safety Controls,None,None,Shutdown Valve SDV-1,Minor injury,None,,Low
REP-B08F8A89,2023-01-13,Facility Bravo,Storage Tank A,Unsafe Condition,Forklift Operation,"During Forklift Operation using Chain Block, the load began to swing wildly. Damaged slings used caused a loss of control, resulting in Swinging load.",1,0.71,Safe Mechanical Lifting,Safe Mechanical Lifting,Swinging load,Damaged slings used,Chain Block,Structural collapse,Property Damage,dynamic loading|heavy lifting,High
REP-D6AD570B,2021-10-29,Station Foxtrot,Storage Tank A,Unsafe Condition,Grinding,The welding lead for Pipe Spool P-10 was slightly tangled during Grinding.,0,0.15,Hot Work,Hot Work,None,None,Pipe Spool P-10,Minor injury,None,,Low
REP-F27AD997,2022-04-16,Platform Charlie,Main Workshop,Unsafe Condition,Tank Cleaning,Tools used for Tank Cleaning in Separator V-10 were left outside the entrance untidily.,0,0.35,Confined Space,Confined Space,None,None,Separator V-10,Minor injury,None,,Low
REP-1DF1E6AE,2022-11-25,Refinery Delta,Boiler Area,Incident,General Maintenance,Permit for General Maintenance at Camp Facility had a minor spelling mistake in the supervisor's name.,0,0.27,Work Authorization,Work Authorization,None,None,Camp Facility,Minor injury,None,,Low
REP-6114D88A,2020-09-24,Refinery Delta,Drilling Floor,Unsafe Act,Internal Inspection,Worker entered Separator V-10 for Internal Inspection. Suddenly the alarm sounded. Attendant absent meant the worker was exposed to Engulfment.,1,0.79,Confined Space,Confined Space,Engulfment,Attendant absent,Separator V-10,Loss of consciousness,Property Damage,hazardous atmosphere|restricted access,Medium
REP-754E2434,2021-03-12,Platform Charlie,Deck 3,Near Miss,Scaffolding,Worker's chin strap on helmet was loose during Scaffolding on Scaffold Tower B.,0,0.3,Work at Height,Work at Height,None,None,Scaffold Tower B,Minor injury,None,,Low
REP-2A5005CB,2022-12-26,Terminal Echo,Storage Tank A,Unsafe Condition,Soldering,Welder doing Soldering with Pipe Spool P-10 had untucked coveralls.,0,0.17,Hot Work,Hot Work,None,None,Pipe Spool P-10,Minor injury,None,,Low
REP-EA150195,2020-10-04,Refinery Delta,Control Room,Incident,Non-routine Task,Permit for Non-routine Task at Utility Area had a minor spelling mistake in the supervisor's name.,0,0.3,Work Authorization,Work Authorization,None,None,Utility Area,Minor injury,None,,Low
REP-3EF9B25B,2021-11-26,Site Alpha,Drilling Floor,Unsafe Act,Repair,"The tag for Valve V-99 was faded during Repair. No H2S exposure was present, but tag needs replacement.",0,0.23,Energy Isolation,Energy Isolation,None,None,Valve V-99,Minor injury,None,,Low
REP-C3AD00F9,2023-06-27,Terminal Echo,Storage Tank A,Unsafe Condition,Rigging,A heavy skid was being moved during Rigging. Damaged slings used led to a near miss involving Dropped suspended load near Forklift F-3.,1,0.99,Safe Mechanical Lifting,Safe Mechanical Lifting,Dropped suspended load,Damaged slings used,Forklift F-3,Multiple serious injuries,None,suspended load|heavy lifting,High
REP-BBE5025E,2021-06-22,Refinery Delta,Storage Tank A,Near Miss,Forklift Operation,The horn on Overhead Gantry sounded a bit quiet during Forklift Operation.,0,0.28,Safe Mechanical Lifting,Safe Mechanical Lifting,None,None,Overhead Gantry,Minor injury,None,,Low
REP-A2F4F5CB,2022-08-20,Refinery Delta,Storage Tank A,Unsafe Act,Non-routine Task,Critical Non-routine Task on Process Module 4 proceeded despite PTW not issued. This breakdown in authorization risked Simultaneous operations clash.,1,0.71,Work Authorization,Work Authorization,Simultaneous operations clash,PTW not issued,Process Module 4,Serious injury due to lack of hazard awareness,None,unauthorized work|simops,High
REP-143BA788,2021-01-30,Refinery Delta,Main Workshop,Near Miss,Rigging,Operator of Overhead Gantry during Rigging forgot his safety glasses but was in an enclosed cab.,0,0.11,Safe Mechanical Lifting,Safe Mechanical Lifting,None,None,Overhead Gantry,Minor injury,None,,Low
REP-ECD6F8D5,2023-03-17,Facility Bravo,Deck 3,Unsafe Act,Non-routine Task,"Crew commenced Non-routine Task at Process Module 4 but Wrong permit type. Unaware of SIMOPS, they were exposed to Uncontrolled work.",1,0.75,Work Authorization,Work Authorization|Line of Fire,Uncontrolled work,Wrong permit type,Process Module 4,Serious injury due to lack of hazard awareness,None,unauthorized work|inadequate planning,Medium
REP-4DACF77B,2020-06-15,Facility Bravo,Deck 3,Unsafe Act,Repair,"While inspecting Heat Exchanger HX-2, Pressurized hydrocarbon release was narrowly avoided because Isolation valve leaking.",1,0.74,Energy Isolation,Energy Isolation,Pressurized hydrocarbon release,Isolation valve leaking,Heat Exchanger HX-2,Asphyxiation,None,pressurized equipment|stored energy,Medium
REP-1AF2E162,2023-12-17,Facility Bravo,Control Room,Near Miss,Tank Cleaning,"Prior to Tank Cleaning in Storage Tank A, it was discovered that Rescue plan inadequate. This could have led to Toxic atmosphere and potential fatality.",1,0.91,Confined Space,Confined Space,Toxic atmosphere,Rescue plan inadequate,Storage Tank A,Fatality due to toxic gas,Property Damage,hazardous atmosphere|deep excavation,High
REP-A439626C,2023-03-24,Facility Bravo,Deck 3,Unsafe Act,Pipefitting,"Noticed Compressor C-10 had a minor weep during Pipefitting. LOTO was applied correctly, but cleanup was delayed.",0,0.35,Energy Isolation,Energy Isolation,None,None,Compressor C-10,Minor injury,None,,Low
REP-6592A07B,2021-05-08,Terminal Echo,Pump Room,Near Miss,Grinding,"During Grinding with Angle Grinder, Gas test expired allowed slag to ignite a small fire. Toxic fumes potential was extremely high.",1,0.77,Hot Work,Hot Work,Toxic fumes,Gas test expired,Angle Grinder,Fatal burns,Property Damage,sparks|ignition source,High
REP-FA9E96E4,2022-07-02,Site Alpha,Deck 3,Near Miss,Lifting,"Worker performing Lifting on Winch W-2 had their hands slightly close to a rough edge, causing a minor scratch.",0,0.27,Line of Fire,Line of Fire,None,None,Winch W-2,Minor injury,None,,Low
REP-B5C0EC4E,2022-09-28,Platform Charlie,Pipe Rack 2,Unsafe Condition,Welding,The welding lead for Oxy-Acetylene Torch was slightly tangled during Welding.,0,0.13,Hot Work,Hot Work,None,None,Oxy-Acetylene Torch,Minor injury,None,,Low
REP-F4BD88D7,2022-02-28,Refinery Delta,Pump Room,Unsafe Condition,Lifting,"During Lifting, Excavator failed unexpectedly. Because Tension line snapped, the worker was exposed to Caught between objects. Fortunately, the worker jumped back in time.",1,0.83,Line of Fire,Line of Fire,Caught between objects,Tension line snapped,Excavator,Severe lacerations,Property Damage,pinch point|pressure test,Medium
REP-2A9DFEA1,2021-03-20,Site Alpha,Pump Room,Incident,Alarm Testing,"Screen on Pressure Safety Valve PSV-90 was dirty, making it hard to read during Alarm Testing.",0,0.38,Bypassing Safety Controls,Bypassing Safety Controls,None,None,Pressure Safety Valve PSV-90,Minor injury,None,,Low
REP-353369C8,2022-10-19,Refinery Delta,Storage Tank A,Unsafe Condition,Hoisting,The horn on Forklift F-3 sounded a bit quiet during Hoisting.,0,0.2,Safe Mechanical Lifting,Safe Mechanical Lifting,None,None,Forklift F-3,Minor injury,None,,Low
REP-2EA14009,2021-03-19,Refinery Delta,Control Room,Unsafe Act,Repair,"The tag for Pump P-204 was faded during Repair. No Pressurized hydrocarbon release was present, but tag needs replacement.",0,0.38,Energy Isolation,Energy Isolation,None,None,Pump P-204,Minor injury,None,,Low
REP-9139E7B7,2023-11-11,Facility Bravo,Drilling Floor,Incident,Torquing,"During Torquing, a piece of non-tensioned wire from Excavator was left on the floor.",0,0.29,Line of Fire,Line of Fire,None,None,Excavator,Minor injury,None,,Low
REP-423D3D5F,2021-11-09,Station Foxtrot,Loading Bay,Unsafe Condition,Contractor Work,"During a walkaround, found personnel doing Contractor Work on Camp Facility. JSA not discussed meant they had no controls for Unidentified hazards.",1,0.93,Work Authorization,Work Authorization,Unidentified hazards,JSA not discussed,Camp Facility,Process incident,Property Damage,simops|inadequate planning,High
REP-D7EEAF59,2022-02-25,Facility Bravo,Drilling Floor,Unsafe Act,Vessel Welding,Tools used for Vessel Welding in Separator V-10 were left outside the entrance untidily.,0,0.35,Confined Space,Confined Space,None,None,Separator V-10,Minor injury,None,,Low
REP-B759B6D4,2020-04-30,Refinery Delta,Loading Bay,Unsafe Condition,Non-routine Task,Permit for Non-routine Task at Utility Area had a minor spelling mistake in the supervisor's name.,0,0.15,Work Authorization,Work Authorization,None,None,Utility Area,Minor injury,None,,Low
REP-4272921F,2023-08-15,Facility Bravo,Deck 3,Near Miss,Torch Cutting,Fire extinguisher near Pipe Spool P-10 for Torch Cutting was due for monthly inspection next week.,0,0.09,Hot Work,Hot Work,None,None,Pipe Spool P-10,Minor injury,None,,Low
REP-1BC0BD0A,2021-08-29,Site Alpha,Pump Room,Incident,Vessel Welding,"Worker doing Vessel Welding in Underground Sump complained about poor lighting, though gas levels were normal.",0,0.09,Confined Space,Confined Space,None,None,Underground Sump,Minor injury,None,,Low
REP-3AD1CCD0,2023-05-27,Refinery Delta,Main Workshop,Unsafe Condition,General Maintenance,"During a walkaround, found personnel doing General Maintenance on Camp Facility. Expired permit meant they had no controls for Uncontrolled work.",1,0.83,Work Authorization,Work Authorization,Uncontrolled work,Expired permit,Camp Facility,Serious injury due to lack of hazard awareness,Property Damage,simops|unauthorized work,Medium
REP-2E1841A0,2020-02-22,Station Foxtrot,Storage Tank A,Near Miss,Welding,Fire extinguisher near Welding Machine W-1 for Welding was due for monthly inspection next week.,0,0.16,Hot Work,Hot Work,None,None,Welding Machine W-1,Minor injury,None,,Low
REP-23984075,2020-07-28,Terminal Echo,Boiler Area,Unsafe Condition,Welding,Welder doing Welding with Oxy-Acetylene Torch had untucked coveralls.,0,0.06,Hot Work,Hot Work|Line of Fire,None,None,Oxy-Acetylene Torch,Minor injury,None,,Low
REP-E12E8251,2022-03-21,Station Foxtrot,Boiler Area,Unsafe Act,Torch Cutting,"A contractor began Torch Cutting using Oxy-Acetylene Torch. A safety walk discovered Sparks falling to lower deck, immediately stopping work due to Fire risk.",1,0.72,Hot Work,Hot Work,Fire,Sparks falling to lower deck,Oxy-Acetylene Torch,Facility explosion,Property Damage,hydrocarbon presence|flammable atmosphere,High
REP-8E83AF03,2020-03-27,Site Alpha,Loading Bay,Unsafe Condition,General Maintenance,Worker doing General Maintenance at Process Module 4 did not sign the permit exactly on the line.,0,0.1,Work Authorization,Work Authorization|Energy Isolation,None,None,Process Module 4,Minor injury,None,,Low
REP-C54969DF,2022-04-29,Terminal Echo,Deck 3,Unsafe Act,Trenching,Barricade tape for Trenching near Excavator was blown down by the wind. No operations were ongoing.,0,0.29,Line of Fire,Line of Fire|Hot Work,None,None,Excavator,Minor injury,None,,Low
REP-819E10EE,2021-03-11,Facility Bravo,Pipe Rack 2,Unsafe Act,Inspection,"While inspecting Compressor C-10, H2S exposure was narrowly avoided because Padlock missing.",1,0.96,Energy Isolation,Energy Isolation,H2S exposure,Padlock missing,Compressor C-10,"Fire, serious injury or fatal exposure",First Aid,stored energy|pressurized equipment,Medium
REP-8374E7BB,2021-06-17,Refinery Delta,Deck 3,Near Miss,Hoisting,The horn on Overhead Gantry sounded a bit quiet during Hoisting.,0,0.14,Safe Mechanical Lifting,Safe Mechanical Lifting,None,None,Overhead Gantry,Minor injury,None,,Low
REP-17318857,2021-09-03,Station Foxtrot,Loading Bay,Near Miss,Non-routine Task,Worker doing Non-routine Task at Camp Facility did not sign the permit exactly on the line.,0,0.3,Work Authorization,Work Authorization|Work at Height,None,None,Camp Facility,Minor injury,None,,Low
REP-ACD2A842,2022-03-06,Station Foxtrot,Drilling Floor,Incident,Inspection,"While preparing for Inspection on Heat Exchanger HX-2, found that the lock for LOTO was slightly rusted, making it hard to use.",0,0.09,Energy Isolation,Energy Isolation,None,None,Heat Exchanger HX-2,Minor injury,None,,Low
REP-DB48BFE0,2020-01-23,Platform Charlie,Pump Room,Near Miss,Grinding,Barricade tape for Grinding near High Pressure Hose was blown down by the wind. No operations were ongoing.,0,0.03,Line of Fire,Line of Fire,None,None,High Pressure Hose,Minor injury,None,,Low
REP-8F1BDD7A,2020-02-15,Platform Charlie,Pump Room,Unsafe Act,Lifting,"During Lifting, a piece of non-tensioned wire from Winch W-2 was left on the floor.",0,0.17,Line of Fire,Line of Fire,None,None,Winch W-2,Minor injury,None,,Low
REP-579F0BE4,2023-04-02,Station Foxtrot,Pipe Rack 2,Near Miss,Rigging,Operator of Forklift F-3 during Rigging forgot his safety glasses but was in an enclosed cab.,0,0.1,Safe Mechanical Lifting,Safe Mechanical Lifting,None,None,Forklift F-3,Minor injury,None,,Low
REP-A64A3C0C,2022-08-11,Refinery Delta,Boiler Area,Unsafe Act,General Maintenance,JSA for General Maintenance near Workshop was printed on crumpled paper.,0,0.18,Work Authorization,Work Authorization,None,None,Workshop,Minor injury,None,,Low
REP-16307652,2022-07-06,Site Alpha,Pump Room,Incident,Maintenance,"Noticed Electrical Panel EP-5 had a minor weep during Maintenance. LOTO was applied correctly, but cleanup was delayed.",0,0.1,Energy Isolation,Energy Isolation,None,None,Electrical Panel EP-5,Minor injury,None,,Low
REP-E800434C,2023-09-10,Platform Charlie,Pipe Rack 2,Unsafe Condition,General Maintenance,Worker doing General Maintenance at Process Module 4 did not sign the permit exactly on the line.,0,0.07,Work Authorization,Work Authorization,None,None,Process Module 4,Minor injury,None,,Low
REP-38BB8CE1,2022-10-09,Station Foxtrot,Pipe Rack 2,Incident,Soldering,Fire extinguisher near Angle Grinder for Soldering was due for monthly inspection next week.,0,0.3,Hot Work,Hot Work,None,None,Angle Grinder,Minor injury,None,,Low
REP-FAE7800C,2020-03-28,Platform Charlie,Pipe Rack 2,Unsafe Condition,Process Operation,"Screen on Fire & Gas Panel was dirty, making it hard to read during Process Operation.",0,0.07,Bypassing Safety Controls,Bypassing Safety Controls,None,None,Fire & Gas Panel,Minor injury,None,,Low
REP-2CD21670,2022-11-30,Site Alpha,Pump Room,Near Miss,Material Delivery,Radio in Light Vehicle was left on high volume after Material Delivery.,0,0.22,Driving,Driving,None,None,Light Vehicle,Minor injury,None,,Low
REP-9F6F57CD,2022-03-15,Facility Bravo,Drilling Floor,Incident,Pressure Testing,Barricade tape for Pressure Testing near Excavator was blown down by the wind. No operations were ongoing.,0,0.27,Line of Fire,Line of Fire,None,None,Excavator,Minor injury,None,,Low
REP-2891E358,2021-09-19,Facility Bravo,Storage Tank A,Near Miss,Painting,Worker's chin strap on helmet was loose during Painting on Roof Access Ladder.,0,0.28,Work at Height,Work at Height|Line of Fire,None,None,Roof Access Ladder,Minor injury,None,,Low
REP-B0CE8394,2021-06-03,Refinery Delta,Deck 3,Incident,Transporting Personnel,Radio in Vacuum Truck was left on high volume after Transporting Personnel.,0,0.04,Driving,Driving,None,None,Vacuum Truck,Minor injury,None,,Low
REP-B7C998DF,2023-07-24,Terminal Echo,Pump Room,Incident,Process Operation,"Screen on Fire & Gas Panel was dirty, making it hard to read during Process Operation.",0,0.37,Bypassing Safety Controls,Bypassing Safety Controls,None,None,Fire & Gas Panel,Minor injury,None,,Low
REP-188F4AB0,2023-04-17,Terminal Echo,Drilling Floor,Incident,Contractor Work,Permit for Contractor Work at Utility Area had a minor spelling mistake in the supervisor's name.,0,0.17,Work Authorization,Work Authorization,None,None,Utility Area,Minor injury,None,,Low
REP-2578C56F,2023-07-16,Site Alpha,Control Room,Incident,Process Operation,"Screen on Shutdown Valve SDV-1 was dirty, making it hard to read during Process Operation.",0,0.33,Bypassing Safety Controls,Bypassing Safety Controls,None,None,Shutdown Valve SDV-1,Minor injury,None,,Low
REP-43BF78C5,2020-01-22,Station Foxtrot,Boiler Area,Unsafe Act,Vessel Welding,Tools used for Vessel Welding in Reactor R-5 were left outside the entrance untidily.,0,0.17,Confined Space,Confined Space,None,None,Reactor R-5,Minor injury,None,,Low
REP-57D5C9E0,2022-11-24,Refinery Delta,Boiler Area,Incident,General Maintenance,Worker doing General Maintenance at Workshop did not sign the permit exactly on the line.,0,0.06,Work Authorization,Work Authorization,None,None,Workshop,Minor injury,None,,Low
REP-3DA376FA,2020-01-12,Refinery Delta,Boiler Area,Incident,Lifting,"During Lifting, a piece of non-tensioned wire from Excavator was left on the floor.",0,0.2,Line of Fire,Line of Fire,None,None,Excavator,Minor injury,None,,Low
REP-E08CB34A,2022-10-13,Platform Charlie,Storage Tank A,Unsafe Act,Pressure Testing,"While conducting Pressure Testing with Excavator, an IP stepped into the danger zone. Exclusion zone breached resulted in the worker being in the Line of Fire for Caught between objects.",1,0.74,Line of Fire,Line of Fire,Caught between objects,Exclusion zone breached,Excavator,Severe lacerations,First Aid,tensioned line|pressure test,Medium
REP-61A9401D,2023-09-23,Platform Charlie,Control Room,Incident,Welding,Welder doing Welding with Pipe Spool P-10 had untucked coveralls.,0,0.04,Hot Work,Hot Work,None,None,Pipe Spool P-10,Minor injury,None,,Low
REP-35EB322B,2022-02-03,Terminal Echo,Main Workshop,Incident,Tank Cleaning,Tools used for Tank Cleaning in Storage Tank A were left outside the entrance untidily.,0,0.4,Confined Space,Confined Space,None,None,Storage Tank A,Minor injury,None,,Low
REP-DED56ECC,2022-01-31,Site Alpha,Pipe Rack 2,Unsafe Act,Trenching,"While conducting Trenching with High Pressure Hose, an IP stepped into the danger zone. Safety pin removed resulted in the worker being in the Line of Fire for Struck by moving object.",1,0.92,Line of Fire,Line of Fire,Struck by moving object,Safety pin removed,High Pressure Hose,Crush injury,None,suspended load|moving machinery,High
REP-0121D6B9,2020-07-21,Facility Bravo,Storage Tank A,Unsafe Act,Crane Lifting,A heavy skid was being moved during Crane Lifting. Outriggers not extended led to a near miss involving Crane tip-over near Overhead Gantry.,1,0.84,Safe Mechanical Lifting,Safe Mechanical Lifting,Crane tip-over,Outriggers not extended,Overhead Gantry,Crush fatality,None,heavy lifting|suspended load,High
REP-ADF17E69,2022-04-12,Site Alpha,Storage Tank A,Unsafe Act,Trenching,"Trenching was being performed. Tension line snapped allowed personnel to walk directly under Hydraulic Torque Wrench, posing a severe Struck by moving object.",1,0.8,Line of Fire,Line of Fire,Struck by moving object,Tension line snapped,Hydraulic Torque Wrench,Crush injury,First Aid,suspended load|pinch point,Medium
REP-94D7445E,2022-11-09,Refinery Delta,Boiler Area,Unsafe Condition,Process Operation,Indicator bulb on Pressure Safety Valve PSV-90 was burnt out during Process Operation.,0,0.2,Bypassing Safety Controls,Bypassing Safety Controls,None,None,Pressure Safety Valve PSV-90,Minor injury,None,,Low
REP-19CA0248,2022-03-16,Platform Charlie,Control Room,Near Miss,Rigging,The horn on Mobile Crane sounded a bit quiet during Rigging.,0,0.15,Safe Mechanical Lifting,Safe Mechanical Lifting|Work at Height,None,None,Mobile Crane,Minor injury,None,,Low
REP-2440923C,2022-09-29,Platform Charlie,Pipe Rack 2,Unsafe Act,Site Patrol,Driver doing Site Patrol in Crew Bus parked slightly outside the designated lines.,0,0.05,Driving,Driving,None,None,Crew Bus,Minor injury,None,,Low
REP-85863A58,2021-11-17,Terminal Echo,Storage Tank A,Near Miss,Hoisting,Paint on Overhead Gantry used for Hoisting is peeling off.,0,0.08,Safe Mechanical Lifting,Safe Mechanical Lifting,None,None,Overhead Gantry,Minor injury,None,,Low
REP-0CCA86F2,2021-02-22,Refinery Delta,Pipe Rack 2,Unsafe Condition,Alarm Testing,"Screen on Pressure Safety Valve PSV-90 was dirty, making it hard to read during Alarm Testing.",0,0.23,Bypassing Safety Controls,Bypassing Safety Controls,None,None,Pressure Safety Valve PSV-90,Minor injury,None,,Low
REP-3423A4A1,2022-07-29,Terminal Echo,Drilling Floor,Unsafe Condition,Forklift Operation,"Forklift Operation was taking place with Forklift F-3. It was found that Damaged slings used, which is a severe violation that could result in Swinging load.",1,0.84,Safe Mechanical Lifting,Safe Mechanical Lifting,Swinging load,Damaged slings used,Forklift F-3,Multiple serious injuries,Property Damage,blind lift|suspended load,High
REP-B486A297,2023-02-01,Terminal Echo,Main Workshop,Incident,Structural Inspection,"Scaffolding tubes for Scaffold Tower B were stored untidily, causing a minor trip hazard during Structural Inspection.",0,0.37,Work at Height,Work at Height|Safe Mechanical Lifting,None,None,Scaffold Tower B,Minor injury,None,,Low
REP-1DD8E98F,2020-03-25,Site Alpha,Main Workshop,Unsafe Act,Pipefitting,"During Pipefitting of Valve V-99, the technician started loosening the flange while the line was still pressurized. Isolation valve was closed but LOTO not applied. H2S exposure occurred. No injury occurred but potential was high.",1,0.75,Energy Isolation,Energy Isolation,H2S exposure,LOTO not applied,Valve V-99,Asphyxiation,None,pressurized equipment|stored energy,High
REP-01C6C9FF,2023-07-02,Station Foxtrot,Main Workshop,Near Miss,Forklift Operation,The horn on Mobile Crane sounded a bit quiet during Forklift Operation.,0,0.14,Safe Mechanical Lifting,Safe Mechanical Lifting,None,None,Mobile Crane,Minor injury,None,,Low
REP-1A4694CB,2023-06-16,Site Alpha,Boiler Area,Unsafe Act,Tank Cleaning,"Worker doing Tank Cleaning in Underground Sump complained about poor lighting, though gas levels were normal.",0,0.09,Confined Space,Confined Space|Bypassing Safety Controls,None,None,Underground Sump,Minor injury,None,,Low
REP-A4939BFB,2021-03-27,Platform Charlie,Deck 3,Unsafe Act,Rigging,The horn on Mobile Crane sounded a bit quiet during Rigging.,0,0.36,Safe Mechanical Lifting,Safe Mechanical Lifting,None,None,Mobile Crane,Minor injury,None,,Low
REP-606BFA50,2022-02-26,Terminal Echo,Storage Tank A,Unsafe Act,Rigging,A heavy skid was being moved during Rigging. Damaged slings used led to a near miss involving Rigging failure near Chain Block.,1,0.83,Safe Mechanical Lifting,Safe Mechanical Lifting,Rigging failure,Damaged slings used,Chain Block,Crush fatality,Property Damage,suspended load|heavy lifting,Medium
REP-DAEF4561,2023-12-11,Site Alpha,Storage Tank A,Unsafe Condition,Forklift Operation,The horn on Chain Block sounded a bit quiet during Forklift Operation.,0,0.16,Safe Mechanical Lifting,Safe Mechanical Lifting|Work Authorization,None,None,Chain Block,Minor injury,None,,Low
REP-D9B34195,2022-08-19,Site Alpha,Loading Bay,Unsafe Act,Tank Cleaning,"Worker doing Tank Cleaning in Underground Sump complained about poor lighting, though gas levels were normal.",0,0.24,Confined Space,Confined Space,None,None,Underground Sump,Minor injury,None,,Low
REP-48B3565C,2021-12-14,Facility Bravo,Main Workshop,Near Miss,Pipefitting,"Noticed Heat Exchanger HX-2 had a minor weep during Pipefitting. LOTO was applied correctly, but cleanup was delayed.",0,0.18,Energy Isolation,Energy Isolation|Work Authorization,None,None,Heat Exchanger HX-2,Minor injury,None,,Low
REP-28B0685B,2021-04-13,Site Alpha,Boiler Area,Unsafe Act,Rigging,Paint on Forklift F-3 used for Rigging is peeling off.,0,0.15,Safe Mechanical Lifting,Safe Mechanical Lifting,None,None,Forklift F-3,Minor injury,None,,Low
REP-25689FB7,2021-01-15,Facility Bravo,Storage Tank A,Near Miss,Transporting Personnel,Driver doing Transporting Personnel in Crew Bus parked slightly outside the designated lines.,0,0.12,Driving,Driving,None,None,Crew Bus,Minor injury,None,,Low
REP-ED4922FB,2021-04-28,Site Alpha,Loading Bay,Unsafe Act,Painting,"Painting was ongoing near Scaffold Tower B when grating was removed. Missing toe boards left the hole unprotected, creating a high risk of Fall from height.",1,0.84,Work at Height,Work at Height,Fall from height,Missing toe boards,Scaffold Tower B,Multiple fractures,None,unsecured tools|missing fall protection,High
REP-D95003CA,2021-10-28,Facility Bravo,Main Workshop,Unsafe Act,Structural Inspection,"Structural Inspection was ongoing near Crane C-1 when grating was removed. Lanyard defective left the hole unprotected, creating a high risk of Fall from height.",1,0.97,Work at Height,Work at Height,Fall from height,Lanyard defective,Crane C-1,Multiple fractures,None,unsecured tools|edge proximity,Medium
REP-901F3609,2023-03-21,Platform Charlie,Control Room,Unsafe Condition,Pipefitting,"The tag for Compressor C-10 was faded during Pipefitting. No Electrical shock was present, but tag needs replacement.",0,0.34,Energy Isolation,Energy Isolation,None,None,Compressor C-10,Minor injury,None,,Low
REP-83FB0C78,2023-10-19,Refinery Delta,Pipe Rack 2,Incident,Painting,"During Painting, worker used the correct harness but the inspection log was not filled in for Crane C-1.",0,0.32,Work at Height,Work at Height,None,None,Crane C-1,Minor injury,None,,Low
REP-CA5EE77A,2020-09-15,Site Alpha,Loading Bay,Unsafe Act,Non-routine Task,Worker doing Non-routine Task at Utility Area did not sign the permit exactly on the line.,0,0.34,Work Authorization,Work Authorization,None,None,Utility Area,Minor injury,None,,Low
REP-58760BD0,2020-02-02,Facility Bravo,Storage Tank A,Unsafe Condition,Torch Cutting,The welding lead for Welding Machine W-1 was slightly tangled during Torch Cutting.,0,0.09,Hot Work,Hot Work,None,None,Welding Machine W-1,Minor injury,None,,Low
REP-5D497B4A,2023-12-30,Refinery Delta,Drilling Floor,Unsafe Condition,Torquing,"During Torquing, a piece of non-tensioned wire from High Pressure Hose was left on the floor.",0,0.17,Line of Fire,Line of Fire,None,None,High Pressure Hose,Minor injury,None,,Low
REP-E05EA556,2022-06-06,Site Alpha,Main Workshop,Near Miss,Process Operation,Operator logged Process Operation for Pressure Safety Valve PSV-90 in the wrong logbook.,0,0.36,Bypassing Safety Controls,Bypassing Safety Controls,None,None,Pressure Safety Valve PSV-90,Minor injury,None,,Low
REP-2908B692,2020-07-26,Facility Bravo,Pipe Rack 2,Near Miss,Heavy Haulage,The Pickup Truck P-12 was slightly dirty during Heavy Haulage.,0,0.01,Driving,Driving,None,None,Pickup Truck P-12,Minor injury,None,,Low
REP-0300D0F3,2022-11-24,Terminal Echo,Deck 3,Incident,Material Delivery,"A safety camera caught Light Vehicle engaged in Material Delivery. The footage revealed Speeding, which is a precursor to Pedestrian impact.",1,0.79,Driving,Driving,Pedestrian impact,Speeding,Light Vehicle,Severe whiplash,None,heavy vehicle interaction|distracted driving,High
REP-322F62E5,2020-10-21,Facility Bravo,Loading Bay,Unsafe Act,Alarm Testing,"Screen on DCS System was dirty, making it hard to read during Alarm Testing.",0,0.26,Bypassing Safety Controls,Bypassing Safety Controls,None,None,DCS System,Minor injury,None,,Low
REP-6BA24A88,2020-11-06,Refinery Delta,Pipe Rack 2,Near Miss,Rigging,Operator of Forklift F-3 during Rigging forgot his safety glasses but was in an enclosed cab.,0,0.09,Safe Mechanical Lifting,Safe Mechanical Lifting|Line of Fire,None,None,Forklift F-3,Minor injury,None,,Low
REP-25376E5A,2020-12-05,Station Foxtrot,Control Room,Unsafe Act,Tank Cleaning,"Worker doing Tank Cleaning in Storage Tank A complained about poor lighting, though gas levels were normal.",0,0.37,Confined Space,Confined Space,None,None,Storage Tank A,Minor injury,None,,Low
REP-9AC104DE,2021-05-17,Facility Bravo,Pump Room,Incident,Contractor Work,"Crew commenced Contractor Work at Utility Area but Wrong permit type. Unaware of SIMOPS, they were exposed to Simultaneous operations clash.",1,0.89,Work Authorization,Work Authorization,Simultaneous operations clash,Wrong permit type,Utility Area,Process incident,Property Damage,simops|inadequate planning,High
REP-1595EBA6,2021-03-24,Facility Bravo,Control Room,Unsafe Condition,Torch Cutting,Welder doing Torch Cutting with Pipe Spool P-10 had untucked coveralls.,0,0.23,Hot Work,Hot Work,None,None,Pipe Spool P-10,Minor injury,None,,Low
REP-C10859D8,2023-09-19,Site Alpha,Drilling Floor,Unsafe Act,Site Patrol,The Forklift was slightly dirty during Site Patrol.,0,0.25,Driving,Driving,None,None,Forklift,Minor injury,None,,Low
REP-67192786,2022-10-04,Refinery Delta,Loading Bay,Incident,Process Operation,Indicator bulb on Shutdown Valve SDV-1 was burnt out during Process Operation.,0,0.2,Bypassing Safety Controls,Bypassing Safety Controls,None,None,Shutdown Valve SDV-1,Minor injury,None,,Low
REP-71373E2A,2020-01-18,Facility Bravo,Pipe Rack 2,Incident,Internal Inspection,The entry log for Separator V-10 during Internal Inspection was smudged with dirt.,0,0.04,Confined Space,Confined Space,None,None,Separator V-10,Minor injury,None,,Low
REP-B7E94BBD,2020-03-23,Facility Bravo,Main Workshop,Near Miss,Painting,"During Painting, worker used the correct harness but the inspection log was not filled in for Scaffold Tower B.",0,0.23,Work at Height,Work at Height|Hot Work,None,None,Scaffold Tower B,Minor injury,None,,Low
REP-6D3A8A0B,2021-08-05,Facility Bravo,Deck 3,Incident,Scaffolding,"During Scaffolding, a 5kg wrench was dropped from Cherry Picker. Scaffold tag missing meant the area below was not clear. Fall from height was a near miss.",1,0.87,Work at Height,Work at Height,Fall from height,Scaffold tag missing,Cherry Picker,Fatality from fall,Property Damage,open hole|working aloft,Medium
REP-F7AA1A26,2022-08-26,Refinery Delta,Drilling Floor,Near Miss,Forklift Operation,Operator of Mobile Crane during Forklift Operation forgot his safety glasses but was in an enclosed cab.,0,0.07,Safe Mechanical Lifting,Safe Mechanical Lifting,None,None,Mobile Crane,Minor injury,None,,Low
REP-A8880835,2020-04-30,Terminal Echo,Deck 3,Unsafe Condition,System Maintenance,Indicator bulb on Pressure Safety Valve PSV-90 was burnt out during System Maintenance.,0,0.02,Bypassing Safety Controls,Bypassing Safety Controls,None,None,Pressure Safety Valve PSV-90,Minor injury,None,,Low
REP-993F2D37,2020-09-08,Station Foxtrot,Pipe Rack 2,Near Miss,General Maintenance,"Crew commenced General Maintenance at Workshop but PTW not issued. Unaware of SIMOPS, they were exposed to Uncontrolled work.",1,0.91,Work Authorization,Work Authorization,Uncontrolled work,PTW not issued,Workshop,Process incident,First Aid,simops|inadequate planning,High
REP-1D833C83,2021-05-31,Refinery Delta,Boiler Area,Incident,Internal Inspection,The entry log for Storage Tank A during Internal Inspection was smudged with dirt.,0,0.34,Confined Space,Confined Space,None,None,Storage Tank A,Minor injury,None,,Low
REP-52244F64,2023-03-06,Station Foxtrot,Boiler Area,Unsafe Act,Alarm Testing,Operator logged Alarm Testing for Fire & Gas Panel in the wrong logbook.,0,0.38,Bypassing Safety Controls,Bypassing Safety Controls,None,None,Fire & Gas Panel,Minor injury,None,,Low
REP-E30E8D82,2021-07-23,Facility Bravo,Boiler Area,Incident,Torquing,Barricade tape for Torquing near High Pressure Hose was blown down by the wind. No operations were ongoing.,0,0.25,Line of Fire,Line of Fire,None,None,High Pressure Hose,Minor injury,None,,Low
REP-C311CAD2,2022-03-11,Terminal Echo,Loading Bay,Incident,Repair,"During Repair of Electrical Panel EP-5, the technician started loosening the flange while the line was still pressurized. Isolation valve was closed but Bleed valve closed. H2S exposure occurred. No injury occurred but potential was high.",1,0.74,Energy Isolation,Energy Isolation|Driving,H2S exposure,Bleed valve closed,Electrical Panel EP-5,Severe chemical burns,Property Damage,toxic fluid|inadequate isolation,High
REP-A3C4F6DB,2020-05-08,Refinery Delta,Storage Tank A,Incident,Pipefitting,"The tag for Heat Exchanger HX-2 was faded during Pipefitting. No H2S exposure was present, but tag needs replacement.",0,0.25,Energy Isolation,Energy Isolation|Bypassing Safety Controls,None,None,Heat Exchanger HX-2,Minor injury,None,,Low
REP-DCBB15D8,2021-06-04,Refinery Delta,Main Workshop,Unsafe Act,Internal Inspection,Tools used for Internal Inspection in Separator V-10 were left outside the entrance untidily.,0,0.36,Confined Space,Confined Space,None,None,Separator V-10,Minor injury,None,,Low
REP-34E7158B,2023-01-24,Refinery Delta,Pump Room,Near Miss,Inspection,"The tag for Valve V-99 was faded during Inspection. No Electrical shock was present, but tag needs replacement.",0,0.33,Energy Isolation,Energy Isolation,None,None,Valve V-99,Minor injury,None,,Low
REP-72EF6E3B,2020-12-28,Terminal Echo,Loading Bay,Unsafe Act,Pipefitting,"The tag for Heat Exchanger HX-2 was faded during Pipefitting. No Electrical shock was present, but tag needs replacement.",0,0.29,Energy Isolation,Energy Isolation,None,None,Heat Exchanger HX-2,Minor injury,None,,Low
REP-58CEF99A,2021-06-10,Refinery Delta,Boiler Area,Incident,Structural Inspection,"During Structural Inspection, worker used the correct harness but the inspection log was not filled in for Crane C-1.",0,0.12,Work at Height,Work at Height,None,None,Crane C-1,Minor injury,None,,Low
REP-A736C02E,2020-08-20,Refinery Delta,Drilling Floor,Unsafe Act,Torquing,"While conducting Torquing with Winch W-2, an IP stepped into the danger zone. Barricades ignored resulted in the worker being in the Line of Fire for Whip from parted cable.",1,0.72,Line of Fire,Line of Fire|Confined Space,Whip from parted cable,Barricades ignored,Winch W-2,Crush injury,None,tensioned line|pressure test,High
REP-041B6A00,2022-03-05,Facility Bravo,Pipe Rack 2,Near Miss,Heavy Haulage,The Light Vehicle was slightly dirty during Heavy Haulage.,0,0.15,Driving,Driving,None,None,Light Vehicle,Minor injury,None,,Low
REP-F0D2CB4B,2023-07-17,Platform Charlie,Pump Room,Near Miss,Scaffolding,"Scaffolding tubes for Crane C-1 were stored untidily, causing a minor trip hazard during Scaffolding.",0,0.4,Work at Height,Work at Height,None,None,Crane C-1,Minor injury,None,,Low
REP-256CFFDD,2021-04-09,Station Foxtrot,Control Room,Incident,Process Operation,"Screen on Shutdown Valve SDV-1 was dirty, making it hard to read during Process Operation.",0,0.28,Bypassing Safety Controls,Bypassing Safety Controls,None,None,Shutdown Valve SDV-1,Minor injury,None,,Low
REP-47F690D0,2022-05-01,Station Foxtrot,Pump Room,Near Miss,Grinding,The welding lead for Welding Machine W-1 was slightly tangled during Grinding.,0,0.26,Hot Work,Hot Work|Bypassing Safety Controls,None,None,Welding Machine W-1,Minor injury,None,,Low
REP-CC60C123,2020-03-07,Station Foxtrot,Drilling Floor,Unsafe Condition,Painting,Worker's chin strap on helmet was loose during Painting on Scaffold Tower B.,0,0.25,Work at Height,Work at Height,None,None,Scaffold Tower B,Minor injury,None,,Low
REP-D46E38DD,2020-11-09,Platform Charlie,Drilling Floor,Incident,System Maintenance,Operator logged System Maintenance for DCS System in the wrong logbook.,0,0.33,Bypassing Safety Controls,Bypassing Safety Controls,None,None,DCS System,Minor injury,None,,Low
REP-29D65BAD,2023-12-28,Site Alpha,Boiler Area,Unsafe Act,Site Patrol,Driver doing Site Patrol in Pickup Truck P-12 parked slightly outside the designated lines.,0,0.14,Driving,Driving,None,None,Pickup Truck P-12,Minor injury,None,,Low
REP-B45CDADB,2021-09-29,Terminal Echo,Pipe Rack 2,Unsafe Act,Structural Inspection,Worker's chin strap on helmet was loose during Structural Inspection on Pipe Rack Level 3.,0,0.03,Work at Height,Work at Height,None,None,Pipe Rack Level 3,Minor injury,None,,Low
REP-C99EBCF2,2021-11-13,Platform Charlie,Pump Room,Unsafe Condition,Site Patrol,Driver doing Site Patrol in Light Vehicle parked slightly outside the designated lines.,0,0.05,Driving,Driving,None,None,Light Vehicle,Minor injury,None,,Low
REP-22B9E31B,2021-11-15,Facility Bravo,Boiler Area,Unsafe Act,Maintenance,"During Maintenance of Valve V-99, the technician started loosening the flange while the line was still pressurized. Isolation valve was closed but Padlock missing. Pressurized hydrocarbon release occurred. No injury occurred but potential was high.",1,0.87,Energy Isolation,Energy Isolation,Pressurized hydrocarbon release,Padlock missing,Valve V-99,Severe chemical burns,None,stored energy|pressurized equipment,Medium
REP-C3CA39C9,2021-01-19,Refinery Delta,Pipe Rack 2,Unsafe Condition,Pipefitting,"The tag for Compressor C-10 was faded during Pipefitting. No Electrical shock was present, but tag needs replacement.",0,0.32,Energy Isolation,Energy Isolation,None,None,Compressor C-10,Minor injury,None,,Low
REP-80537940,2022-05-10,Platform Charlie,Control Room,Unsafe Act,Vessel Welding,Worker entered Reactor R-5 for Vessel Welding. Suddenly the alarm sounded. Ventilation failed meant the worker was exposed to Oxygen deficiency.,1,0.78,Confined Space,Confined Space,Oxygen deficiency,Ventilation failed,Reactor R-5,Fatality due to toxic gas,Property Damage,deep excavation|poor ventilation,Medium
REP-35BA47FC,2020-03-23,Facility Bravo,Loading Bay,Unsafe Act,Alarm Testing,Indicator bulb on Pressure Safety Valve PSV-90 was burnt out during Alarm Testing.,0,0.06,Bypassing Safety Controls,Bypassing Safety Controls,None,None,Pressure Safety Valve PSV-90,Minor injury,None,,Low
REP-ECCAF35C,2021-11-30,Facility Bravo,Control Room,Unsafe Condition,Process Operation,Indicator bulb on Pressure Safety Valve PSV-90 was burnt out during Process Operation.,0,0.17,Bypassing Safety Controls,Bypassing Safety Controls|Confined Space,None,None,Pressure Safety Valve PSV-90,Minor injury,None,,Low
REP-95D396DE,2022-03-08,Platform Charlie,Loading Bay,Unsafe Condition,Structural Inspection,"Structural Inspection was ongoing near Pipe Rack Level 3 when grating was removed. Lanyard defective left the hole unprotected, creating a high risk of Open grating.",1,0.76,Work at Height,Work at Height,Open grating,Lanyard defective,Pipe Rack Level 3,Multiple fractures,None,missing fall protection|open hole,Medium
REP-79D2162B,2021-08-15,Facility Bravo,Storage Tank A,Unsafe Act,Rigging,Operator of Mobile Crane during Rigging forgot his safety glasses but was in an enclosed cab.,0,0.19,Safe Mechanical Lifting,Safe Mechanical Lifting,None,None,Mobile Crane,Minor injury,None,,Low
REP-475B783C,2021-09-12,Station Foxtrot,Loading Bay,Incident,Torquing,Barricade tape for Torquing near Excavator was blown down by the wind. No operations were ongoing.,0,0.19,Line of Fire,Line of Fire,None,None,Excavator,Minor injury,None,,Low
REP-C40BD832,2023-02-03,Terminal Echo,Boiler Area,Unsafe Act,Rigging,"During Rigging using Chain Block, the load began to swing wildly. Damaged slings used caused a loss of control, resulting in Swinging load.",1,0.89,Safe Mechanical Lifting,Safe Mechanical Lifting,Swinging load,Damaged slings used,Chain Block,Structural collapse,None,heavy lifting|suspended load,High
REP-BE2AB322,2021-08-02,Platform Charlie,Loading Bay,Unsafe Condition,Torch Cutting,Welder doing Torch Cutting with Welding Machine W-1 had untucked coveralls.,0,0.1,Hot Work,Hot Work,None,None,Welding Machine W-1,Minor injury,None,,Low
REP-CFAC1E18,2021-01-31,Facility Bravo,Deck 3,Near Miss,Transporting Personnel,Driver doing Transporting Personnel in Vacuum Truck parked slightly outside the designated lines.,0,0.01,Driving,Driving,None,None,Vacuum Truck,Minor injury,None,,Low
REP-91E49356,2021-02-05,Facility Bravo,Drilling Floor,Unsafe Act,System Maintenance,Operator logged System Maintenance for Fire & Gas Panel in the wrong logbook.,0,0.19,Bypassing Safety Controls,Bypassing Safety Controls,None,None,Fire & Gas Panel,Minor injury,None,,Low
REP-AB8B528D,2020-10-07,Facility Bravo,Storage Tank A,Unsafe Act,Soldering,Welder doing Soldering with Angle Grinder had untucked coveralls.,0,0.05,Hot Work,Hot Work,None,None,Angle Grinder,Minor injury,None,,Low
REP-5697B3AE,2023-04-18,Refinery Delta,Deck 3,Near Miss,Alarm Testing,Operator engaged in Alarm Testing admitted to bypassing safety logic on DCS System. Override left active is a severe breach leading to Process safety event.,1,0.73,Bypassing Safety Controls,Bypassing Safety Controls,Process safety event,Override left active,DCS System,Multiple fatalities,None,bypassed interlock|disabled safety device,High
REP-2AE89A79,2023-01-13,Facility Bravo,Pump Room,Incident,General Maintenance,JSA for General Maintenance near Process Module 4 was printed on crumpled paper.,0,0.28,Work Authorization,Work Authorization|Safe Mechanical Lifting,None,None,Process Module 4,Minor injury,None,,Low
REP-9582F28A,2021-12-31,Refinery Delta,Pipe Rack 2,Unsafe Condition,Internal Inspection,"Worker doing Internal Inspection in Underground Sump complained about poor lighting, though gas levels were normal.",0,0.28,Confined Space,Confined Space,None,None,Underground Sump,Minor injury,None,,Low
REP-625BE8CF,2020-09-28,Platform Charlie,Control Room,Unsafe Act,Rigging,"Rigging was ongoing near Scaffold Tower B when grating was removed. Scaffold tag missing left the hole unprotected, creating a high risk of Unstable platform.",1,0.75,Work at Height,Work at Height,Unstable platform,Scaffold tag missing,Scaffold Tower B,Fatality from fall,None,unsecured tools|working aloft,Medium
REP-91F3276D,2021-09-05,Station Foxtrot,Storage Tank A,Unsafe Condition,Vessel Welding,Tools used for Vessel Welding in Separator V-10 were left outside the entrance untidily.,0,0.31,Confined Space,Confined Space,None,None,Separator V-10,Minor injury,None,,Low
REP-2B0F225A,2021-03-09,Site Alpha,Boiler Area,Incident,Grinding,"Worker performing Grinding on High Pressure Hose had their hands slightly close to a rough edge, causing a minor scratch.",0,0.31,Line of Fire,Line of Fire|Confined Space,None,None,High Pressure Hose,Minor injury,None,,Low
REP-3A750352,2021-10-08,Platform Charlie,Loading Bay,Unsafe Act,Vessel Welding,Worker entered Separator V-10 for Vessel Welding. Suddenly the alarm sounded. Ventilation failed meant the worker was exposed to Engulfment.,1,0.75,Confined Space,Confined Space,Engulfment,Ventilation failed,Separator V-10,Fatality due to toxic gas,First Aid,hazardous atmosphere|deep excavation,High
REP-A00D4D91,2022-09-08,Refinery Delta,Boiler Area,Unsafe Act,Rigging,A heavy skid was being moved during Rigging. Overloaded crane led to a near miss involving Dropped suspended load near Chain Block.,1,0.9,Safe Mechanical Lifting,Safe Mechanical Lifting,Dropped suspended load,Overloaded crane,Chain Block,Multiple serious injuries,Property Damage,suspended load|dynamic loading,Medium
REP-ADDE55B9,2021-11-25,Terminal Echo,Pipe Rack 2,Unsafe Act,Material Delivery,Radio in Vacuum Truck was left on high volume after Material Delivery.,0,0.23,Driving,Driving,None,None,Vacuum Truck,Minor injury,None,,Low
REP-C191030D,2020-07-02,Terminal Echo,Boiler Area,Incident,Grinding,Welder doing Grinding with Angle Grinder had untucked coveralls.,0,0.28,Hot Work,Hot Work,None,None,Angle Grinder,Minor injury,None,,Low
REP-2CD6097C,2023-11-15,Site Alpha,Pump Room,Unsafe Act,Transporting Personnel,"While Transporting Personnel with Crew Bus, the driver was observed Seatbelt not worn. This led to a near miss involving Loss of control.",1,0.92,Driving,Driving,Loss of control,Seatbelt not worn,Crew Bus,Crush injuries to pedestrian,Property Damage,poor road conditions|high speed,Medium
REP-0FD58E76,2023-05-23,Site Alpha,Boiler Area,Near Miss,Scaffolding,Worker's chin strap on helmet was loose during Scaffolding on Crane C-1.,0,0.32,Work at Height,Work at Height,None,None,Crane C-1,Minor injury,None,,Low
REP-10F4B33C,2020-06-05,Facility Bravo,Boiler Area,Near Miss,Rigging,"Scaffolding tubes for Pipe Rack Level 3 were stored untidily, causing a minor trip hazard during Rigging.",0,0.2,Work at Height,Work at Height|Confined Space,None,None,Pipe Rack Level 3,Minor injury,None,,Low
REP-074B3333,2021-05-18,Refinery Delta,Drilling Floor,Near Miss,Repair,"Noticed Valve V-99 had a minor weep during Repair. LOTO was applied correctly, but cleanup was delayed.",0,0.27,Energy Isolation,Energy Isolation,None,None,Valve V-99,Minor injury,None,,Low
REP-A45E4106,2022-01-26,Station Foxtrot,Pump Room,Near Miss,Site Patrol,"While Site Patrol with Light Vehicle, the driver was observed Fatigued driver. This led to a near miss involving Rollover.",1,0.93,Driving,Driving,Rollover,Fatigued driver,Light Vehicle,Severe whiplash,First Aid,distracted driving|heavy vehicle interaction,Medium
REP-18492665,2023-05-18,Terminal Echo,Pipe Rack 2,Incident,Trenching,"Worker performing Trenching on High Pressure Hose had their hands slightly close to a rough edge, causing a minor scratch.",0,0.1,Line of Fire,Line of Fire,None,None,High Pressure Hose,Minor injury,None,,Low
REP-138EBE94,2020-09-11,Terminal Echo,Pipe Rack 2,Unsafe Act,Inspection,"While preparing for Inspection on Compressor C-10, found that the lock for LOTO was slightly rusted, making it hard to use.",0,0.34,Energy Isolation,Energy Isolation,None,None,Compressor C-10,Minor injury,None,,Low
REP-B1E21CD9,2021-07-02,Facility Bravo,Boiler Area,Unsafe Act,Forklift Operation,Operator of Chain Block during Forklift Operation forgot his safety glasses but was in an enclosed cab.,0,0.04,Safe Mechanical Lifting,Safe Mechanical Lifting,None,None,Chain Block,Minor injury,None,,Low
REP-EB5956AC,2022-12-18,Refinery Delta,Loading Bay,Unsafe Act,Alarm Testing,Operator engaged in Alarm Testing admitted to bypassing safety logic on Fire & Gas Panel. Safety valve isolated is a severe breach leading to Overpressure.,1,0.92,Bypassing Safety Controls,Bypassing Safety Controls,Overpressure,Safety valve isolated,Fire & Gas Panel,Catastrophic release,First Aid,disabled safety device|unauthorized override,Medium
REP-A37C5D77,2022-02-04,Platform Charlie,Pump Room,Unsafe Condition,Crane Lifting,Paint on Chain Block used for Crane Lifting is peeling off.,0,0.38,Safe Mechanical Lifting,Safe Mechanical Lifting,None,None,Chain Block,Minor injury,None,,Low
REP-0FE1F006,2021-09-22,Refinery Delta,Main Workshop,Near Miss,Vessel Welding,The entry log for Underground Sump during Vessel Welding was smudged with dirt.,0,0.19,Confined Space,Confined Space,None,None,Underground Sump,Minor injury,None,,Low
REP-C4B0F703,2020-10-01,Refinery Delta,Pump Room,Near Miss,Transporting Personnel,Driver doing Transporting Personnel in Vacuum Truck parked slightly outside the designated lines.,0,0.29,Driving,Driving,None,None,Vacuum Truck,Minor injury,None,,Low
REP-F3231D60,2020-09-07,Refinery Delta,Loading Bay,Unsafe Condition,Repair,"While inspecting Compressor C-10, Electrical shock was narrowly avoided because Isolation valve leaking.",1,0.77,Energy Isolation,Energy Isolation,Electrical shock,Isolation valve leaking,Compressor C-10,Fatal electrocution,Property Damage,pressurized equipment|inadequate isolation,High
REP-C60ACDD6,2021-05-08,Terminal Echo,Deck 3,Unsafe Condition,Scaffolding,"During Scaffolding, worker used the correct harness but the inspection log was not filled in for Cherry Picker.",0,0.39,Work at Height,Work at Height,None,None,Cherry Picker,Minor injury,None,,Low
REP-A195A20E,2022-10-14,Platform Charlie,Storage Tank A,Unsafe Act,Grinding,Barricade tape for Grinding near Excavator was blown down by the wind. No operations were ongoing.,0,0.31,Line of Fire,Line of Fire,None,None,Excavator,Minor injury,None,,Low
REP-7064F802,2022-04-29,Site Alpha,Pipe Rack 2,Unsafe Condition,Heavy Haulage,Radio in Light Vehicle was left on high volume after Heavy Haulage.,0,0.05,Driving,Driving,None,None,Light Vehicle,Minor injury,None,,Low
REP-52F9758E,2023-05-05,Site Alpha,Storage Tank A,Unsafe Act,Transporting Personnel,Radio in Vacuum Truck was left on high volume after Transporting Personnel.,0,0.12,Driving,Driving,None,None,Vacuum Truck,Minor injury,None,,Low
REP-A5A64CA0,2021-08-10,Site Alpha,Pipe Rack 2,Near Miss,Internal Inspection,Tools used for Internal Inspection in Underground Sump were left outside the entrance untidily.,0,0.31,Confined Space,Confined Space|Work at Height,None,None,Underground Sump,Minor injury,None,,Low
REP-708FDAD6,2023-05-27,Terminal Echo,Pipe Rack 2,Unsafe Condition,Alarm Testing,"While investigating Shutdown Valve SDV-1, it was found that Interlock bridged during Alarm Testing. This exposed the facility to Loss of containment.",1,0.94,Bypassing Safety Controls,Bypassing Safety Controls,Loss of containment,Interlock bridged,Shutdown Valve SDV-1,Multiple fatalities,None,unauthorized override|disabled safety device,Medium
REP-DE18AF49,2023-07-15,Site Alpha,Drilling Floor,Unsafe Condition,Contractor Work,Critical Contractor Work on Utility Area proceeded despite Expired permit. This breakdown in authorization risked Simultaneous operations clash.,1,0.86,Work Authorization,Work Authorization|Energy Isolation,Simultaneous operations clash,Expired permit,Utility Area,Serious injury due to lack of hazard awareness,First Aid,simops|unauthorized work,Medium
REP-0CEFC600,2020-04-23,Terminal Echo,Loading Bay,Near Miss,System Maintenance,Indicator bulb on Shutdown Valve SDV-1 was burnt out during System Maintenance.,0,0.38,Bypassing Safety Controls,Bypassing Safety Controls,None,None,Shutdown Valve SDV-1,Minor injury,None,,Low
REP-D49CE090,2021-06-04,Platform Charlie,Drilling Floor,Unsafe Act,Scaffolding,Worker's chin strap on helmet was loose during Scaffolding on Roof Access Ladder.,0,0.31,Work at Height,Work at Height,None,None,Roof Access Ladder,Minor injury,None,,Low
REP-82CB765E,2023-06-26,Facility Bravo,Pipe Rack 2,Near Miss,Material Delivery,Radio in Forklift was left on high volume after Material Delivery.,0,0.36,Driving,Driving,None,None,Forklift,Minor injury,None,,Low
REP-DE03EBAB,2022-09-03,Station Foxtrot,Pipe Rack 2,Unsafe Condition,Maintenance,"While preparing for Maintenance on Compressor C-10, found that the lock for LOTO was slightly rusted, making it hard to use.",0,0.13,Energy Isolation,Energy Isolation,None,None,Compressor C-10,Minor injury,None,,Low
REP-8F16FBDC,2020-04-07,Terminal Echo,Drilling Floor,Unsafe Act,Tank Cleaning,Tools used for Tank Cleaning in Underground Sump were left outside the entrance untidily.,0,0.02,Confined Space,Confined Space,None,None,Underground Sump,Minor injury,None,,Low
REP-EC36844C,2023-07-05,Refinery Delta,Storage Tank A,Near Miss,Forklift Operation,Operator of Mobile Crane during Forklift Operation forgot his safety glasses but was in an enclosed cab.,0,0.23,Safe Mechanical Lifting,Safe Mechanical Lifting,None,None,Mobile Crane,Minor injury,None,,Low
REP-8F73329E,2021-08-25,Site Alpha,Pipe Rack 2,Near Miss,General Maintenance,JSA for General Maintenance near Utility Area was printed on crumpled paper.,0,0.23,Work Authorization,Work Authorization,None,None,Utility Area,Minor injury,None,,Low
REP-6A1E6C10,2020-04-22,Refinery Delta,Pump Room,Incident,Tank Cleaning,"Worker doing Tank Cleaning in Separator V-10 complained about poor lighting, though gas levels were normal.",0,0.23,Confined Space,Confined Space,None,None,Separator V-10,Minor injury,None,,Low
REP-CD5B609B,2023-09-18,Terminal Echo,Drilling Floor,Unsafe Condition,Roof Repair,"Roof Repair was ongoing near Roof Access Ladder when grating was removed. Lanyard defective left the hole unprotected, creating a high risk of Fall from height.",1,0.88,Work at Height,Work at Height,Fall from height,Lanyard defective,Roof Access Ladder,Fatality from fall,Property Damage,missing fall protection|unsecured tools,High
REP-55469E56,2023-11-24,Terminal Echo,Storage Tank A,Near Miss,Material Delivery,The Light Vehicle was slightly dirty during Material Delivery.,0,0.39,Driving,Driving,None,None,Light Vehicle,Minor injury,None,,Low
REP-BF232095,2022-04-13,Station Foxtrot,Deck 3,Unsafe Condition,Grinding,"Grinding was being performed. Safety pin removed allowed personnel to walk directly under Drill Pipe, posing a severe Whip from parted cable.",1,0.81,Line of Fire,Line of Fire,Whip from parted cable,Safety pin removed,Drill Pipe,Amputation,First Aid,moving machinery|tensioned line,High
REP-D40D3139,2021-01-28,Platform Charlie,Storage Tank A,Unsafe Condition,Contractor Work,"During a walkaround, found personnel doing Contractor Work on Process Module 4. JSA not discussed meant they had no controls for Uncontrolled work.",1,0.98,Work Authorization,Work Authorization,Uncontrolled work,JSA not discussed,Process Module 4,Serious injury due to lack of hazard awareness,First Aid,simops|inadequate planning,Medium
REP-206CAF2D,2022-03-11,Refinery Delta,Deck 3,Unsafe Act,Hoisting,A heavy skid was being moved during Hoisting. Damaged slings used led to a near miss involving Dropped suspended load near Mobile Crane.,1,0.95,Safe Mechanical Lifting,Safe Mechanical Lifting,Dropped suspended load,Damaged slings used,Mobile Crane,Structural collapse,Property Damage,suspended load|dynamic loading,High
REP-30CD8CB3,2020-04-24,Terminal Echo,Main Workshop,Unsafe Act,Alarm Testing,"While investigating Pressure Safety Valve PSV-90, it was found that Interlock bridged during Alarm Testing. This exposed the facility to Process safety event.",1,0.97,Bypassing Safety Controls,Bypassing Safety Controls,Process safety event,Interlock bridged,Pressure Safety Valve PSV-90,Multiple fatalities,Property Damage,ignored alarm|disabled safety device,High
REP-F9832CE2,2023-08-07,Refinery Delta,Boiler Area,Unsafe Act,Structural Inspection,"During Structural Inspection, worker used the correct harness but the inspection log was not filled in for Scaffold Tower B.",0,0.38,Work at Height,Work at Height,None,None,Scaffold Tower B,Minor injury,None,,Low
REP-9F5947FF,2022-07-08,Facility Bravo,Storage Tank A,Incident,Vessel Welding,The entry log for Underground Sump during Vessel Welding was smudged with dirt.,0,0.03,Confined Space,Confined Space,None,None,Underground Sump,Minor injury,None,,Low
REP-E8C9E70A,2023-05-17,Site Alpha,Main Workshop,Unsafe Act,Torquing,Barricade tape for Torquing near Winch W-2 was blown down by the wind. No operations were ongoing.,0,0.28,Line of Fire,Line of Fire,None,None,Winch W-2,Minor injury,None,,Low
REP-9AC7080C,2020-12-16,Facility Bravo,Drilling Floor,Incident,Site Patrol,Driver doing Site Patrol in Pickup Truck P-12 parked slightly outside the designated lines.,0,0.15,Driving,Driving,None,None,Pickup Truck P-12,Minor injury,None,,Low
REP-98ED0B44,2022-05-14,Facility Bravo,Pipe Rack 2,Near Miss,Transporting Personnel,"While Transporting Personnel with Forklift, the driver was observed Seatbelt not worn. This led to a near miss involving Vehicle collision.",1,0.7,Driving,Driving,Vehicle collision,Seatbelt not worn,Forklift,Fatal traffic accident,None,high speed|poor road conditions,Medium
REP-E89B2FBB,2020-04-10,Station Foxtrot,Boiler Area,Near Miss,Non-routine Task,Critical Non-routine Task on Utility Area proceeded despite PTW not issued. This breakdown in authorization risked Simultaneous operations clash.,1,0.79,Work Authorization,Work Authorization,Simultaneous operations clash,PTW not issued,Utility Area,Serious injury due to lack of hazard awareness,Property Damage,unauthorized work|simops,High
REP-F0CB46B3,2022-03-26,Refinery Delta,Pipe Rack 2,Unsafe Act,System Maintenance,Operator engaged in System Maintenance admitted to bypassing safety logic on DCS System. Override left active is a severe breach leading to Process safety event.,1,0.76,Bypassing Safety Controls,Bypassing Safety Controls,Process safety event,Override left active,DCS System,Catastrophic release,None,disabled safety device|unauthorized override,High
REP-4C28E434,2021-01-08,Site Alpha,Loading Bay,Near Miss,Non-routine Task,Worker doing Non-routine Task at Camp Facility did not sign the permit exactly on the line.,0,0.22,Work Authorization,Work Authorization|Line of Fire,None,None,Camp Facility,Minor injury,None,,Low
REP-E0212187,2022-11-21,Facility Bravo,Pipe Rack 2,Near Miss,Process Operation,Indicator bulb on Fire & Gas Panel was burnt out during Process Operation.,0,0.35,Bypassing Safety Controls,Bypassing Safety Controls,None,None,Fire & Gas Panel,Minor injury,None,,Low
REP-21FF87B8,2020-08-31,Refinery Delta,Control Room,Unsafe Act,Grinding,Fire extinguisher near Pipe Spool P-10 for Grinding was due for monthly inspection next week.,0,0.37,Hot Work,Hot Work,None,None,Pipe Spool P-10,Minor injury,None,,Low
REP-6B09F43A,2023-09-11,Facility Bravo,Boiler Area,Unsafe Condition,General Maintenance,Worker doing General Maintenance at Camp Facility did not sign the permit exactly on the line.,0,0.07,Work Authorization,Work Authorization,None,None,Camp Facility,Minor injury,None,,Low
REP-4C71129B,2023-03-12,Facility Bravo,Deck 3,Unsafe Condition,Grinding,Fire extinguisher near Welding Machine W-1 for Grinding was due for monthly inspection next week.,0,0.11,Hot Work,Hot Work,None,None,Welding Machine W-1,Minor injury,None,,Low
REP-90776489,2020-02-03,Facility Bravo,Boiler Area,Unsafe Act,Torquing,"While conducting Torquing with Drill Pipe, an IP stepped into the danger zone. Tension line snapped resulted in the worker being in the Line of Fire for Caught between objects.",1,0.82,Line of Fire,Line of Fire,Caught between objects,Tension line snapped,Drill Pipe,Crush injury,Property Damage,pressure test|moving machinery,High
REP-629D4083,2021-11-22,Station Foxtrot,Pipe Rack 2,Unsafe Act,Inspection,"While preparing for Inspection on Heat Exchanger HX-2, found that the lock for LOTO was slightly rusted, making it hard to use.",0,0.35,Energy Isolation,Energy Isolation,None,None,Heat Exchanger HX-2,Minor injury,None,,Low
REP-DC9025CC,2023-01-19,Refinery Delta,Control Room,Incident,Hoisting,The horn on Chain Block sounded a bit quiet during Hoisting.,0,0.1,Safe Mechanical Lifting,Safe Mechanical Lifting,None,None,Chain Block,Minor injury,None,,Low
REP-EAE7A56B,2022-08-02,Refinery Delta,Pipe Rack 2,Incident,Material Delivery,Radio in Pickup Truck P-12 was left on high volume after Material Delivery.,0,0.27,Driving,Driving,None,None,Pickup Truck P-12,Minor injury,None,,Low
REP-E827E6D5,2021-02-05,Refinery Delta,Pump Room,Near Miss,Trenching,"During Trenching, a piece of non-tensioned wire from Drill Pipe was left on the floor.",0,0.21,Line of Fire,Line of Fire,None,None,Drill Pipe,Minor injury,None,,Low
REP-616908F0,2023-06-22,Platform Charlie,Control Room,Unsafe Act,Pipefitting,"While preparing for Pipefitting on Compressor C-10, found that the lock for LOTO was slightly rusted, making it hard to use.",0,0.16,Energy Isolation,Energy Isolation,None,None,Compressor C-10,Minor injury,None,,Low
REP-1499CAC6,2021-12-23,Terminal Echo,Main Workshop,Unsafe Condition,Painting,"During Painting, a 5kg wrench was dropped from Pipe Rack Level 3. No barricade below meant the area below was not clear. Dropped object was a near miss.",1,0.87,Work at Height,Work at Height,Dropped object,No barricade below,Pipe Rack Level 3,Serious head injury from dropped object,None,unsecured tools|open hole,Medium
REP-A2149129,2021-06-17,Site Alpha,Drilling Floor,Unsafe Condition,Trenching,"During Trenching, a piece of non-tensioned wire from Drill Pipe was left on the floor.",0,0.17,Line of Fire,Line of Fire,None,None,Drill Pipe,Minor injury,None,,Low
REP-BC6E2EAD,2023-11-23,Facility Bravo,Drilling Floor,Near Miss,Soldering,Fire extinguisher near Angle Grinder for Soldering was due for monthly inspection next week.,0,0.1,Hot Work,Hot Work,None,None,Angle Grinder,Minor injury,None,,Low
REP-BCC69EF5,2023-10-24,Platform Charlie,Main Workshop,Unsafe Condition,Transporting Personnel,"A safety camera caught Light Vehicle engaged in Transporting Personnel. The footage revealed Using mobile phone, which is a precursor to Loss of control.",1,0.79,Driving,Driving|Work Authorization,Loss of control,Using mobile phone,Light Vehicle,Severe whiplash,First Aid,poor road conditions|distracted driving,High
REP-7182F1F9,2021-04-28,Platform Charlie,Pump Room,Unsafe Act,Crane Lifting,A heavy skid was being moved during Crane Lifting. No tag lines used led to a near miss involving Dropped suspended load near Mobile Crane.,1,0.94,Safe Mechanical Lifting,Safe Mechanical Lifting,Dropped suspended load,No tag lines used,Mobile Crane,Multiple serious injuries,Property Damage,suspended load|dynamic loading,High
REP-87FE3E96,2020-12-21,Platform Charlie,Loading Bay,Incident,Internal Inspection,The entry log for Underground Sump during Internal Inspection was smudged with dirt.,0,0.05,Confined Space,Confined Space,None,None,Underground Sump,Minor injury,None,,Low
REP-24553322,2021-08-03,Site Alpha,Pump Room,Near Miss,Transporting Personnel,Radio in Vacuum Truck was left on high volume after Transporting Personnel.,0,0.32,Driving,Driving|Safe Mechanical Lifting,None,None,Vacuum Truck,Minor injury,None,,Low
REP-B2948036,2022-11-19,Terminal Echo,Pipe Rack 2,Near Miss,Alarm Testing,"While investigating DCS System, it was found that Interlock bridged during Alarm Testing. This exposed the facility to Equipment destruction.",1,0.78,Bypassing Safety Controls,Bypassing Safety Controls,Equipment destruction,Interlock bridged,DCS System,Multiple fatalities,None,bypassed interlock|unauthorized override,Medium
REP-920F22A0,2021-07-26,Platform Charlie,Boiler Area,Unsafe Condition,Torquing,"During Torquing, a piece of non-tensioned wire from Drill Pipe was left on the floor.",0,0.22,Line of Fire,Line of Fire,None,None,Drill Pipe,Minor injury,None,,Low
REP-468EDC12,2022-10-25,Facility Bravo,Main Workshop,Unsafe Act,Torch Cutting,Fire extinguisher near Oxy-Acetylene Torch for Torch Cutting was due for monthly inspection next week.,0,0.12,Hot Work,Hot Work,None,None,Oxy-Acetylene Torch,Minor injury,None,,Low
REP-F332AECB,2021-04-20,Site Alpha,Loading Bay,Unsafe Condition,System Maintenance,Indicator bulb on DCS System was burnt out during System Maintenance.,0,0.24,Bypassing Safety Controls,Bypassing Safety Controls|Safe Mechanical Lifting,None,None,DCS System,Minor injury,None,,Low
REP-C50B2819,2023-07-20,Refinery Delta,Pipe Rack 2,Unsafe Condition,Structural Inspection,"During Structural Inspection, worker used the correct harness but the inspection log was not filled in for Pipe Rack Level 3.",0,0.09,Work at Height,Work at Height,None,None,Pipe Rack Level 3,Minor injury,None,,Low
REP-A54CCA40,2023-11-14,Facility Bravo,Storage Tank A,Incident,Hoisting,Paint on Overhead Gantry used for Hoisting is peeling off.,0,0.39,Safe Mechanical Lifting,Safe Mechanical Lifting,None,None,Overhead Gantry,Minor injury,None,,Low
REP-EED3A3DB,2023-12-12,Facility Bravo,Drilling Floor,Near Miss,Non-routine Task,Worker doing Non-routine Task at Utility Area did not sign the permit exactly on the line.,0,0.39,Work Authorization,Work Authorization,None,None,Utility Area,Minor injury,None,,Low
REP-721B3EBE,2020-01-15,Station Foxtrot,Main Workshop,Unsafe Act,Rigging,Worker observed performing Rigging on Crane C-1 at 15 meters. It was noted that Missing toe boards. A Dropped object could have resulted in a fatality.,1,0.76,Work at Height,Work at Height,Dropped object,Missing toe boards,Crane C-1,Fatality from fall,Property Damage,unsecured tools|working aloft,Medium
REP-F1BE61D4,2022-04-07,Terminal Echo,Deck 3,Incident,Maintenance,"Operator was performing Maintenance on Heat Exchanger HX-2. It was discovered that Padlock missing, leaving the system vulnerable to Electrical shock. Work was stopped immediately.",1,0.71,Energy Isolation,Energy Isolation,Electrical shock,Padlock missing,Heat Exchanger HX-2,Severe chemical burns,First Aid,inadequate isolation|live electrical,Medium
REP-5CE51CD5,2020-03-07,Platform Charlie,Boiler Area,Unsafe Act,Torquing,"During Torquing, High Pressure Hose failed unexpectedly. Because Barricades ignored, the worker was exposed to Caught between objects. Fortunately, the worker jumped back in time.",1,0.74,Line of Fire,Line of Fire,Caught between objects,Barricades ignored,High Pressure Hose,Fatal impact,Property Damage,moving machinery|pressure test,Medium
REP-D4DD76A4,2020-05-09,Refinery Delta,Loading Bay,Unsafe Condition,Contractor Work,Worker doing Contractor Work at Workshop did not sign the permit exactly on the line.,0,0.19,Work Authorization,Work Authorization|Line of Fire,None,None,Workshop,Minor injury,None,,Low
REP-7BF55887,2020-07-25,Station Foxtrot,Storage Tank A,Near Miss,Vessel Welding,"Worker doing Vessel Welding in Separator V-10 complained about poor lighting, though gas levels were normal.",0,0.35,Confined Space,Confined Space,None,None,Separator V-10,Minor injury,None,,Low
REP-9B7D1C02,2023-01-11,Facility Bravo,Drilling Floor,Near Miss,Structural Inspection,"During Structural Inspection, worker used the correct harness but the inspection log was not filled in for Crane C-1.",0,0.34,Work at Height,Work at Height,None,None,Crane C-1,Minor injury,None,,Low
REP-8809A1F6,2021-06-18,Platform Charlie,Control Room,Unsafe Act,Roof Repair,Worker's chin strap on helmet was loose during Roof Repair on Roof Access Ladder.,0,0.23,Work at Height,Work at Height,None,None,Roof Access Ladder,Minor injury,None,,Low
REP-BD406A6C,2022-10-16,Station Foxtrot,Deck 3,Unsafe Condition,Non-routine Task,"During a walkaround, found personnel doing Non-routine Task on Camp Facility. JSA not discussed meant they had no controls for Unidentified hazards.",1,0.77,Work Authorization,Work Authorization,Unidentified hazards,JSA not discussed,Camp Facility,Serious injury due to lack of hazard awareness,Property Damage,poor communication|unauthorized work,High
REP-3530AC03,2020-04-21,Terminal Echo,Loading Bay,Unsafe Condition,Grinding,The welding lead for Angle Grinder was slightly tangled during Grinding.,0,0.16,Hot Work,Hot Work,None,None,Angle Grinder,Minor injury,None,,Low
REP-44F7E7FF,2022-11-19,Platform Charlie,Boiler Area,Unsafe Condition,Repair,"Operator was performing Repair on Heat Exchanger HX-2. It was discovered that Energy not verified zero, leaving the system vulnerable to Steam leak. Work was stopped immediately.",1,0.9,Energy Isolation,Energy Isolation,Steam leak,Energy not verified zero,Heat Exchanger HX-2,Asphyxiation,Property Damage,toxic fluid|live electrical,High
REP-EE440387,2023-03-18,Terminal Echo,Drilling Floor,Unsafe Act,Process Operation,"Screen on DCS System was dirty, making it hard to read during Process Operation.",0,0.04,Bypassing Safety Controls,Bypassing Safety Controls,None,None,DCS System,Minor injury,None,,Low
REP-A1693E03,2023-09-21,Site Alpha,Deck 3,Near Miss,Grinding,Fire extinguisher near Angle Grinder for Grinding was due for monthly inspection next week.,0,0.3,Hot Work,Hot Work,None,None,Angle Grinder,Minor injury,None,,Low
REP-2A90C1D8,2023-05-31,Site Alpha,Boiler Area,Incident,Forklift Operation,"During Forklift Operation using Mobile Crane, the load began to swing wildly. Overloaded crane caused a loss of control, resulting in Crane tip-over.",1,0.9,Safe Mechanical Lifting,Safe Mechanical Lifting,Crane tip-over,Overloaded crane,Mobile Crane,Multiple serious injuries,None,dynamic loading|suspended load,High
REP-9A317FA8,2020-08-23,Terminal Echo,Deck 3,Unsafe Act,Pressure Testing,"During Pressure Testing, Winch W-2 failed unexpectedly. Because Exclusion zone breached, the worker was exposed to High pressure release. Fortunately, the worker jumped back in time.",1,0.92,Line of Fire,Line of Fire,High pressure release,Exclusion zone breached,Winch W-2,Crush injury,None,pinch point|pressure test,Medium
REP-40A377D5,2021-02-09,Terminal Echo,Loading Bay,Unsafe Act,Process Operation,"While investigating Pressure Safety Valve PSV-90, it was found that Interlock bridged during Process Operation. This exposed the facility to Overpressure.",1,0.91,Bypassing Safety Controls,Bypassing Safety Controls,Overpressure,Interlock bridged,Pressure Safety Valve PSV-90,Major explosion,None,disabled safety device|bypassed interlock,High
REP-FA6E743E,2022-12-02,Site Alpha,Boiler Area,Near Miss,Internal Inspection,Tools used for Internal Inspection in Reactor R-5 were left outside the entrance untidily.,0,0.33,Confined Space,Confined Space|Line of Fire,None,None,Reactor R-5,Minor injury,None,,Low
REP-2C3C27AE,2020-09-20,Site Alpha,Loading Bay,Near Miss,Structural Inspection,Worker observed performing Structural Inspection on Scaffold Tower B at 15 meters. It was noted that Missing toe boards. A Open grating could have resulted in a fatality.,1,0.74,Work at Height,Work at Height,Open grating,Missing toe boards,Scaffold Tower B,Fatality from fall,First Aid,working aloft|missing fall protection,High
REP-3F6F5197,2020-02-04,Site Alpha,Loading Bay,Incident,Soldering,Fire extinguisher near Welding Machine W-1 for Soldering was due for monthly inspection next week.,0,0.24,Hot Work,Hot Work,None,None,Welding Machine W-1,Minor injury,None,,Low
REP-2698B3B3,2020-11-15,Site Alpha,Boiler Area,Incident,Forklift Operation,"During Forklift Operation using Chain Block, the load began to swing wildly. Outriggers not extended caused a loss of control, resulting in Swinging load.",1,0.95,Safe Mechanical Lifting,Safe Mechanical Lifting,Swinging load,Outriggers not extended,Chain Block,Multiple serious injuries,None,blind lift|suspended load,High
REP-402622F0,2020-05-05,Refinery Delta,Deck 3,Incident,Process Operation,Indicator bulb on Fire & Gas Panel was burnt out during Process Operation.,0,0.24,Bypassing Safety Controls,Bypassing Safety Controls,None,None,Fire & Gas Panel,Minor injury,None,,Low
REP-413FAB70,2020-11-20,Station Foxtrot,Pump Room,Unsafe Condition,Pipefitting,"While preparing for Pipefitting on Compressor C-10, found that the lock for LOTO was slightly rusted, making it hard to use.",0,0.11,Energy Isolation,Energy Isolation,None,None,Compressor C-10,Minor injury,None,,Low
REP-6F373ADA,2023-08-03,Refinery Delta,Drilling Floor,Incident,Crane Lifting,Operator of Forklift F-3 during Crane Lifting forgot his safety glasses but was in an enclosed cab.,0,0.37,Safe Mechanical Lifting,Safe Mechanical Lifting,None,None,Forklift F-3,Minor injury,None,,Low
REP-C071E96F,2020-08-05,Facility Bravo,Main Workshop,Incident,Crane Lifting,Paint on Overhead Gantry used for Crane Lifting is peeling off.,0,0.2,Safe Mechanical Lifting,Safe Mechanical Lifting,None,None,Overhead Gantry,Minor injury,None,,Low
REP-89A1F161,2023-02-08,Facility Bravo,Deck 3,Incident,Scaffolding,"During Scaffolding, worker used the correct harness but the inspection log was not filled in for Cherry Picker.",0,0.32,Work at Height,Work at Height,None,None,Cherry Picker,Minor injury,None,,Low
REP-297BC3B6,2022-07-06,Site Alpha,Boiler Area,Unsafe Act,Roof Repair,"During Roof Repair, worker used the correct harness but the inspection log was not filled in for Crane C-1.",0,0.27,Work at Height,Work at Height,None,None,Crane C-1,Minor injury,None,,Low
REP-BD1ACC55,2022-08-04,Station Foxtrot,Loading Bay,Near Miss,Structural Inspection,Worker's chin strap on helmet was loose during Structural Inspection on Scaffold Tower B.,0,0.11,Work at Height,Work at Height,None,None,Scaffold Tower B,Minor injury,None,,Low
REP-F6760C64,2023-03-03,Refinery Delta,Boiler Area,Near Miss,Repair,"During Repair of Electrical Panel EP-5, the technician started loosening the flange while the line was still pressurized. Isolation valve was closed but Bleed valve closed. H2S exposure occurred. No injury occurred but potential was high.",1,0.9,Energy Isolation,Energy Isolation,H2S exposure,Bleed valve closed,Electrical Panel EP-5,Asphyxiation,None,live electrical|inadequate isolation,Medium
REP-B9D36BE9,2021-11-14,Facility Bravo,Loading Bay,Incident,Site Patrol,The Forklift was slightly dirty during Site Patrol.,0,0.23,Driving,Driving,None,None,Forklift,Minor injury,None,,Low
REP-02D1E1BF,2020-04-27,Platform Charlie,Storage Tank A,Incident,Contractor Work,Critical Contractor Work on Camp Facility proceeded despite Expired permit. This breakdown in authorization risked Simultaneous operations clash.,1,0.95,Work Authorization,Work Authorization|Work at Height,Simultaneous operations clash,Expired permit,Camp Facility,Serious injury due to lack of hazard awareness,None,poor communication|unauthorized work,Medium
REP-6C2094EA,2021-05-31,Site Alpha,Pump Room,Near Miss,Hoisting,Paint on Mobile Crane used for Hoisting is peeling off.,0,0.06,Safe Mechanical Lifting,Safe Mechanical Lifting,None,None,Mobile Crane,Minor injury,None,,Low
REP-1C6FCE99,2023-06-04,Terminal Echo,Pipe Rack 2,Unsafe Act,Transporting Personnel,The Light Vehicle was slightly dirty during Transporting Personnel.,0,0.03,Driving,Driving,None,None,Light Vehicle,Minor injury,None,,Low
REP-A0DD6DDC,2022-02-21,Terminal Echo,Pipe Rack 2,Near Miss,Rigging,The horn on Chain Block sounded a bit quiet during Rigging.,0,0.33,Safe Mechanical Lifting,Safe Mechanical Lifting|Driving,None,None,Chain Block,Minor injury,None,,Low
REP-E5685CEC,2021-10-22,Refinery Delta,Boiler Area,Unsafe Condition,Process Operation,"Audit of Pressure Safety Valve PSV-90 post-Process Operation revealed Override left active. Without this protection, Overpressure could have occurred.",1,0.78,Bypassing Safety Controls,Bypassing Safety Controls,Overpressure,Override left active,Pressure Safety Valve PSV-90,Catastrophic release,None,unauthorized override|bypassed interlock,Medium
REP-5C3EBF4E,2022-06-01,Station Foxtrot,Boiler Area,Unsafe Act,Site Patrol,Driver doing Site Patrol in Light Vehicle parked slightly outside the designated lines.,0,0.07,Driving,Driving,None,None,Light Vehicle,Minor injury,None,,Low
REP-09717D9F,2023-01-22,Site Alpha,Loading Bay,Near Miss,Pipefitting,"While inspecting Heat Exchanger HX-2, Electrical shock was narrowly avoided because LOTO not applied.",1,0.93,Energy Isolation,Energy Isolation,Electrical shock,LOTO not applied,Heat Exchanger HX-2,"Fire, serious injury or fatal exposure",None,inadequate isolation|stored energy,High
REP-2B36BF85,2020-05-24,Terminal Echo,Storage Tank A,Near Miss,Heavy Haulage,Radio in Vacuum Truck was left on high volume after Heavy Haulage.,0,0.02,Driving,Driving,None,None,Vacuum Truck,Minor injury,None,,Low
REP-DFA66DCD,2023-01-09,Facility Bravo,Pump Room,Unsafe Act,Pressure Testing,"During Pressure Testing, a piece of non-tensioned wire from Winch W-2 was left on the floor.",0,0.37,Line of Fire,Line of Fire,None,None,Winch W-2,Minor injury,None,,Low
REP-1C6F594E,2021-09-05,Terminal Echo,Storage Tank A,Unsafe Act,Pipefitting,"While preparing for Pipefitting on Valve V-99, found that the lock for LOTO was slightly rusted, making it hard to use.",0,0.23,Energy Isolation,Energy Isolation,None,None,Valve V-99,Minor injury,None,,Low
REP-774C2527,2020-11-04,Refinery Delta,Storage Tank A,Incident,Painting,"During Painting, worker used the correct harness but the inspection log was not filled in for Cherry Picker.",0,0.36,Work at Height,Work at Height,None,None,Cherry Picker,Minor injury,None,,Low
REP-34F35857,2021-12-27,Refinery Delta,Pump Room,Incident,Repair,"The tag for Pump P-204 was faded during Repair. No H2S exposure was present, but tag needs replacement.",0,0.18,Energy Isolation,Energy Isolation,None,None,Pump P-204,Minor injury,None,,Low
REP-C4FEA0FB,2023-09-10,Station Foxtrot,Storage Tank A,Unsafe Condition,Tank Cleaning,"Worker doing Tank Cleaning in Reactor R-5 complained about poor lighting, though gas levels were normal.",0,0.24,Confined Space,Confined Space,None,None,Reactor R-5,Minor injury,None,,Low
REP-0CA30547,2022-11-13,Platform Charlie,Boiler Area,Unsafe Act,Pipefitting,"Noticed Electrical Panel EP-5 had a minor weep during Pipefitting. LOTO was applied correctly, but cleanup was delayed.",0,0.11,Energy Isolation,Energy Isolation,None,None,Electrical Panel EP-5,Minor injury,None,,Low
REP-FBAE58EF,2023-01-16,Terminal Echo,Boiler Area,Unsafe Act,Trenching,Barricade tape for Trenching near Excavator was blown down by the wind. No operations were ongoing.,0,0.17,Line of Fire,Line of Fire,None,None,Excavator,Minor injury,None,,Low
REP-6291BB07,2022-12-15,Refinery Delta,Deck 3,Incident,Internal Inspection,"Worker doing Internal Inspection in Reactor R-5 complained about poor lighting, though gas levels were normal.",0,0.07,Confined Space,Confined Space,None,None,Reactor R-5,Minor injury,None,,Low
REP-73E7F353,2022-04-14,Site Alpha,Loading Bay,Unsafe Condition,Scaffolding,"Scaffolding was ongoing near Pipe Rack Level 3 when grating was removed. Scaffold tag missing left the hole unprotected, creating a high risk of Fall from height.",1,0.92,Work at Height,Work at Height,Fall from height,Scaffold tag missing,Pipe Rack Level 3,Fatality from fall,None,unsecured tools|missing fall protection,Medium
REP-0C8A57E3,2021-11-11,Station Foxtrot,Pump Room,Unsafe Condition,Process Operation,"Screen on Fire & Gas Panel was dirty, making it hard to read during Process Operation.",0,0.05,Bypassing Safety Controls,Bypassing Safety Controls,None,None,Fire & Gas Panel,Minor injury,None,,Low
REP-905AA083,2021-01-30,Station Foxtrot,Main Workshop,Near Miss,Hoisting,Operator of Chain Block during Hoisting forgot his safety glasses but was in an enclosed cab.,0,0.02,Safe Mechanical Lifting,Safe Mechanical Lifting,None,None,Chain Block,Minor injury,None,,Low
REP-4379799E,2023-01-13,Station Foxtrot,Pump Room,Incident,System Maintenance,"Audit of DCS System post-System Maintenance revealed Override left active. Without this protection, Equipment destruction could have occurred.",1,0.87,Bypassing Safety Controls,Bypassing Safety Controls|Line of Fire,Equipment destruction,Override left active,DCS System,Multiple fatalities,Property Damage,ignored alarm|unauthorized override,Medium
REP-E64E8645,2022-03-18,Station Foxtrot,Storage Tank A,Near Miss,Material Delivery,Driver doing Material Delivery in Pickup Truck P-12 parked slightly outside the designated lines.,0,0.25,Driving,Driving,None,None,Pickup Truck P-12,Minor injury,None,,Low
REP-684D8492,2020-07-03,Platform Charlie,Drilling Floor,Near Miss,Material Delivery,Driver doing Material Delivery in Light Vehicle parked slightly outside the designated lines.,0,0.28,Driving,Driving,None,None,Light Vehicle,Minor injury,None,,Low
REP-9A511CCA,2023-11-23,Site Alpha,Drilling Floor,Unsafe Act,Maintenance,"The tag for Pump P-204 was faded during Maintenance. No H2S exposure was present, but tag needs replacement.",0,0.37,Energy Isolation,Energy Isolation|Driving,None,None,Pump P-204,Minor injury,None,,Low
REP-1E6D81AE,2023-12-23,Station Foxtrot,Boiler Area,Unsafe Act,Roof Repair,Worker observed performing Roof Repair on Scaffold Tower B at 15 meters. It was noted that Missing toe boards. A Dropped object could have resulted in a fatality.,1,0.82,Work at Height,Work at Height,Dropped object,Missing toe boards,Scaffold Tower B,Multiple fractures,First Aid,edge proximity|open hole,Medium
REP-C2652B8E,2023-04-03,Platform Charlie,Boiler Area,Unsafe Act,Hoisting,Paint on Overhead Gantry used for Hoisting is peeling off.,0,0.22,Safe Mechanical Lifting,Safe Mechanical Lifting|Energy Isolation,None,None,Overhead Gantry,Minor injury,None,,Low
REP-C93C7252,2021-09-28,Platform Charlie,Storage Tank A,Near Miss,System Maintenance,Operator logged System Maintenance for Fire & Gas Panel in the wrong logbook.,0,0.07,Bypassing Safety Controls,Bypassing Safety Controls,None,None,Fire & Gas Panel,Minor injury,None,,Low
REP-04EC8147,2020-02-29,Refinery Delta,Boiler Area,Unsafe Condition,Contractor Work,Worker doing Contractor Work at Process Module 4 did not sign the permit exactly on the line.,0,0.32,Work Authorization,Work Authorization,None,None,Process Module 4,Minor injury,None,,Low
REP-8850130C,2020-08-10,Refinery Delta,Drilling Floor,Near Miss,Torch Cutting,Fire extinguisher near Pipe Spool P-10 for Torch Cutting was due for monthly inspection next week.,0,0.12,Hot Work,Hot Work,None,None,Pipe Spool P-10,Minor injury,None,,Low
REP-32A46316,2023-09-06,Refinery Delta,Main Workshop,Incident,Maintenance,"Operator was performing Maintenance on Valve V-99. It was discovered that Isolation valve leaking, leaving the system vulnerable to Electrical shock. Work was stopped immediately.",1,0.82,Energy Isolation,Energy Isolation,Electrical shock,Isolation valve leaking,Valve V-99,"Fire, serious injury or fatal exposure",Property Damage,pressurized equipment|inadequate isolation,High
REP-CB1E09D3,2022-11-24,Station Foxtrot,Storage Tank A,Unsafe Act,Welding,"During Welding with Pipe Spool P-10, Combustibles not cleared allowed slag to ignite a small fire. Fire potential was extremely high.",1,0.96,Hot Work,Hot Work,Fire,Combustibles not cleared,Pipe Spool P-10,Major fire,Property Damage,ignition source|hydrocarbon presence,High
REP-CE8F66C3,2020-06-11,Facility Bravo,Drilling Floor,Incident,Transporting Personnel,"Pickup Truck P-12 was involved in a near miss during Transporting Personnel. Investigation showed Brakes defective, drastically increasing the risk of Loss of control.",1,0.99,Driving,Driving,Loss of control,Brakes defective,Pickup Truck P-12,Crush injuries to pedestrian,None,heavy vehicle interaction|poor road conditions,Medium
REP-0162E7D2,2020-12-03,Site Alpha,Loading Bay,Near Miss,Repair,"Noticed Valve V-99 had a minor weep during Repair. LOTO was applied correctly, but cleanup was delayed.",0,0.29,Energy Isolation,Energy Isolation,None,None,Valve V-99,Minor injury,None,,Low
REP-99A7FAC3,2021-06-26,Terminal Echo,Boiler Area,Near Miss,Contractor Work,Critical Contractor Work on Workshop proceeded despite Wrong permit type. This breakdown in authorization risked Simultaneous operations clash.,1,0.8,Work Authorization,Work Authorization,Simultaneous operations clash,Wrong permit type,Workshop,Process incident,First Aid,unauthorized work|poor communication,Medium
REP-6A6A361C,2021-09-17,Station Foxtrot,Drilling Floor,Near Miss,Material Delivery,"While Material Delivery with Light Vehicle, the driver was observed Using mobile phone. This led to a near miss involving Pedestrian impact.",1,0.9,Driving,Driving,Pedestrian impact,Using mobile phone,Light Vehicle,Severe whiplash,First Aid,poor road conditions|high speed,High
REP-BDABFF0B,2023-01-05,Terminal Echo,Control Room,Unsafe Act,Grinding,The welding lead for Angle Grinder was slightly tangled during Grinding.,0,0.12,Hot Work,Hot Work,None,None,Angle Grinder,Minor injury,None,,Low
REP-892FE06D,2020-12-13,Site Alpha,Control Room,Near Miss,Process Operation,"Screen on Pressure Safety Valve PSV-90 was dirty, making it hard to read during Process Operation.",0,0.16,Bypassing Safety Controls,Bypassing Safety Controls,None,None,Pressure Safety Valve PSV-90,Minor injury,None,,Low
REP-C9B3A0DA,2021-04-15,Platform Charlie,Pipe Rack 2,Unsafe Condition,Transporting Personnel,Driver doing Transporting Personnel in Pickup Truck P-12 parked slightly outside the designated lines.,0,0.25,Driving,Driving,None,None,Pickup Truck P-12,Minor injury,None,,Low
REP-CC85D8F8,2022-03-22,Refinery Delta,Control Room,Near Miss,Internal Inspection,The entry log for Separator V-10 during Internal Inspection was smudged with dirt.,0,0.29,Confined Space,Confined Space,None,None,Separator V-10,Minor injury,None,,Low
REP-BFB01D18,2022-12-24,Facility Bravo,Pipe Rack 2,Near Miss,Roof Repair,"Scaffolding tubes for Pipe Rack Level 3 were stored untidily, causing a minor trip hazard during Roof Repair.",0,0.18,Work at Height,Work at Height,None,None,Pipe Rack Level 3,Minor injury,None,,Low
REP-1668C3C0,2020-10-28,Terminal Echo,Control Room,Near Miss,Non-routine Task,Worker doing Non-routine Task at Workshop did not sign the permit exactly on the line.,0,0.24,Work Authorization,Work Authorization,None,None,Workshop,Minor injury,None,,Low
REP-55022108,2022-09-08,Site Alpha,Main Workshop,Incident,Alarm Testing,"Screen on Shutdown Valve SDV-1 was dirty, making it hard to read during Alarm Testing.",0,0.28,Bypassing Safety Controls,Bypassing Safety Controls,None,None,Shutdown Valve SDV-1,Minor injury,None,,Low
REP-83F3EBA0,2020-09-27,Facility Bravo,Pipe Rack 2,Unsafe Condition,Rigging,Paint on Forklift F-3 used for Rigging is peeling off.,0,0.08,Safe Mechanical Lifting,Safe Mechanical Lifting,None,None,Forklift F-3,Minor injury,None,,Low
REP-A64BC005,2020-11-17,Terminal Echo,Loading Bay,Unsafe Condition,Trenching,"Worker performing Trenching on Hydraulic Torque Wrench had their hands slightly close to a rough edge, causing a minor scratch.",0,0.16,Line of Fire,Line of Fire,None,None,Hydraulic Torque Wrench,Minor injury,None,,Low
REP-5908B9E4,2020-01-05,Site Alpha,Deck 3,Incident,Transporting Personnel,The Light Vehicle was slightly dirty during Transporting Personnel.,0,0.1,Driving,Driving,None,None,Light Vehicle,Minor injury,None,,Low
REP-36F74D52,2021-01-22,Platform Charlie,Storage Tank A,Unsafe Act,Process Operation,Indicator bulb on DCS System was burnt out during Process Operation.,0,0.33,Bypassing Safety Controls,Bypassing Safety Controls,None,None,DCS System,Minor injury,None,,Low
REP-2C144EB0,2023-02-01,Station Foxtrot,Boiler Area,Unsafe Condition,Vessel Welding,"Worker doing Vessel Welding in Underground Sump complained about poor lighting, though gas levels were normal.",0,0.17,Confined Space,Confined Space,None,None,Underground Sump,Minor injury,None,,Low
REP-E6D805CD,2020-01-08,Platform Charlie,Main Workshop,Near Miss,Alarm Testing,Operator logged Alarm Testing for Fire & Gas Panel in the wrong logbook.,0,0.37,Bypassing Safety Controls,Bypassing Safety Controls,None,None,Fire & Gas Panel,Minor injury,None,,Low
REP-5793E682,2020-01-27,Station Foxtrot,Storage Tank A,Near Miss,System Maintenance,Operator logged System Maintenance for DCS System in the wrong logbook.,0,0.05,Bypassing Safety Controls,Bypassing Safety Controls|Work Authorization,None,None,DCS System,Minor injury,None,,Low
REP-1F4297BD,2023-04-26,Platform Charlie,Control Room,Unsafe Act,Scaffolding,"During Scaffolding, worker used the correct harness but the inspection log was not filled in for Crane C-1.",0,0.33,Work at Height,Work at Height,None,None,Crane C-1,Minor injury,None,,Low
REP-33CFCAB2,2023-03-08,Terminal Echo,Storage Tank A,Unsafe Condition,Repair,"While preparing for Repair on Heat Exchanger HX-2, found that the lock for LOTO was slightly rusted, making it hard to use.",0,0.22,Energy Isolation,Energy Isolation,None,None,Heat Exchanger HX-2,Minor injury,None,,Low
REP-D8ADC86B,2022-01-29,Terminal Echo,Storage Tank A,Unsafe Condition,General Maintenance,Permit for General Maintenance at Workshop had a minor spelling mistake in the supervisor's name.,0,0.15,Work Authorization,Work Authorization,None,None,Workshop,Minor injury,None,,Low
REP-860FE430,2023-12-07,Platform Charlie,Control Room,Unsafe Condition,Rigging,Worker's chin strap on helmet was loose during Rigging on Roof Access Ladder.,0,0.06,Work at Height,Work at Height,None,None,Roof Access Ladder,Minor injury,None,,Low
REP-8E4A29D6,2020-08-29,Refinery Delta,Control Room,Incident,Crane Lifting,Operator of Mobile Crane during Crane Lifting forgot his safety glasses but was in an enclosed cab.,0,0.13,Safe Mechanical Lifting,Safe Mechanical Lifting,None,None,Mobile Crane,Minor injury,None,,Low
REP-27C3060B,2023-08-13,Terminal Echo,Boiler Area,Near Miss,Painting,"During Painting, worker used the correct harness but the inspection log was not filled in for Roof Access Ladder.",0,0.27,Work at Height,Work at Height,None,None,Roof Access Ladder,Minor injury,None,,Low
REP-6726A0CD,2023-12-19,Platform Charlie,Drilling Floor,Near Miss,Process Operation,"Audit of Shutdown Valve SDV-1 post-Process Operation revealed Alarm disabled. Without this protection, Loss of containment could have occurred.",1,0.87,Bypassing Safety Controls,Bypassing Safety Controls,Loss of containment,Alarm disabled,Shutdown Valve SDV-1,Major explosion,None,unauthorized override|bypassed interlock,High
REP-77739815,2020-09-15,Site Alpha,Boiler Area,Unsafe Condition,Rigging,"Scaffolding tubes for Pipe Rack Level 3 were stored untidily, causing a minor trip hazard during Rigging.",0,0.31,Work at Height,Work at Height,None,None,Pipe Rack Level 3,Minor injury,None,,Low
REP-266A4E8C,2020-04-18,Refinery Delta,Boiler Area,Unsafe Condition,Soldering,The welding lead for Welding Machine W-1 was slightly tangled during Soldering.,0,0.17,Hot Work,Hot Work,None,None,Welding Machine W-1,Minor injury,None,,Low
REP-A7EEE5C7,2022-12-01,Station Foxtrot,Pipe Rack 2,Unsafe Condition,Rigging,The horn on Forklift F-3 sounded a bit quiet during Rigging.,0,0.04,Safe Mechanical Lifting,Safe Mechanical Lifting,None,None,Forklift F-3,Minor injury,None,,Low
REP-F85AEF2D,2023-08-06,Station Foxtrot,Pump Room,Unsafe Act,Rigging,"During Rigging using Forklift F-3, the load began to swing wildly. Damaged slings used caused a loss of control, resulting in Dropped suspended load.",1,0.72,Safe Mechanical Lifting,Safe Mechanical Lifting|Bypassing Safety Controls,Dropped suspended load,Damaged slings used,Forklift F-3,Structural collapse,Property Damage,suspended load|heavy lifting,High
REP-563B64AB,2022-06-21,Site Alpha,Boiler Area,Unsafe Condition,Welding,"A contractor began Welding using Angle Grinder. A safety walk discovered Combustibles not cleared, immediately stopping work due to Toxic fumes risk.",1,0.96,Hot Work,Hot Work|Line of Fire,Toxic fumes,Combustibles not cleared,Angle Grinder,Fatal burns,None,hydrocarbon presence|ignition source,High
REP-55D26B0C,2023-12-27,Platform Charlie,Main Workshop,Unsafe Condition,General Maintenance,Critical General Maintenance on Camp Facility proceeded despite Wrong permit type. This breakdown in authorization risked Uncontrolled work.,1,0.73,Work Authorization,Work Authorization|Driving,Uncontrolled work,Wrong permit type,Camp Facility,Serious injury due to lack of hazard awareness,Property Damage,simops|inadequate planning,High
REP-8C188C79,2021-07-25,Refinery Delta,Deck 3,Incident,Trenching,"Worker performing Trenching on Drill Pipe had their hands slightly close to a rough edge, causing a minor scratch.",0,0.24,Line of Fire,Line of Fire,None,None,Drill Pipe,Minor injury,None,,Low
REP-CF910D25,2020-05-24,Site Alpha,Main Workshop,Near Miss,Rigging,Worker's chin strap on helmet was loose during Rigging on Cherry Picker.,0,0.36,Work at Height,Work at Height,None,None,Cherry Picker,Minor injury,None,,Low
REP-0020C824,2020-11-06,Refinery Delta,Pipe Rack 2,Unsafe Act,Soldering,"During Soldering with Angle Grinder, Combustibles not cleared allowed slag to ignite a small fire. Explosion potential was extremely high.",1,0.83,Hot Work,Hot Work,Explosion,Combustibles not cleared,Angle Grinder,Facility explosion,First Aid,flammable atmosphere|sparks,Medium
REP-02AAEC2F,2023-01-14,Terminal Echo,Loading Bay,Near Miss,Rigging,Paint on Mobile Crane used for Rigging is peeling off.,0,0.36,Safe Mechanical Lifting,Safe Mechanical Lifting,None,None,Mobile Crane,Minor injury,None,,Low
REP-AC92F1A4,2022-06-28,Platform Charlie,Pump Room,Incident,Grinding,Welder doing Grinding with Pipe Spool P-10 had untucked coveralls.,0,0.18,Hot Work,Hot Work,None,None,Pipe Spool P-10,Minor injury,None,,Low
REP-416B5935,2023-01-12,Platform Charlie,Drilling Floor,Unsafe Act,Torch Cutting,Welder doing Torch Cutting with Welding Machine W-1 had untucked coveralls.,0,0.24,Hot Work,Hot Work,None,None,Welding Machine W-1,Minor injury,None,,Low
REP-1F004D32,2021-11-03,Platform Charlie,Control Room,Incident,Crane Lifting,"Crane Lifting was taking place with Mobile Crane. It was found that Overloaded crane, which is a severe violation that could result in Crane tip-over.",1,0.73,Safe Mechanical Lifting,Safe Mechanical Lifting,Crane tip-over,Overloaded crane,Mobile Crane,Crush fatality,None,dynamic loading|blind lift,Medium
REP-98BC6F7A,2020-06-18,Station Foxtrot,Boiler Area,Unsafe Condition,Pressure Testing,"Pressure Testing was being performed. Safety pin removed allowed personnel to walk directly under Winch W-2, posing a severe Caught between objects.",1,0.97,Line of Fire,Line of Fire,Caught between objects,Safety pin removed,Winch W-2,Fatal impact,None,moving machinery|pressure test,Medium
REP-202D04C6,2021-03-15,Station Foxtrot,Boiler Area,Near Miss,Torch Cutting,The welding lead for Welding Machine W-1 was slightly tangled during Torch Cutting.,0,0.05,Hot Work,Hot Work,None,None,Welding Machine W-1,Minor injury,None,,Low
REP-01EE9417,2020-09-21,Refinery Delta,Pipe Rack 2,Unsafe Act,Rigging,Operator of Overhead Gantry during Rigging forgot his safety glasses but was in an enclosed cab.,0,0.08,Safe Mechanical Lifting,Safe Mechanical Lifting|Driving,None,None,Overhead Gantry,Minor injury,None,,Low
REP-568739A6,2021-09-14,Station Foxtrot,Pump Room,Unsafe Condition,Welding,Fire extinguisher near Angle Grinder for Welding was due for monthly inspection next week.,0,0.09,Hot Work,Hot Work,None,None,Angle Grinder,Minor injury,None,,Low
REP-BC741D2A,2021-08-05,Site Alpha,Deck 3,Near Miss,Scaffolding,"During Scaffolding, worker used the correct harness but the inspection log was not filled in for Pipe Rack Level 3.",0,0.25,Work at Height,Work at Height,None,None,Pipe Rack Level 3,Minor injury,None,,Low
REP-A12CF9E5,2020-10-27,Site Alpha,Drilling Floor,Incident,Painting,"During Painting, worker used the correct harness but the inspection log was not filled in for Pipe Rack Level 3.",0,0.23,Work at Height,Work at Height,None,None,Pipe Rack Level 3,Minor injury,None,,Low
REP-4610E997,2022-06-18,Refinery Delta,Main Workshop,Unsafe Act,Pipefitting,"While inspecting Valve V-99, H2S exposure was narrowly avoided because Energy not verified zero.",1,0.72,Energy Isolation,Energy Isolation,H2S exposure,Energy not verified zero,Valve V-99,"Fire, serious injury or fatal exposure",Property Damage,live electrical|toxic fluid,High
REP-C36601AC,2022-02-06,Facility Bravo,Pump Room,Unsafe Act,Internal Inspection,Tools used for Internal Inspection in Underground Sump were left outside the entrance untidily.,0,0.28,Confined Space,Confined Space,None,None,Underground Sump,Minor injury,None,,Low
REP-872FC674,2022-02-16,Platform Charlie,Main Workshop,Unsafe Condition,Contractor Work,Permit for Contractor Work at Workshop had a minor spelling mistake in the supervisor's name.,0,0.2,Work Authorization,Work Authorization,None,None,Workshop,Minor injury,None,,Low
REP-85E3CF74,2023-12-09,Facility Bravo,Loading Bay,Unsafe Condition,Torquing,Barricade tape for Torquing near Winch W-2 was blown down by the wind. No operations were ongoing.,0,0.38,Line of Fire,Line of Fire,None,None,Winch W-2,Minor injury,None,,Low
REP-73D789A5,2023-07-28,Terminal Echo,Pipe Rack 2,Incident,Scaffolding,"Scaffolding tubes for Scaffold Tower B were stored untidily, causing a minor trip hazard during Scaffolding.",0,0.11,Work at Height,Work at Height,None,None,Scaffold Tower B,Minor injury,None,,Low
REP-17E9BBA5,2021-07-30,Station Foxtrot,Drilling Floor,Incident,Tank Cleaning,Tools used for Tank Cleaning in Separator V-10 were left outside the entrance untidily.,0,0.37,Confined Space,Confined Space,None,None,Separator V-10,Minor injury,None,,Low
REP-AC9460FC,2021-04-17,Facility Bravo,Storage Tank A,Unsafe Condition,Heavy Haulage,The Crew Bus was slightly dirty during Heavy Haulage.,0,0.16,Driving,Driving,None,None,Crew Bus,Minor injury,None,,Low
REP-41E8F409,2020-01-03,Refinery Delta,Deck 3,Unsafe Act,Grinding,Barricade tape for Grinding near Excavator was blown down by the wind. No operations were ongoing.,0,0.24,Line of Fire,Line of Fire|Driving,None,None,Excavator,Minor injury,None,,Low
REP-58CBAA06,2023-09-14,Facility Bravo,Deck 3,Near Miss,Pressure Testing,Barricade tape for Pressure Testing near Drill Pipe was blown down by the wind. No operations were ongoing.,0,0.32,Line of Fire,Line of Fire,None,None,Drill Pipe,Minor injury,None,,Low
REP-53BC0BBD,2022-10-27,Refinery Delta,Loading Bay,Near Miss,Transporting Personnel,The Light Vehicle was slightly dirty during Transporting Personnel.,0,0.31,Driving,Driving,None,None,Light Vehicle,Minor injury,None,,Low
REP-C1ACD108,2022-02-20,Terminal Echo,Pipe Rack 2,Unsafe Act,Transporting Personnel,Radio in Light Vehicle was left on high volume after Transporting Personnel.,0,0.28,Driving,Driving,None,None,Light Vehicle,Minor injury,None,,Low
REP-2E9D7514,2020-12-19,Terminal Echo,Main Workshop,Near Miss,Grinding,Fire extinguisher near Pipe Spool P-10 for Grinding was due for monthly inspection next week.,0,0.2,Hot Work,Hot Work,None,None,Pipe Spool P-10,Minor injury,None,,Low
REP-9BDB20AD,2021-03-13,Terminal Echo,Main Workshop,Unsafe Condition,Crane Lifting,The horn on Mobile Crane sounded a bit quiet during Crane Lifting.,0,0.08,Safe Mechanical Lifting,Safe Mechanical Lifting,None,None,Mobile Crane,Minor injury,None,,Low
REP-BB0DDB60,2020-09-26,Station Foxtrot,Pipe Rack 2,Unsafe Act,Tank Cleaning,Tools used for Tank Cleaning in Separator V-10 were left outside the entrance untidily.,0,0.09,Confined Space,Confined Space,None,None,Separator V-10,Minor injury,None,,Low
REP-4B7629A4,2020-09-24,Station Foxtrot,Control Room,Incident,Grinding,"A contractor began Grinding using Welding Machine W-1. A safety walk discovered Combustibles not cleared, immediately stopping work due to Explosion risk.",1,0.9,Hot Work,Hot Work|Confined Space,Explosion,Combustibles not cleared,Welding Machine W-1,Major fire,None,ignition source|flammable atmosphere,Medium
REP-35AD2F86,2020-04-06,Refinery Delta,Main Workshop,Incident,Lifting,"During Lifting, a piece of non-tensioned wire from Hydraulic Torque Wrench was left on the floor.",0,0.14,Line of Fire,Line of Fire,None,None,Hydraulic Torque Wrench,Minor injury,None,,Low
REP-6A76B9D4,2023-11-01,Site Alpha,Boiler Area,Unsafe Act,Repair,"While inspecting Heat Exchanger HX-2, Electrical shock was narrowly avoided because Padlock missing.",1,0.86,Energy Isolation,Energy Isolation,Electrical shock,Padlock missing,Heat Exchanger HX-2,Asphyxiation,None,live electrical|stored energy,Medium
REP-40710CBC,2020-02-29,Platform Charlie,Loading Bay,Near Miss,Roof Repair,Worker's chin strap on helmet was loose during Roof Repair on Pipe Rack Level 3.,0,0.38,Work at Height,Work at Height,None,None,Pipe Rack Level 3,Minor injury,None,,Low
REP-C2A36356,2023-02-15,Platform Charlie,Storage Tank A,Incident,System Maintenance,"While investigating Pressure Safety Valve PSV-90, it was found that Interlock bridged during System Maintenance. This exposed the facility to Overpressure.",1,0.85,Bypassing Safety Controls,Bypassing Safety Controls,Overpressure,Interlock bridged,Pressure Safety Valve PSV-90,Major explosion,First Aid,unauthorized override|bypassed interlock,High
REP-791AEC01,2023-04-05,Platform Charlie,Main Workshop,Near Miss,Pipefitting,"While preparing for Pipefitting on Compressor C-10, found that the lock for LOTO was slightly rusted, making it hard to use.",0,0.03,Energy Isolation,Energy Isolation,None,None,Compressor C-10,Minor injury,None,,Low
REP-A63D6C7F,2023-05-23,Refinery Delta,Boiler Area,Incident,Contractor Work,Permit for Contractor Work at Camp Facility had a minor spelling mistake in the supervisor's name.,0,0.13,Work Authorization,Work Authorization,None,None,Camp Facility,Minor injury,None,,Low
REP-62E4111B,2021-12-04,Station Foxtrot,Pipe Rack 2,Near Miss,Grinding,"While conducting Grinding with Hydraulic Torque Wrench, an IP stepped into the danger zone. Standing in pinch point resulted in the worker being in the Line of Fire for Caught between objects.",1,0.93,Line of Fire,Line of Fire,Caught between objects,Standing in pinch point,Hydraulic Torque Wrench,Crush injury,Property Damage,suspended load|moving machinery,Medium
REP-81C069B1,2022-04-14,Facility Bravo,Loading Bay,Near Miss,Lifting,Barricade tape for Lifting near Drill Pipe was blown down by the wind. No operations were ongoing.,0,0.25,Line of Fire,Line of Fire,None,None,Drill Pipe,Minor injury,None,,Low
REP-F90DBEB2,2021-07-30,Refinery Delta,Boiler Area,Near Miss,Rigging,Worker's chin strap on helmet was loose during Rigging on Cherry Picker.,0,0.29,Work at Height,Work at Height,None,None,Cherry Picker,Minor injury,None,,Low
REP-D98AB3A5,2023-12-17,Platform Charlie,Pipe Rack 2,Incident,Grinding,Welder doing Grinding with Angle Grinder had untucked coveralls.,0,0.04,Hot Work,Hot Work,None,None,Angle Grinder,Minor injury,None,,Low
REP-6F108669,2022-04-02,Terminal Echo,Main Workshop,Near Miss,Torch Cutting,The welding lead for Oxy-Acetylene Torch was slightly tangled during Torch Cutting.,0,0.32,Hot Work,Hot Work,None,None,Oxy-Acetylene Torch,Minor injury,None,,Low
REP-3899F2B9,2021-07-28,Facility Bravo,Deck 3,Unsafe Condition,Grinding,The welding lead for Pipe Spool P-10 was slightly tangled during Grinding.,0,0.09,Hot Work,Hot Work,None,None,Pipe Spool P-10,Minor injury,None,,Low
REP-52EC96F5,2022-01-30,Terminal Echo,Storage Tank A,Incident,Welding,Fire extinguisher near Welding Machine W-1 for Welding was due for monthly inspection next week.,0,0.07,Hot Work,Hot Work|Bypassing Safety Controls,None,None,Welding Machine W-1,Minor injury,None,,Low
REP-3DCA231B,2023-04-20,Site Alpha,Main Workshop,Unsafe Condition,General Maintenance,Permit for General Maintenance at Process Module 4 had a minor spelling mistake in the supervisor's name.,0,0.15,Work Authorization,Work Authorization,None,None,Process Module 4,Minor injury,None,,Low
REP-3B1E2C41,2021-03-13,Station Foxtrot,Pump Room,Incident,Crane Lifting,Paint on Overhead Gantry used for Crane Lifting is peeling off.,0,0.36,Safe Mechanical Lifting,Safe Mechanical Lifting,None,None,Overhead Gantry,Minor injury,None,,Low
REP-A449417B,2020-09-06,Refinery Delta,Pipe Rack 2,Near Miss,Vessel Welding,Tools used for Vessel Welding in Reactor R-5 were left outside the entrance untidily.,0,0.28,Confined Space,Confined Space,None,None,Reactor R-5,Minor injury,None,,Low
REP-B7CCBF77,2023-09-09,Platform Charlie,Boiler Area,Incident,Lifting,"Worker performing Lifting on Winch W-2 had their hands slightly close to a rough edge, causing a minor scratch.",0,0.15,Line of Fire,Line of Fire|Hot Work,None,None,Winch W-2,Minor injury,None,,Low
REP-4796AC3C,2023-10-17,Site Alpha,Pipe Rack 2,Incident,Heavy Haulage,The Crew Bus was slightly dirty during Heavy Haulage.,0,0.35,Driving,Driving,None,None,Crew Bus,Minor injury,None,,Low
REP-6B47FAC5,2022-08-16,Site Alpha,Deck 3,Near Miss,Pressure Testing,"During Pressure Testing, a piece of non-tensioned wire from High Pressure Hose was left on the floor.",0,0.08,Line of Fire,Line of Fire,None,None,High Pressure Hose,Minor injury,None,,Low
REP-78F47CE4,2020-11-07,Refinery Delta,Boiler Area,Unsafe Condition,Repair,"Noticed Compressor C-10 had a minor weep during Repair. LOTO was applied correctly, but cleanup was delayed.",0,0.02,Energy Isolation,Energy Isolation|Bypassing Safety Controls,None,None,Compressor C-10,Minor injury,None,,Low
REP-22E8204C,2020-12-02,Site Alpha,Loading Bay,Unsafe Act,Torquing,"While conducting Torquing with High Pressure Hose, an IP stepped into the danger zone. Standing in pinch point resulted in the worker being in the Line of Fire for High pressure release.",1,0.92,Line of Fire,Line of Fire|Hot Work,High pressure release,Standing in pinch point,High Pressure Hose,Severe lacerations,First Aid,suspended load|tensioned line,Medium
REP-6504C973,2021-12-22,Station Foxtrot,Loading Bay,Unsafe Condition,Torch Cutting,"During Torch Cutting with Angle Grinder, Fire watcher absent allowed slag to ignite a small fire. Toxic fumes potential was extremely high.",1,0.74,Hot Work,Hot Work|Line of Fire,Toxic fumes,Fire watcher absent,Angle Grinder,Fatal burns,Property Damage,hydrocarbon presence|ignition source,High
REP-CB510B7A,2022-05-24,Site Alpha,Pipe Rack 2,Near Miss,Grinding,"During Grinding, Hydraulic Torque Wrench failed unexpectedly. Because Safety pin removed, the worker was exposed to High pressure release. Fortunately, the worker jumped back in time.",1,0.77,Line of Fire,Line of Fire|Bypassing Safety Controls,High pressure release,Safety pin removed,Hydraulic Torque Wrench,Amputation,First Aid,pinch point|suspended load,Medium
REP-8B02D518,2020-09-04,Terminal Echo,Boiler Area,Unsafe Condition,Contractor Work,JSA for Contractor Work near Process Module 4 was printed on crumpled paper.,0,0.32,Work Authorization,Work Authorization,None,None,Process Module 4,Minor injury,None,,Low
REP-3F9F8A61,2022-10-06,Station Foxtrot,Storage Tank A,Near Miss,Scaffolding,"During Scaffolding, worker used the correct harness but the inspection log was not filled in for Roof Access Ladder.",0,0.04,Work at Height,Work at Height|Safe Mechanical Lifting,None,None,Roof Access Ladder,Minor injury,None,,Low
REP-6C189CC4,2021-03-19,Station Foxtrot,Boiler Area,Unsafe Condition,Rigging,The horn on Chain Block sounded a bit quiet during Rigging.,0,0.39,Safe Mechanical Lifting,Safe Mechanical Lifting,None,None,Chain Block,Minor injury,None,,Low
REP-08C9BA71,2023-07-16,Facility Bravo,Boiler Area,Near Miss,Transporting Personnel,Radio in Pickup Truck P-12 was left on high volume after Transporting Personnel.,0,0.4,Driving,Driving,None,None,Pickup Truck P-12,Minor injury,None,,Low
REP-A376F479,2021-05-16,Site Alpha,Deck 3,Unsafe Act,Process Operation,"Screen on Fire & Gas Panel was dirty, making it hard to read during Process Operation.",0,0.2,Bypassing Safety Controls,Bypassing Safety Controls|Work Authorization,None,None,Fire & Gas Panel,Minor injury,None,,Low
REP-C879635C,2023-08-30,Terminal Echo,Drilling Floor,Unsafe Condition,Contractor Work,JSA for Contractor Work near Process Module 4 was printed on crumpled paper.,0,0.31,Work Authorization,Work Authorization,None,None,Process Module 4,Minor injury,None,,Low
REP-8614854B,2022-01-18,Refinery Delta,Deck 3,Near Miss,Painting,"Painting was ongoing near Roof Access Ladder when grating was removed. Lanyard defective left the hole unprotected, creating a high risk of Dropped object.",1,0.94,Work at Height,Work at Height|Hot Work,Dropped object,Lanyard defective,Roof Access Ladder,Multiple fractures,Property Damage,open hole|unsecured tools,High
REP-FBCCEB5B,2021-07-02,Site Alpha,Deck 3,Near Miss,General Maintenance,Permit for General Maintenance at Utility Area had a minor spelling mistake in the supervisor's name.,0,0.18,Work Authorization,Work Authorization,None,None,Utility Area,Minor injury,None,,Low
REP-2645EA40,2020-01-02,Facility Bravo,Pump Room,Near Miss,Crane Lifting,The horn on Mobile Crane sounded a bit quiet during Crane Lifting.,0,0.03,Safe Mechanical Lifting,Safe Mechanical Lifting,None,None,Mobile Crane,Minor injury,None,,Low
REP-5FCF13DC,2021-05-13,Station Foxtrot,Storage Tank A,Incident,Lifting,"During Lifting, Winch W-2 failed unexpectedly. Because Standing in pinch point, the worker was exposed to Caught between objects. Fortunately, the worker jumped back in time.",1,0.72,Line of Fire,Line of Fire,Caught between objects,Standing in pinch point,Winch W-2,Amputation,Property Damage,tensioned line|suspended load,Medium
REP-2C3E2A10,2023-05-17,Facility Bravo,Boiler Area,Incident,Contractor Work,Permit for Contractor Work at Process Module 4 had a minor spelling mistake in the supervisor's name.,0,0.04,Work Authorization,Work Authorization|Bypassing Safety Controls,None,None,Process Module 4,Minor injury,None,,Low
REP-83369FAF,2021-03-01,Station Foxtrot,Main Workshop,Unsafe Condition,Pipefitting,"Noticed Electrical Panel EP-5 had a minor weep during Pipefitting. LOTO was applied correctly, but cleanup was delayed.",0,0.34,Energy Isolation,Energy Isolation,None,None,Electrical Panel EP-5,Minor injury,None,,Low
REP-8976BCC7,2020-11-20,Site Alpha,Deck 3,Near Miss,Roof Repair,Worker observed performing Roof Repair on Pipe Rack Level 3 at 15 meters. It was noted that Scaffold tag missing. A Unstable platform could have resulted in a fatality.,1,0.77,Work at Height,Work at Height,Unstable platform,Scaffold tag missing,Pipe Rack Level 3,Fatality from fall,None,edge proximity|missing fall protection,Medium
REP-88260368,2020-01-03,Facility Bravo,Storage Tank A,Incident,Soldering,Welder doing Soldering with Pipe Spool P-10 had untucked coveralls.,0,0.29,Hot Work,Hot Work,None,None,Pipe Spool P-10,Minor injury,None,,Low
REP-4EC73F82,2021-02-16,Refinery Delta,Drilling Floor,Incident,Rigging,The horn on Chain Block sounded a bit quiet during Rigging.,0,0.17,Safe Mechanical Lifting,Safe Mechanical Lifting,None,None,Chain Block,Minor injury,None,,Low
REP-02865ECC,2023-04-20,Station Foxtrot,Storage Tank A,Near Miss,Repair,"While preparing for Repair on Electrical Panel EP-5, found that the lock for LOTO was slightly rusted, making it hard to use.",0,0.09,Energy Isolation,Energy Isolation,None,None,Electrical Panel EP-5,Minor injury,None,,Low
REP-82743CA2,2023-11-23,Platform Charlie,Control Room,Unsafe Act,Grinding,"During Grinding, a piece of non-tensioned wire from High Pressure Hose was left on the floor.",0,0.09,Line of Fire,Line of Fire,None,None,High Pressure Hose,Minor injury,None,,Low
REP-6E201701,2021-08-16,Terminal Echo,Pipe Rack 2,Near Miss,Welding,"Welding was started on Angle Grinder near a live process area. Sparks falling to lower deck was observed, posing a massive risk of Explosion.",1,0.99,Hot Work,Hot Work,Explosion,Sparks falling to lower deck,Angle Grinder,Facility explosion,Property Damage,hydrocarbon presence|flammable atmosphere,High
REP-BC6F2D43,2023-12-23,Platform Charlie,Deck 3,Near Miss,Torch Cutting,Fire extinguisher near Pipe Spool P-10 for Torch Cutting was due for monthly inspection next week.,0,0.1,Hot Work,Hot Work,None,None,Pipe Spool P-10,Minor injury,None,,Low
REP-4F537BBE,2022-04-19,Platform Charlie,Pump Room,Unsafe Condition,Alarm Testing,"Screen on Pressure Safety Valve PSV-90 was dirty, making it hard to read during Alarm Testing.",0,0.35,Bypassing Safety Controls,Bypassing Safety Controls,None,None,Pressure Safety Valve PSV-90,Minor injury,None,,Low
REP-E334EA8D,2023-03-15,Refinery Delta,Boiler Area,Unsafe Act,Repair,"During Repair of Heat Exchanger HX-2, the technician started loosening the flange while the line was still pressurized. Isolation valve was closed but Isolation valve leaking. Steam leak occurred. No injury occurred but potential was high.",1,0.77,Energy Isolation,Energy Isolation,Steam leak,Isolation valve leaking,Heat Exchanger HX-2,Asphyxiation,None,inadequate isolation|pressurized equipment,Medium
REP-59E15934,2023-12-24,Refinery Delta,Drilling Floor,Near Miss,Roof Repair,Worker's chin strap on helmet was loose during Roof Repair on Scaffold Tower B.,0,0.12,Work at Height,Work at Height,None,None,Scaffold Tower B,Minor injury,None,,Low
REP-177BC87A,2020-05-11,Facility Bravo,Loading Bay,Unsafe Act,Pressure Testing,"During Pressure Testing, a piece of non-tensioned wire from Winch W-2 was left on the floor.",0,0.16,Line of Fire,Line of Fire,None,None,Winch W-2,Minor injury,None,,Low
REP-C0604F47,2022-12-18,Station Foxtrot,Storage Tank A,Unsafe Condition,Torquing,"During Torquing, a piece of non-tensioned wire from Winch W-2 was left on the floor.",0,0.35,Line of Fire,Line of Fire,None,None,Winch W-2,Minor injury,None,,Low
REP-4EF11D22,2021-09-03,Facility Bravo,Main Workshop,Near Miss,Soldering,Fire extinguisher near Welding Machine W-1 for Soldering was due for monthly inspection next week.,0,0.15,Hot Work,Hot Work,None,None,Welding Machine W-1,Minor injury,None,,Low
REP-75DB50A8,2020-11-18,Station Foxtrot,Boiler Area,Unsafe Act,Tank Cleaning,The entry log for Storage Tank A during Tank Cleaning was smudged with dirt.,0,0.33,Confined Space,Confined Space,None,None,Storage Tank A,Minor injury,None,,Low
REP-DF1831E4,2022-07-12,Station Foxtrot,Storage Tank A,Incident,Internal Inspection,"Worker doing Internal Inspection in Reactor R-5 complained about poor lighting, though gas levels were normal.",0,0.1,Confined Space,Confined Space,None,None,Reactor R-5,Minor injury,None,,Low
REP-B9B9218E,2023-09-01,Site Alpha,Control Room,Incident,Transporting Personnel,The Pickup Truck P-12 was slightly dirty during Transporting Personnel.,0,0.07,Driving,Driving,None,None,Pickup Truck P-12,Minor injury,None,,Low
REP-53420E80,2022-01-20,Site Alpha,Boiler Area,Unsafe Condition,Roof Repair,Worker's chin strap on helmet was loose during Roof Repair on Pipe Rack Level 3.,0,0.1,Work at Height,Work at Height,None,None,Pipe Rack Level 3,Minor injury,None,,Low
REP-7528604C,2020-11-09,Terminal Echo,Loading Bay,Unsafe Act,Rigging,The horn on Chain Block sounded a bit quiet during Rigging.,0,0.06,Safe Mechanical Lifting,Safe Mechanical Lifting,None,None,Chain Block,Minor injury,None,,Low
REP-198982C4,2022-06-22,Site Alpha,Deck 3,Incident,Torquing,"While conducting Torquing with High Pressure Hose, an IP stepped into the danger zone. Exclusion zone breached resulted in the worker being in the Line of Fire for Struck by moving object.",1,0.76,Line of Fire,Line of Fire,Struck by moving object,Exclusion zone breached,High Pressure Hose,Amputation,First Aid,suspended load|tensioned line,High
REP-33E6F63A,2020-04-26,Facility Bravo,Main Workshop,Near Miss,Welding,Welder doing Welding with Pipe Spool P-10 had untucked coveralls.,0,0.36,Hot Work,Hot Work,None,None,Pipe Spool P-10,Minor injury,None,,Low
REP-D3A36680,2020-09-17,Terminal Echo,Main Workshop,Incident,Painting,"Painting was ongoing near Crane C-1 when grating was removed. Lanyard defective left the hole unprotected, creating a high risk of Unstable platform.",1,0.97,Work at Height,Work at Height,Unstable platform,Lanyard defective,Crane C-1,Fatality from fall,None,unsecured tools|missing fall protection,Medium
REP-2A16AD5D,2023-09-14,Terminal Echo,Control Room,Unsafe Act,Maintenance,"Operator was performing Maintenance on Valve V-99. It was discovered that Isolation valve leaking, leaving the system vulnerable to Electrical shock. Work was stopped immediately.",1,0.94,Energy Isolation,Energy Isolation,Electrical shock,Isolation valve leaking,Valve V-99,Fatal electrocution,First Aid,pressurized equipment|stored energy,High
REP-34370176,2023-08-03,Terminal Echo,Loading Bay,Incident,Non-routine Task,Permit for Non-routine Task at Camp Facility had a minor spelling mistake in the supervisor's name.,0,0.16,Work Authorization,Work Authorization,None,None,Camp Facility,Minor injury,None,,Low
REP-F078B8A7,2021-07-31,Station Foxtrot,Main Workshop,Unsafe Condition,Non-routine Task,Critical Non-routine Task on Workshop proceeded despite PTW not issued. This breakdown in authorization risked Simultaneous operations clash.,1,0.8,Work Authorization,Work Authorization,Simultaneous operations clash,PTW not issued,Workshop,Serious injury due to lack of hazard awareness,Property Damage,unauthorized work|simops,High
REP-F7150EEC,2022-11-17,Site Alpha,Loading Bay,Near Miss,General Maintenance,Permit for General Maintenance at Workshop had a minor spelling mistake in the supervisor's name.,0,0.22,Work Authorization,Work Authorization|Work at Height,None,None,Workshop,Minor injury,None,,Low
REP-8348F3BA,2023-07-12,Facility Bravo,Boiler Area,Near Miss,Heavy Haulage,Radio in Light Vehicle was left on high volume after Heavy Haulage.,0,0.02,Driving,Driving,None,None,Light Vehicle,Minor injury,None,,Low
REP-BE017110,2021-03-27,Terminal Echo,Control Room,Unsafe Condition,Hoisting,"Hoisting was taking place with Forklift F-3. It was found that Overloaded crane, which is a severe violation that could result in Swinging load.",1,0.97,Safe Mechanical Lifting,Safe Mechanical Lifting,Swinging load,Overloaded crane,Forklift F-3,Structural collapse,None,heavy lifting|suspended load,High
REP-9128B384,2021-02-03,Station Foxtrot,Pump Room,Unsafe Condition,Torch Cutting,"During Torch Cutting with Angle Grinder, Combustibles not cleared allowed slag to ignite a small fire. Explosion potential was extremely high.",1,0.87,Hot Work,Hot Work,Explosion,Combustibles not cleared,Angle Grinder,Facility explosion,None,sparks|hydrocarbon presence,High
REP-266E6FD0,2021-07-08,Refinery Delta,Pump Room,Unsafe Condition,Hoisting,A heavy skid was being moved during Hoisting. Overloaded crane led to a near miss involving Rigging failure near Overhead Gantry.,1,0.87,Safe Mechanical Lifting,Safe Mechanical Lifting,Rigging failure,Overloaded crane,Overhead Gantry,Structural collapse,None,dynamic loading|blind lift,High
REP-73CF2757,2022-05-24,Station Foxtrot,Loading Bay,Unsafe Condition,Soldering,"During Soldering with Oxy-Acetylene Torch, Gas test expired allowed slag to ignite a small fire. Fire potential was extremely high.",1,0.88,Hot Work,Hot Work,Fire,Gas test expired,Oxy-Acetylene Torch,Major fire,First Aid,hydrocarbon presence|flammable atmosphere,Medium
REP-7BBE83D6,2022-01-04,Terminal Echo,Boiler Area,Unsafe Act,Soldering,Welder doing Soldering with Angle Grinder had untucked coveralls.,0,0.07,Hot Work,Hot Work,None,None,Angle Grinder,Minor injury,None,,Low
REP-5FA7F279,2020-05-26,Platform Charlie,Storage Tank A,Unsafe Condition,System Maintenance,"Screen on DCS System was dirty, making it hard to read during System Maintenance.",0,0.12,Bypassing Safety Controls,Bypassing Safety Controls,None,None,DCS System,Minor injury,None,,Low
REP-4086E6A6,2021-01-03,Site Alpha,Storage Tank A,Incident,Torch Cutting,"During Torch Cutting with Pipe Spool P-10, Sparks falling to lower deck allowed slag to ignite a small fire. Explosion potential was extremely high.",1,0.75,Hot Work,Hot Work,Explosion,Sparks falling to lower deck,Pipe Spool P-10,Major fire,Property Damage,flammable atmosphere|sparks,High
REP-5DF0DF99,2021-07-12,Terminal Echo,Pipe Rack 2,Unsafe Condition,Crane Lifting,A heavy skid was being moved during Crane Lifting. Damaged slings used led to a near miss involving Dropped suspended load near Overhead Gantry.,1,0.92,Safe Mechanical Lifting,Safe Mechanical Lifting,Dropped suspended load,Damaged slings used,Overhead Gantry,Crush fatality,None,heavy lifting|blind lift,Medium
REP-AF4A5BF4,2022-11-13,Station Foxtrot,Deck 3,Near Miss,Lifting,"During Lifting, a piece of non-tensioned wire from Winch W-2 was left on the floor.",0,0.3,Line of Fire,Line of Fire,None,None,Winch W-2,Minor injury,None,,Low
REP-CE8ADD2A,2021-06-20,Terminal Echo,Pipe Rack 2,Unsafe Act,Alarm Testing,Indicator bulb on Shutdown Valve SDV-1 was burnt out during Alarm Testing.,0,0.22,Bypassing Safety Controls,Bypassing Safety Controls,None,None,Shutdown Valve SDV-1,Minor injury,None,,Low
REP-F402DFA9,2021-05-15,Platform Charlie,Pipe Rack 2,Near Miss,Forklift Operation,Operator of Mobile Crane during Forklift Operation forgot his safety glasses but was in an enclosed cab.,0,0.21,Safe Mechanical Lifting,Safe Mechanical Lifting,None,None,Mobile Crane,Minor injury,None,,Low
REP-EF9607A2,2021-03-21,Platform Charlie,Boiler Area,Unsafe Act,Alarm Testing,Operator logged Alarm Testing for Shutdown Valve SDV-1 in the wrong logbook.,0,0.29,Bypassing Safety Controls,Bypassing Safety Controls,None,None,Shutdown Valve SDV-1,Minor injury,None,,Low
REP-F4500D5C,2022-12-25,Facility Bravo,Deck 3,Near Miss,Process Operation,Indicator bulb on Pressure Safety Valve PSV-90 was burnt out during Process Operation.,0,0.25,Bypassing Safety Controls,Bypassing Safety Controls|Work at Height,None,None,Pressure Safety Valve PSV-90,Minor injury,None,,Low
REP-1B2CF727,2023-06-09,Platform Charlie,Pipe Rack 2,Unsafe Act,Transporting Personnel,Radio in Pickup Truck P-12 was left on high volume after Transporting Personnel.,0,0.24,Driving,Driving,None,None,Pickup Truck P-12,Minor injury,None,,Low
REP-381D837A,2020-12-10,Station Foxtrot,Pump Room,Unsafe Act,Material Delivery,The Pickup Truck P-12 was slightly dirty during Material Delivery.,0,0.3,Driving,Driving,None,None,Pickup Truck P-12,Minor injury,None,,Low
REP-30DF9A04,2021-07-07,Facility Bravo,Pipe Rack 2,Unsafe Condition,Vessel Welding,Worker entered Separator V-10 for Vessel Welding. Suddenly the alarm sounded. Attendant absent meant the worker was exposed to Engulfment.,1,0.88,Confined Space,Confined Space,Engulfment,Attendant absent,Separator V-10,Loss of consciousness,None,restricted access|deep excavation,High
REP-AD862726,2022-12-29,Station Foxtrot,Storage Tank A,Unsafe Condition,Repair,"Noticed Heat Exchanger HX-2 had a minor weep during Repair. LOTO was applied correctly, but cleanup was delayed.",0,0.19,Energy Isolation,Energy Isolation,None,None,Heat Exchanger HX-2,Minor injury,None,,Low
REP-41415498,2022-09-17,Refinery Delta,Deck 3,Near Miss,Process Operation,Indicator bulb on Pressure Safety Valve PSV-90 was burnt out during Process Operation.,0,0.09,Bypassing Safety Controls,Bypassing Safety Controls,None,None,Pressure Safety Valve PSV-90,Minor injury,None,,Low
REP-EA426AAD,2021-01-23,Facility Bravo,Pipe Rack 2,Unsafe Condition,Heavy Haulage,The Vacuum Truck was slightly dirty during Heavy Haulage.,0,0.39,Driving,Driving,None,None,Vacuum Truck,Minor injury,None,,Low
REP-FE71D310,2022-09-03,Platform Charlie,Pump Room,Incident,Vessel Welding,"During Vessel Welding inside Separator V-10, Attendant absent was noted. This is a critical failure leading to high risk of Toxic atmosphere.",1,0.91,Confined Space,Confined Space,Toxic atmosphere,Attendant absent,Separator V-10,Fatality due to toxic gas,Property Damage,deep excavation|poor ventilation,Medium
REP-6F0818BC,2023-01-07,Terminal Echo,Deck 3,Near Miss,Contractor Work,Permit for Contractor Work at Camp Facility had a minor spelling mistake in the supervisor's name.,0,0.01,Work Authorization,Work Authorization,None,None,Camp Facility,Minor injury,None,,Low
REP-7D79482C,2022-05-08,Terminal Echo,Pipe Rack 2,Unsafe Condition,Rigging,"Rigging was ongoing near Crane C-1 when grating was removed. Missing toe boards left the hole unprotected, creating a high risk of Open grating.",1,0.9,Work at Height,Work at Height,Open grating,Missing toe boards,Crane C-1,Serious head injury from dropped object,Property Damage,working aloft|open hole,High
REP-A0EC28EC,2023-11-26,Refinery Delta,Pipe Rack 2,Incident,Hoisting,Paint on Chain Block used for Hoisting is peeling off.,0,0.16,Safe Mechanical Lifting,Safe Mechanical Lifting,None,None,Chain Block,Minor injury,None,,Low
REP-41CA5776,2021-07-12,Station Foxtrot,Storage Tank A,Unsafe Act,Welding,The welding lead for Angle Grinder was slightly tangled during Welding.,0,0.1,Hot Work,Hot Work,None,None,Angle Grinder,Minor injury,None,,Low
REP-3D13D2B9,2021-09-15,Site Alpha,Control Room,Incident,Forklift Operation,Operator of Mobile Crane during Forklift Operation forgot his safety glasses but was in an enclosed cab.,0,0.4,Safe Mechanical Lifting,Safe Mechanical Lifting,None,None,Mobile Crane,Minor injury,None,,Low
REP-64F87AC4,2023-03-15,Platform Charlie,Storage Tank A,Near Miss,Transporting Personnel,Driver doing Transporting Personnel in Light Vehicle parked slightly outside the designated lines.,0,0.28,Driving,Driving,None,None,Light Vehicle,Minor injury,None,,Low
REP-A2ECD5BF,2022-03-27,Station Foxtrot,Pipe Rack 2,Unsafe Act,Material Delivery,"A safety camera caught Light Vehicle engaged in Material Delivery. The footage revealed Speeding, which is a precursor to Pedestrian impact.",1,0.97,Driving,Driving,Pedestrian impact,Speeding,Light Vehicle,Severe whiplash,None,poor road conditions|distracted driving,High
REP-F196A016,2022-03-18,Site Alpha,Drilling Floor,Unsafe Condition,Crane Lifting,Operator of Overhead Gantry during Crane Lifting forgot his safety glasses but was in an enclosed cab.,0,0.21,Safe Mechanical Lifting,Safe Mechanical Lifting,None,None,Overhead Gantry,Minor injury,None,,Low
REP-940613FC,2022-12-30,Platform Charlie,Drilling Floor,Unsafe Act,Inspection,"During Inspection of Valve V-99, the technician started loosening the flange while the line was still pressurized. Isolation valve was closed but Padlock missing. Electrical shock occurred. No injury occurred but potential was high.",1,0.94,Energy Isolation,Energy Isolation,Electrical shock,Padlock missing,Valve V-99,"Fire, serious injury or fatal exposure",First Aid,pressurized equipment|stored energy,Medium
REP-24662071,2022-08-28,Platform Charlie,Deck 3,Near Miss,Inspection,"The tag for Pump P-204 was faded during Inspection. No Stored energy discharge was present, but tag needs replacement.",0,0.24,Energy Isolation,Energy Isolation,None,None,Pump P-204,Minor injury,None,,Low
REP-CBE28F54,2023-10-22,Refinery Delta,Deck 3,Near Miss,Tank Cleaning,"Worker doing Tank Cleaning in Separator V-10 complained about poor lighting, though gas levels were normal.",0,0.29,Confined Space,Confined Space|Safe Mechanical Lifting,None,None,Separator V-10,Minor injury,None,,Low
REP-C06F8C0D,2021-08-25,Refinery Delta,Control Room,Unsafe Act,Repair,"The tag for Valve V-99 was faded during Repair. No Stored energy discharge was present, but tag needs replacement.",0,0.27,Energy Isolation,Energy Isolation,None,None,Valve V-99,Minor injury,None,,Low
REP-9DE54098,2021-02-21,Refinery Delta,Drilling Floor,Unsafe Act,Non-routine Task,Permit for Non-routine Task at Process Module 4 had a minor spelling mistake in the supervisor's name.,0,0.26,Work Authorization,Work Authorization,None,None,Process Module 4,Minor injury,None,,Low
REP-A41EF63A,2023-02-18,Refinery Delta,Drilling Floor,Unsafe Condition,Hoisting,"Hoisting was taking place with Overhead Gantry. It was found that Damaged slings used, which is a severe violation that could result in Swinging load.",1,0.78,Safe Mechanical Lifting,Safe Mechanical Lifting,Swinging load,Damaged slings used,Overhead Gantry,Multiple serious injuries,First Aid,suspended load|heavy lifting,High
REP-AF15975E,2022-05-21,Facility Bravo,Boiler Area,Unsafe Condition,Pipefitting,"While preparing for Pipefitting on Compressor C-10, found that the lock for LOTO was slightly rusted, making it hard to use.",0,0.06,Energy Isolation,Energy Isolation,None,None,Compressor C-10,Minor injury,None,,Low
REP-B61B9562,2023-01-13,Platform Charlie,Drilling Floor,Near Miss,Repair,"Operator was performing Repair on Compressor C-10. It was discovered that Bleed valve closed, leaving the system vulnerable to Electrical shock. Work was stopped immediately.",1,0.84,Energy Isolation,Energy Isolation,Electrical shock,Bleed valve closed,Compressor C-10,Asphyxiation,First Aid,pressurized equipment|live electrical,High
REP-B12C01B6,2021-08-11,Platform Charlie,Drilling Floor,Unsafe Condition,System Maintenance,Indicator bulb on Pressure Safety Valve PSV-90 was burnt out during System Maintenance.,0,0.39,Bypassing Safety Controls,Bypassing Safety Controls,None,None,Pressure Safety Valve PSV-90,Minor injury,None,,Low
REP-DCCA20C7,2022-08-06,Refinery Delta,Boiler Area,Incident,Maintenance,"During Maintenance of Compressor C-10, the technician started loosening the flange while the line was still pressurized. Isolation valve was closed but Isolation valve leaking. Steam leak occurred. No injury occurred but potential was high.",1,0.97,Energy Isolation,Energy Isolation,Steam leak,Isolation valve leaking,Compressor C-10,Fatal electrocution,Property Damage,stored energy|live electrical,Medium
REP-BEFA2E03,2023-04-11,Station Foxtrot,Main Workshop,Unsafe Condition,Material Delivery,Driver doing Material Delivery in Light Vehicle parked slightly outside the designated lines.,0,0.08,Driving,Driving,None,None,Light Vehicle,Minor injury,None,,Low
REP-BC78945A,2022-07-07,Site Alpha,Pump Room,Near Miss,Grinding,The welding lead for Oxy-Acetylene Torch was slightly tangled during Grinding.,0,0.25,Hot Work,Hot Work,None,None,Oxy-Acetylene Torch,Minor injury,None,,Low
REP-6CC4B99E,2022-01-19,Station Foxtrot,Loading Bay,Near Miss,Transporting Personnel,Driver doing Transporting Personnel in Crew Bus parked slightly outside the designated lines.,0,0.19,Driving,Driving,None,None,Crew Bus,Minor injury,None,,Low
REP-5DE29FCD,2021-06-16,Platform Charlie,Loading Bay,Unsafe Act,Rigging,Operator of Overhead Gantry during Rigging forgot his safety glasses but was in an enclosed cab.,0,0.19,Safe Mechanical Lifting,Safe Mechanical Lifting,None,None,Overhead Gantry,Minor injury,None,,Low
REP-A86203A2,2021-05-05,Station Foxtrot,Pipe Rack 2,Unsafe Condition,Non-routine Task,Permit for Non-routine Task at Process Module 4 had a minor spelling mistake in the supervisor's name.,0,0.28,Work Authorization,Work Authorization,None,None,Process Module 4,Minor injury,None,,Low
REP-EEAC9B41,2020-01-20,Platform Charlie,Pipe Rack 2,Incident,Pipefitting,"The tag for Heat Exchanger HX-2 was faded during Pipefitting. No H2S exposure was present, but tag needs replacement.",0,0.2,Energy Isolation,Energy Isolation,None,None,Heat Exchanger HX-2,Minor injury,None,,Low
REP-F544A5F3,2020-04-12,Site Alpha,Pipe Rack 2,Unsafe Act,Structural Inspection,"During Structural Inspection, a 5kg wrench was dropped from Crane C-1. Lanyard defective meant the area below was not clear. Fall from height was a near miss.",1,0.91,Work at Height,Work at Height,Fall from height,Lanyard defective,Crane C-1,Multiple fractures,Property Damage,missing fall protection|unsecured tools,High
REP-E8530B9C,2023-04-28,Refinery Delta,Deck 3,Near Miss,General Maintenance,JSA for General Maintenance near Utility Area was printed on crumpled paper.,0,0.37,Work Authorization,Work Authorization|Driving,None,None,Utility Area,Minor injury,None,,Low
REP-040FD704,2020-03-16,Site Alpha,Pump Room,Near Miss,Process Operation,"Audit of Fire & Gas Panel post-Process Operation revealed Override left active. Without this protection, Equipment destruction could have occurred.",1,0.87,Bypassing Safety Controls,Bypassing Safety Controls,Equipment destruction,Override left active,Fire & Gas Panel,Catastrophic release,Property Damage,ignored alarm|disabled safety device,Medium
REP-8E08BC99,2021-08-26,Refinery Delta,Main Workshop,Near Miss,Inspection,"While preparing for Inspection on Electrical Panel EP-5, found that the lock for LOTO was slightly rusted, making it hard to use.",0,0.08,Energy Isolation,Energy Isolation,None,None,Electrical Panel EP-5,Minor injury,None,,Low
REP-E10EA624,2021-12-14,Terminal Echo,Boiler Area,Unsafe Act,Non-routine Task,Worker doing Non-routine Task at Utility Area did not sign the permit exactly on the line.,0,0.29,Work Authorization,Work Authorization,None,None,Utility Area,Minor injury,None,,Low
REP-A8DEBE8F,2023-01-11,Facility Bravo,Control Room,Unsafe Act,Inspection,"Noticed Compressor C-10 had a minor weep during Inspection. LOTO was applied correctly, but cleanup was delayed.",0,0.13,Energy Isolation,Energy Isolation,None,None,Compressor C-10,Minor injury,None,,Low
REP-85162F7C,2020-11-23,Terminal Echo,Storage Tank A,Unsafe Act,Torch Cutting,The welding lead for Oxy-Acetylene Torch was slightly tangled during Torch Cutting.,0,0.31,Hot Work,Hot Work,None,None,Oxy-Acetylene Torch,Minor injury,None,,Low
REP-9CC1EE02,2020-06-12,Platform Charlie,Drilling Floor,Unsafe Act,Vessel Welding,"During Vessel Welding inside Storage Tank A, Ventilation failed was noted. This is a critical failure leading to high risk of Oxygen deficiency.",1,0.77,Confined Space,Confined Space,Oxygen deficiency,Ventilation failed,Storage Tank A,Fatality due to toxic gas,Property Damage,restricted access|deep excavation,High
REP-C0BC5AD2,2021-03-28,Platform Charlie,Deck 3,Near Miss,Inspection,"While preparing for Inspection on Pump P-204, found that the lock for LOTO was slightly rusted, making it hard to use.",0,0.24,Energy Isolation,Energy Isolation,None,None,Pump P-204,Minor injury,None,,Low
REP-229230BC,2020-09-06,Terminal Echo,Loading Bay,Unsafe Act,Transporting Personnel,Radio in Forklift was left on high volume after Transporting Personnel.,0,0.3,Driving,Driving,None,None,Forklift,Minor injury,None,,Low
REP-3B266C98,2023-03-21,Site Alpha,Pipe Rack 2,Near Miss,Material Delivery,"While Material Delivery with Light Vehicle, the driver was observed Using mobile phone. This led to a near miss involving Loss of control.",1,0.77,Driving,Driving,Loss of control,Using mobile phone,Light Vehicle,Fatal traffic accident,None,poor road conditions|distracted driving,High
REP-67DB26F8,2022-03-31,Site Alpha,Drilling Floor,Incident,Rigging,"During Rigging, worker used the correct harness but the inspection log was not filled in for Scaffold Tower B.",0,0.19,Work at Height,Work at Height|Confined Space,None,None,Scaffold Tower B,Minor injury,None,,Low
REP-ED546CA2,2020-05-03,Station Foxtrot,Pump Room,Near Miss,Process Operation,"While investigating Shutdown Valve SDV-1, it was found that Alarm disabled during Process Operation. This exposed the facility to Process safety event.",1,0.76,Bypassing Safety Controls,Bypassing Safety Controls,Process safety event,Alarm disabled,Shutdown Valve SDV-1,Multiple fatalities,Property Damage,unauthorized override|ignored alarm,Medium
REP-B1D97021,2022-09-25,Terminal Echo,Boiler Area,Near Miss,Process Operation,Operator logged Process Operation for Fire & Gas Panel in the wrong logbook.,0,0.1,Bypassing Safety Controls,Bypassing Safety Controls,None,None,Fire & Gas Panel,Minor injury,None,,Low
REP-E931E789,2022-11-06,Facility Bravo,Control Room,Incident,Scaffolding,"During Scaffolding, worker used the correct harness but the inspection log was not filled in for Roof Access Ladder.",0,0.06,Work at Height,Work at Height,None,None,Roof Access Ladder,Minor injury,None,,Low
REP-2442BE6B,2021-06-06,Platform Charlie,Deck 3,Incident,Inspection,"Operator was performing Inspection on Heat Exchanger HX-2. It was discovered that Padlock missing, leaving the system vulnerable to H2S exposure. Work was stopped immediately.",1,0.75,Energy Isolation,Energy Isolation,H2S exposure,Padlock missing,Heat Exchanger HX-2,Asphyxiation,First Aid,pressurized equipment|inadequate isolation,Medium
REP-317DA48C,2020-03-17,Facility Bravo,Pipe Rack 2,Unsafe Act,Rigging,"During Rigging, a 5kg wrench was dropped from Roof Access Ladder. Scaffold tag missing meant the area below was not clear. Unstable platform was a near miss.",1,0.71,Work at Height,Work at Height,Unstable platform,Scaffold tag missing,Roof Access Ladder,Serious head injury from dropped object,None,missing fall protection|open hole,High
REP-64BE7AE6,2021-07-08,Refinery Delta,Deck 3,Unsafe Condition,Tank Cleaning,"Prior to Tank Cleaning in Underground Sump, it was discovered that Rescue plan inadequate. This could have led to Oxygen deficiency and potential fatality.",1,0.78,Confined Space,Confined Space,Oxygen deficiency,Rescue plan inadequate,Underground Sump,Fatality due to toxic gas,Property Damage,hazardous atmosphere|poor ventilation,High
REP-F061B7A8,2023-01-03,Platform Charlie,Pipe Rack 2,Incident,Tank Cleaning,The entry log for Reactor R-5 during Tank Cleaning was smudged with dirt.,0,0.08,Confined Space,Confined Space,None,None,Reactor R-5,Minor injury,None,,Low
REP-F6B1CBC3,2021-06-28,Facility Bravo,Pump Room,Incident,Torch Cutting,The welding lead for Welding Machine W-1 was slightly tangled during Torch Cutting.,0,0.06,Hot Work,Hot Work,None,None,Welding Machine W-1,Minor injury,None,,Low
REP-F4F75ED4,2023-04-24,Terminal Echo,Pipe Rack 2,Unsafe Act,Transporting Personnel,Driver doing Transporting Personnel in Pickup Truck P-12 parked slightly outside the designated lines.,0,0.38,Driving,Driving,None,None,Pickup Truck P-12,Minor injury,None,,Low
REP-32EB0B1E,2022-08-30,Refinery Delta,Pump Room,Near Miss,Vessel Welding,"Worker doing Vessel Welding in Reactor R-5 complained about poor lighting, though gas levels were normal.",0,0.12,Confined Space,Confined Space,None,None,Reactor R-5,Minor injury,None,,Low
REP-BF164C30,2021-12-15,Platform Charlie,Boiler Area,Unsafe Act,Maintenance,"During Maintenance of Heat Exchanger HX-2, the technician started loosening the flange while the line was still pressurized. Isolation valve was closed but Bleed valve closed. Pressurized hydrocarbon release occurred. No injury occurred but potential was high.",1,0.86,Energy Isolation,Energy Isolation,Pressurized hydrocarbon release,Bleed valve closed,Heat Exchanger HX-2,Fatal electrocution,None,live electrical|stored energy,High
REP-1AC0542F,2021-07-03,Platform Charlie,Deck 3,Unsafe Act,Painting,"Scaffolding tubes for Crane C-1 were stored untidily, causing a minor trip hazard during Painting.",0,0.06,Work at Height,Work at Height,None,None,Crane C-1,Minor injury,None,,Low
REP-F34038EA,2023-06-15,Platform Charlie,Deck 3,Unsafe Condition,Non-routine Task,Critical Non-routine Task on Utility Area proceeded despite JSA not discussed. This breakdown in authorization risked Unidentified hazards.,1,0.72,Work Authorization,Work Authorization,Unidentified hazards,JSA not discussed,Utility Area,Serious injury due to lack of hazard awareness,Property Damage,poor communication|simops,High
REP-9FC40DF5,2020-06-09,Refinery Delta,Main Workshop,Unsafe Condition,Rigging,"Rigging was taking place with Mobile Crane. It was found that Damaged slings used, which is a severe violation that could result in Rigging failure.",1,0.76,Safe Mechanical Lifting,Safe Mechanical Lifting,Rigging failure,Damaged slings used,Mobile Crane,Multiple serious injuries,First Aid,blind lift|dynamic loading,Medium
REP-5C4442C5,2022-06-02,Site Alpha,Storage Tank A,Unsafe Condition,Repair,"During Repair of Compressor C-10, the technician started loosening the flange while the line was still pressurized. Isolation valve was closed but Padlock missing. Electrical shock occurred. No injury occurred but potential was high.",1,0.76,Energy Isolation,Energy Isolation,Electrical shock,Padlock missing,Compressor C-10,"Fire, serious injury or fatal exposure",Property Damage,toxic fluid|stored energy,High
REP-4B3A3740,2022-04-28,Station Foxtrot,Boiler Area,Unsafe Act,Inspection,"While inspecting Heat Exchanger HX-2, Steam leak was narrowly avoided because Padlock missing.",1,0.8,Energy Isolation,Energy Isolation|Confined Space,Steam leak,Padlock missing,Heat Exchanger HX-2,Fatal electrocution,First Aid,stored energy|toxic fluid,Medium
REP-CAEE723B,2021-05-13,Facility Bravo,Drilling Floor,Unsafe Act,Internal Inspection,The entry log for Storage Tank A during Internal Inspection was smudged with dirt.,0,0.05,Confined Space,Confined Space,None,None,Storage Tank A,Minor injury,None,,Low
REP-F673F63F,2020-03-25,Station Foxtrot,Pipe Rack 2,Incident,General Maintenance,"Crew commenced General Maintenance at Camp Facility but JSA not discussed. Unaware of SIMOPS, they were exposed to Unidentified hazards.",1,0.73,Work Authorization,Work Authorization,Unidentified hazards,JSA not discussed,Camp Facility,Serious injury due to lack of hazard awareness,Property Damage,poor communication|unauthorized work,High
REP-A3E00204,2022-04-14,Site Alpha,Control Room,Unsafe Act,System Maintenance,"Screen on Pressure Safety Valve PSV-90 was dirty, making it hard to read during System Maintenance.",0,0.31,Bypassing Safety Controls,Bypassing Safety Controls,None,None,Pressure Safety Valve PSV-90,Minor injury,None,,Low
REP-966552A9,2021-09-09,Platform Charlie,Boiler Area,Unsafe Condition,Transporting Personnel,The Forklift was slightly dirty during Transporting Personnel.,0,0.33,Driving,Driving,None,None,Forklift,Minor injury,None,,Low
REP-F0B1A77D,2023-09-22,Station Foxtrot,Pump Room,Near Miss,Roof Repair,Worker's chin strap on helmet was loose during Roof Repair on Scaffold Tower B.,0,0.07,Work at Height,Work at Height,None,None,Scaffold Tower B,Minor injury,None,,Low
REP-898B1C00,2020-07-12,Facility Bravo,Boiler Area,Incident,Contractor Work,Worker doing Contractor Work at Workshop did not sign the permit exactly on the line.,0,0.15,Work Authorization,Work Authorization,None,None,Workshop,Minor injury,None,,Low
REP-A2C4F7B4,2021-12-19,Site Alpha,Storage Tank A,Unsafe Act,Non-routine Task,JSA for Non-routine Task near Utility Area was printed on crumpled paper.,0,0.24,Work Authorization,Work Authorization,None,None,Utility Area,Minor injury,None,,Low
REP-F418FCFA,2021-08-07,Station Foxtrot,Pipe Rack 2,Incident,Rigging,"During Rigging, a 5kg wrench was dropped from Scaffold Tower B. Missing toe boards meant the area below was not clear. Unstable platform was a near miss.",1,0.86,Work at Height,Work at Height,Unstable platform,Missing toe boards,Scaffold Tower B,Multiple fractures,Property Damage,working aloft|unsecured tools,High
REP-3309004C,2021-09-30,Refinery Delta,Main Workshop,Unsafe Act,Heavy Haulage,Radio in Light Vehicle was left on high volume after Heavy Haulage.,0,0.21,Driving,Driving,None,None,Light Vehicle,Minor injury,None,,Low
REP-E16A2FB9,2020-04-13,Refinery Delta,Pipe Rack 2,Unsafe Condition,Internal Inspection,"Worker doing Internal Inspection in Storage Tank A complained about poor lighting, though gas levels were normal.",0,0.13,Confined Space,Confined Space,None,None,Storage Tank A,Minor injury,None,,Low
REP-D0FD2670,2020-08-28,Facility Bravo,Pipe Rack 2,Incident,Pressure Testing,"Worker performing Pressure Testing on Excavator had their hands slightly close to a rough edge, causing a minor scratch.",0,0.21,Line of Fire,Line of Fire,None,None,Excavator,Minor injury,None,,Low
REP-3F645566,2020-10-30,Site Alpha,Drilling Floor,Near Miss,Process Operation,"Screen on Pressure Safety Valve PSV-90 was dirty, making it hard to read during Process Operation.",0,0.2,Bypassing Safety Controls,Bypassing Safety Controls,None,None,Pressure Safety Valve PSV-90,Minor injury,None,,Low
REP-BFBDFD1F,2021-05-05,Terminal Echo,Deck 3,Unsafe Act,Tank Cleaning,Worker entered Storage Tank A for Tank Cleaning. Suddenly the alarm sounded. Gas test not performed meant the worker was exposed to Toxic atmosphere.,1,0.92,Confined Space,Confined Space,Toxic atmosphere,Gas test not performed,Storage Tank A,Asphyxiation,First Aid,deep excavation|restricted access,High
REP-2426811D,2020-10-11,Station Foxtrot,Control Room,Unsafe Condition,Transporting Personnel,"While Transporting Personnel with Pickup Truck P-12, the driver was observed Speeding. This led to a near miss involving Pedestrian impact.",1,0.81,Driving,Driving,Pedestrian impact,Speeding,Pickup Truck P-12,Severe whiplash,None,high speed|poor road conditions,Medium
REP-140A846E,2020-06-17,Terminal Echo,Storage Tank A,Incident,Heavy Haulage,Radio in Light Vehicle was left on high volume after Heavy Haulage.,0,0.4,Driving,Driving,None,None,Light Vehicle,Minor injury,None,,Low
REP-F6A66E69,2020-08-31,Site Alpha,Loading Bay,Incident,Process Operation,Indicator bulb on DCS System was burnt out during Process Operation.,0,0.11,Bypassing Safety Controls,Bypassing Safety Controls,None,None,DCS System,Minor injury,None,,Low
REP-433C487B,2020-02-07,Facility Bravo,Main Workshop,Unsafe Act,Rigging,"During Rigging, a 5kg wrench was dropped from Scaffold Tower B. Harness not clipped meant the area below was not clear. Unstable platform was a near miss.",1,0.85,Work at Height,Work at Height,Unstable platform,Harness not clipped,Scaffold Tower B,Multiple fractures,None,missing fall protection|edge proximity,High
REP-013924AF,2023-12-12,Platform Charlie,Storage Tank A,Incident,Internal Inspection,"During Internal Inspection inside Separator V-10, Rescue plan inadequate was noted. This is a critical failure leading to high risk of Engulfment.",1,0.87,Confined Space,Confined Space|Bypassing Safety Controls,Engulfment,Rescue plan inadequate,Separator V-10,Fatality due to toxic gas,Property Damage,deep excavation|poor ventilation,High
REP-B9F67419,2020-07-06,Station Foxtrot,Pipe Rack 2,Unsafe Condition,Maintenance,"The tag for Pump P-204 was faded during Maintenance. No H2S exposure was present, but tag needs replacement.",0,0.31,Energy Isolation,Energy Isolation,None,None,Pump P-204,Minor injury,None,,Low
REP-9557AF79,2022-10-22,Site Alpha,Control Room,Near Miss,Vessel Welding,The entry log for Reactor R-5 during Vessel Welding was smudged with dirt.,0,0.22,Confined Space,Confined Space,None,None,Reactor R-5,Minor injury,None,,Low
REP-2BE68AC7,2021-08-26,Site Alpha,Boiler Area,Unsafe Act,Grinding,"During Grinding, a piece of non-tensioned wire from Hydraulic Torque Wrench was left on the floor.",0,0.02,Line of Fire,Line of Fire,None,None,Hydraulic Torque Wrench,Minor injury,None,,Low
REP-15E25BB0,2023-07-17,Platform Charlie,Drilling Floor,Unsafe Act,Material Delivery,Radio in Light Vehicle was left on high volume after Material Delivery.,0,0.08,Driving,Driving,None,None,Light Vehicle,Minor injury,None,,Low
REP-F6E318CB,2020-04-20,Site Alpha,Boiler Area,Unsafe Condition,Process Operation,Operator logged Process Operation for DCS System in the wrong logbook.,0,0.17,Bypassing Safety Controls,Bypassing Safety Controls,None,None,DCS System,Minor injury,None,,Low
REP-258F43AA,2023-07-08,Refinery Delta,Deck 3,Near Miss,General Maintenance,Worker doing General Maintenance at Process Module 4 did not sign the permit exactly on the line.,0,0.4,Work Authorization,Work Authorization,None,None,Process Module 4,Minor injury,None,,Low
REP-E65F8ED9,2022-02-20,Station Foxtrot,Pump Room,Near Miss,Repair,"During Repair of Heat Exchanger HX-2, the technician started loosening the flange while the line was still pressurized. Isolation valve was closed but LOTO not applied. Stored energy discharge occurred. No injury occurred but potential was high.",1,0.98,Energy Isolation,Energy Isolation,Stored energy discharge,LOTO not applied,Heat Exchanger HX-2,Asphyxiation,First Aid,live electrical|pressurized equipment,High
REP-074CFE51,2021-04-29,Site Alpha,Drilling Floor,Incident,Grinding,Barricade tape for Grinding near High Pressure Hose was blown down by the wind. No operations were ongoing.,0,0.04,Line of Fire,Line of Fire,None,None,High Pressure Hose,Minor injury,None,,Low
REP-6C5DA1E9,2022-12-31,Facility Bravo,Boiler Area,Near Miss,Vessel Welding,"Worker doing Vessel Welding in Underground Sump complained about poor lighting, though gas levels were normal.",0,0.4,Confined Space,Confined Space,None,None,Underground Sump,Minor injury,None,,Low
REP-C08E2DD3,2022-03-30,Facility Bravo,Boiler Area,Near Miss,Grinding,"During Grinding, a piece of non-tensioned wire from Hydraulic Torque Wrench was left on the floor.",0,0.37,Line of Fire,Line of Fire,None,None,Hydraulic Torque Wrench,Minor injury,None,,Low
REP-8683C4DD,2023-08-01,Facility Bravo,Drilling Floor,Unsafe Act,Contractor Work,Permit for Contractor Work at Camp Facility had a minor spelling mistake in the supervisor's name.,0,0.24,Work Authorization,Work Authorization,None,None,Camp Facility,Minor injury,None,,Low
REP-A13C90CA,2022-05-08,Station Foxtrot,Storage Tank A,Unsafe Condition,Rigging,Worker observed performing Rigging on Pipe Rack Level 3 at 15 meters. It was noted that No barricade below. A Open grating could have resulted in a fatality.,1,0.79,Work at Height,Work at Height,Open grating,No barricade below,Pipe Rack Level 3,Fatality from fall,Property Damage,missing fall protection|edge proximity,High
REP-AF8FC772,2023-09-13,Station Foxtrot,Main Workshop,Near Miss,Lifting,"Worker performing Lifting on Excavator had their hands slightly close to a rough edge, causing a minor scratch.",0,0.39,Line of Fire,Line of Fire,None,None,Excavator,Minor injury,None,,Low
REP-0AE31247,2023-10-01,Refinery Delta,Loading Bay,Near Miss,Scaffolding,"Scaffolding tubes for Scaffold Tower B were stored untidily, causing a minor trip hazard during Scaffolding.",0,0.11,Work at Height,Work at Height,None,None,Scaffold Tower B,Minor injury,None,,Low
REP-72583E11,2020-03-30,Facility Bravo,Deck 3,Unsafe Condition,Forklift Operation,"During Forklift Operation using Mobile Crane, the load began to swing wildly. No tag lines used caused a loss of control, resulting in Swinging load.",1,0.8,Safe Mechanical Lifting,Safe Mechanical Lifting|Work Authorization,Swinging load,No tag lines used,Mobile Crane,Multiple serious injuries,None,dynamic loading|heavy lifting,Medium
REP-E2FBCF5E,2021-09-28,Terminal Echo,Pipe Rack 2,Incident,Torch Cutting,Fire extinguisher near Angle Grinder for Torch Cutting was due for monthly inspection next week.,0,0.17,Hot Work,Hot Work,None,None,Angle Grinder,Minor injury,None,,Low
REP-0036810B,2023-05-02,Refinery Delta,Pipe Rack 2,Unsafe Act,Internal Inspection,"Prior to Internal Inspection in Separator V-10, it was discovered that Rescue plan inadequate. This could have led to Toxic atmosphere and potential fatality.",1,0.99,Confined Space,Confined Space,Toxic atmosphere,Rescue plan inadequate,Separator V-10,Asphyxiation,None,hazardous atmosphere|restricted access,Medium
REP-15DD4E8D,2022-08-13,Station Foxtrot,Pipe Rack 2,Incident,Crane Lifting,A heavy skid was being moved during Crane Lifting. Outriggers not extended led to a near miss involving Crane tip-over near Mobile Crane.,1,0.84,Safe Mechanical Lifting,Safe Mechanical Lifting,Crane tip-over,Outriggers not extended,Mobile Crane,Structural collapse,Property Damage,heavy lifting|suspended load,Medium
REP-F79FD50F,2021-11-04,Platform Charlie,Pump Room,Unsafe Act,Roof Repair,"Roof Repair was ongoing near Crane C-1 when grating was removed. Missing toe boards left the hole unprotected, creating a high risk of Unstable platform.",1,0.89,Work at Height,Work at Height,Unstable platform,Missing toe boards,Crane C-1,Fatality from fall,Property Damage,missing fall protection|working aloft,High
REP-5DFABD59,2023-05-11,Site Alpha,Loading Bay,Incident,Contractor Work,Critical Contractor Work on Workshop proceeded despite JSA not discussed. This breakdown in authorization risked Simultaneous operations clash.,1,0.7,Work Authorization,Work Authorization|Line of Fire,Simultaneous operations clash,JSA not discussed,Workshop,Serious injury due to lack of hazard awareness,First Aid,inadequate planning|simops,Medium
REP-897D029F,2022-09-12,Refinery Delta,Deck 3,Unsafe Condition,Process Operation,"While investigating Shutdown Valve SDV-1, it was found that Interlock bridged during Process Operation. This exposed the facility to Process safety event.",1,0.9,Bypassing Safety Controls,Bypassing Safety Controls,Process safety event,Interlock bridged,Shutdown Valve SDV-1,Multiple fatalities,First Aid,bypassed interlock|disabled safety device,High
REP-6815D977,2023-01-29,Platform Charlie,Drilling Floor,Incident,Tank Cleaning,The entry log for Reactor R-5 during Tank Cleaning was smudged with dirt.,0,0.27,Confined Space,Confined Space,None,None,Reactor R-5,Minor injury,None,,Low
REP-73B3E0A3,2021-01-16,Facility Bravo,Deck 3,Incident,Transporting Personnel,The Pickup Truck P-12 was slightly dirty during Transporting Personnel.,0,0.35,Driving,Driving,None,None,Pickup Truck P-12,Minor injury,None,,Low
REP-9787BBBA,2023-10-29,Station Foxtrot,Drilling Floor,Unsafe Act,Alarm Testing,Operator logged Alarm Testing for Shutdown Valve SDV-1 in the wrong logbook.,0,0.32,Bypassing Safety Controls,Bypassing Safety Controls,None,None,Shutdown Valve SDV-1,Minor injury,None,,Low
REP-00C52D24,2022-03-06,Site Alpha,Pump Room,Incident,Painting,"Scaffolding tubes for Cherry Picker were stored untidily, causing a minor trip hazard during Painting.",0,0.33,Work at Height,Work at Height,None,None,Cherry Picker,Minor injury,None,,Low
REP-91E5F3A0,2023-06-23,Terminal Echo,Loading Bay,Unsafe Condition,Tank Cleaning,Tools used for Tank Cleaning in Underground Sump were left outside the entrance untidily.,0,0.28,Confined Space,Confined Space,None,None,Underground Sump,Minor injury,None,,Low
REP-1911A026,2021-10-09,Facility Bravo,Pump Room,Unsafe Condition,Crane Lifting,The horn on Forklift F-3 sounded a bit quiet during Crane Lifting.,0,0.33,Safe Mechanical Lifting,Safe Mechanical Lifting,None,None,Forklift F-3,Minor injury,None,,Low
REP-F68874F2,2021-09-26,Terminal Echo,Deck 3,Unsafe Act,Roof Repair,Worker observed performing Roof Repair on Roof Access Ladder at 15 meters. It was noted that Missing toe boards. A Unstable platform could have resulted in a fatality.,1,0.89,Work at Height,Work at Height,Unstable platform,Missing toe boards,Roof Access Ladder,Serious head injury from dropped object,None,open hole|unsecured tools,High
REP-D8FA599F,2021-10-17,Refinery Delta,Loading Bay,Near Miss,Maintenance,"While inspecting Electrical Panel EP-5, Steam leak was narrowly avoided because Padlock missing.",1,0.94,Energy Isolation,Energy Isolation,Steam leak,Padlock missing,Electrical Panel EP-5,Severe chemical burns,None,inadequate isolation|live electrical,High
REP-51FC3B86,2023-02-26,Refinery Delta,Pipe Rack 2,Unsafe Act,Painting,Worker's chin strap on helmet was loose during Painting on Cherry Picker.,0,0.24,Work at Height,Work at Height,None,None,Cherry Picker,Minor injury,None,,Low
REP-96C9A8F6,2021-08-22,Refinery Delta,Drilling Floor,Near Miss,Forklift Operation,The horn on Chain Block sounded a bit quiet during Forklift Operation.,0,0.13,Safe Mechanical Lifting,Safe Mechanical Lifting,None,None,Chain Block,Minor injury,None,,Low
REP-9EAE62BA,2022-10-21,Refinery Delta,Deck 3,Near Miss,Contractor Work,Permit for Contractor Work at Workshop had a minor spelling mistake in the supervisor's name.,0,0.03,Work Authorization,Work Authorization,None,None,Workshop,Minor injury,None,,Low
REP-D4183DF1,2021-01-15,Refinery Delta,Main Workshop,Unsafe Act,Rigging,Operator of Forklift F-3 during Rigging forgot his safety glasses but was in an enclosed cab.,0,0.02,Safe Mechanical Lifting,Safe Mechanical Lifting|Bypassing Safety Controls,None,None,Forklift F-3,Minor injury,None,,Low
REP-2030ABEA,2022-03-18,Station Foxtrot,Pipe Rack 2,Incident,Site Patrol,Driver doing Site Patrol in Forklift parked slightly outside the designated lines.,0,0.31,Driving,Driving,None,None,Forklift,Minor injury,None,,Low
REP-C6E52882,2022-02-11,Station Foxtrot,Loading Bay,Unsafe Condition,General Maintenance,JSA for General Maintenance near Utility Area was printed on crumpled paper.,0,0.26,Work Authorization,Work Authorization,None,None,Utility Area,Minor injury,None,,Low
REP-E74A94A7,2022-12-19,Refinery Delta,Pipe Rack 2,Incident,Painting,"During Painting, worker used the correct harness but the inspection log was not filled in for Pipe Rack Level 3.",0,0.06,Work at Height,Work at Height,None,None,Pipe Rack Level 3,Minor injury,None,,Low
REP-4287810A,2022-01-28,Facility Bravo,Main Workshop,Unsafe Act,Alarm Testing,"Screen on DCS System was dirty, making it hard to read during Alarm Testing.",0,0.14,Bypassing Safety Controls,Bypassing Safety Controls,None,None,DCS System,Minor injury,None,,Low
REP-A2D563C0,2020-01-19,Platform Charlie,Loading Bay,Near Miss,Inspection,"While preparing for Inspection on Valve V-99, found that the lock for LOTO was slightly rusted, making it hard to use.",0,0.38,Energy Isolation,Energy Isolation,None,None,Valve V-99,Minor injury,None,,Low
REP-CA61699E,2020-06-06,Terminal Echo,Pump Room,Unsafe Condition,Pipefitting,"Noticed Heat Exchanger HX-2 had a minor weep during Pipefitting. LOTO was applied correctly, but cleanup was delayed.",0,0.18,Energy Isolation,Energy Isolation,None,None,Heat Exchanger HX-2,Minor injury,None,,Low
REP-C363AAAF,2020-05-02,Station Foxtrot,Boiler Area,Unsafe Condition,Site Patrol,Radio in Vacuum Truck was left on high volume after Site Patrol.,0,0.09,Driving,Driving,None,None,Vacuum Truck,Minor injury,None,,Low
REP-81011020,2022-10-04,Site Alpha,Storage Tank A,Unsafe Condition,Grinding,Barricade tape for Grinding near Winch W-2 was blown down by the wind. No operations were ongoing.,0,0.06,Line of Fire,Line of Fire,None,None,Winch W-2,Minor injury,None,,Low
REP-F7FB5924,2020-07-31,Refinery Delta,Pump Room,Unsafe Condition,Forklift Operation,A heavy skid was being moved during Forklift Operation. Outriggers not extended led to a near miss involving Dropped suspended load near Overhead Gantry.,1,0.77,Safe Mechanical Lifting,Safe Mechanical Lifting,Dropped suspended load,Outriggers not extended,Overhead Gantry,Structural collapse,None,dynamic loading|blind lift,High
REP-E9830160,2020-06-07,Site Alpha,Storage Tank A,Unsafe Act,Pressure Testing,"During Pressure Testing, a piece of non-tensioned wire from Winch W-2 was left on the floor.",0,0.2,Line of Fire,Line of Fire|Hot Work,None,None,Winch W-2,Minor injury,None,,Low
REP-374550D1,2020-03-08,Platform Charlie,Loading Bay,Unsafe Condition,Contractor Work,JSA for Contractor Work near Process Module 4 was printed on crumpled paper.,0,0.28,Work Authorization,Work Authorization,None,None,Process Module 4,Minor injury,None,,Low
REP-2BD4B6F3,2021-05-09,Terminal Echo,Pump Room,Unsafe Condition,General Maintenance,Critical General Maintenance on Utility Area proceeded despite Expired permit. This breakdown in authorization risked Simultaneous operations clash.,1,0.78,Work Authorization,Work Authorization,Simultaneous operations clash,Expired permit,Utility Area,Serious injury due to lack of hazard awareness,First Aid,inadequate planning|unauthorized work,High
REP-83B552C2,2021-03-24,Station Foxtrot,Loading Bay,Unsafe Condition,Pipefitting,"Noticed Electrical Panel EP-5 had a minor weep during Pipefitting. LOTO was applied correctly, but cleanup was delayed.",0,0.28,Energy Isolation,Energy Isolation,None,None,Electrical Panel EP-5,Minor injury,None,,Low
REP-480801E4,2023-02-27,Refinery Delta,Pump Room,Unsafe Condition,Grinding,Barricade tape for Grinding near Hydraulic Torque Wrench was blown down by the wind. No operations were ongoing.,0,0.03,Line of Fire,Line of Fire,None,None,Hydraulic Torque Wrench,Minor injury,None,,Low
REP-08B81A7E,2021-06-26,Terminal Echo,Drilling Floor,Unsafe Act,System Maintenance,Indicator bulb on Shutdown Valve SDV-1 was burnt out during System Maintenance.,0,0.24,Bypassing Safety Controls,Bypassing Safety Controls,None,None,Shutdown Valve SDV-1,Minor injury,None,,Low
REP-5D6066AA,2020-01-21,Station Foxtrot,Deck 3,Unsafe Condition,Pipefitting,"Noticed Electrical Panel EP-5 had a minor weep during Pipefitting. LOTO was applied correctly, but cleanup was delayed.",0,0.03,Energy Isolation,Energy Isolation,None,None,Electrical Panel EP-5,Minor injury,None,,Low
REP-0863412C,2020-03-11,Terminal Echo,Loading Bay,Unsafe Condition,Pressure Testing,Barricade tape for Pressure Testing near Winch W-2 was blown down by the wind. No operations were ongoing.,0,0.23,Line of Fire,Line of Fire,None,None,Winch W-2,Minor injury,None,,Low
REP-253E8953,2022-02-05,Station Foxtrot,Drilling Floor,Near Miss,Grinding,Welder doing Grinding with Angle Grinder had untucked coveralls.,0,0.03,Hot Work,Hot Work,None,None,Angle Grinder,Minor injury,None,,Low
REP-27C1E45F,2023-02-09,Terminal Echo,Main Workshop,Unsafe Condition,Maintenance,"While preparing for Maintenance on Heat Exchanger HX-2, found that the lock for LOTO was slightly rusted, making it hard to use.",0,0.24,Energy Isolation,Energy Isolation,None,None,Heat Exchanger HX-2,Minor injury,None,,Low
REP-4D826C6F,2020-02-24,Platform Charlie,Pipe Rack 2,Unsafe Condition,Tank Cleaning,The entry log for Separator V-10 during Tank Cleaning was smudged with dirt.,0,0.33,Confined Space,Confined Space,None,None,Separator V-10,Minor injury,None,,Low
REP-EE626E78,2020-08-29,Facility Bravo,Loading Bay,Incident,Hoisting,A heavy skid was being moved during Hoisting. Overloaded crane led to a near miss involving Crane tip-over near Mobile Crane.,1,0.87,Safe Mechanical Lifting,Safe Mechanical Lifting,Crane tip-over,Overloaded crane,Mobile Crane,Structural collapse,None,dynamic loading|heavy lifting,Medium
REP-79B4BCAC,2021-07-03,Station Foxtrot,Deck 3,Unsafe Condition,Roof Repair,"Scaffolding tubes for Roof Access Ladder were stored untidily, causing a minor trip hazard during Roof Repair.",0,0.08,Work at Height,Work at Height,None,None,Roof Access Ladder,Minor injury,None,,Low
REP-F2B4445E,2022-03-31,Facility Bravo,Storage Tank A,Near Miss,Welding,The welding lead for Angle Grinder was slightly tangled during Welding.,0,0.1,Hot Work,Hot Work|Confined Space,None,None,Angle Grinder,Minor injury,None,,Low
REP-21505467,2022-07-07,Facility Bravo,Pump Room,Unsafe Act,Trenching,Barricade tape for Trenching near High Pressure Hose was blown down by the wind. No operations were ongoing.,0,0.18,Line of Fire,Line of Fire,None,None,High Pressure Hose,Minor injury,None,,Low
REP-039BBBF2,2021-11-10,Platform Charlie,Pump Room,Near Miss,Trenching,"During Trenching, a piece of non-tensioned wire from Excavator was left on the floor.",0,0.28,Line of Fire,Line of Fire|Confined Space,None,None,Excavator,Minor injury,None,,Low
REP-AF27D319,2020-10-13,Platform Charlie,Control Room,Unsafe Condition,Vessel Welding,Worker entered Separator V-10 for Vessel Welding. Suddenly the alarm sounded. Gas test not performed meant the worker was exposed to Toxic atmosphere.,1,0.84,Confined Space,Confined Space,Toxic atmosphere,Gas test not performed,Separator V-10,Fatality due to toxic gas,Property Damage,restricted access|poor ventilation,High
REP-DAAEDED6,2023-04-24,Facility Bravo,Pump Room,Near Miss,Forklift Operation,Operator of Forklift F-3 during Forklift Operation forgot his safety glasses but was in an enclosed cab.,0,0.32,Safe Mechanical Lifting,Safe Mechanical Lifting,None,None,Forklift F-3,Minor injury,None,,Low
REP-4E603100,2023-04-21,Terminal Echo,Pipe Rack 2,Incident,Contractor Work,Permit for Contractor Work at Process Module 4 had a minor spelling mistake in the supervisor's name.,0,0.31,Work Authorization,Work Authorization,None,None,Process Module 4,Minor injury,None,,Low
REP-1AC5CFEA,2022-11-30,Platform Charlie,Pipe Rack 2,Near Miss,Welding,The welding lead for Angle Grinder was slightly tangled during Welding.,0,0.03,Hot Work,Hot Work,None,None,Angle Grinder,Minor injury,None,,Low
REP-6448CDE7,2020-02-06,Station Foxtrot,Pipe Rack 2,Near Miss,Material Delivery,Driver doing Material Delivery in Light Vehicle parked slightly outside the designated lines.,0,0.32,Driving,Driving,None,None,Light Vehicle,Minor injury,None,,Low
REP-36C574F5,2022-03-13,Facility Bravo,Pipe Rack 2,Unsafe Condition,Trenching,"Worker performing Trenching on Hydraulic Torque Wrench had their hands slightly close to a rough edge, causing a minor scratch.",0,0.32,Line of Fire,Line of Fire,None,None,Hydraulic Torque Wrench,Minor injury,None,,Low
REP-B2E461B8,2023-04-21,Platform Charlie,Boiler Area,Unsafe Act,Welding,"During Welding with Welding Machine W-1, Gas test expired allowed slag to ignite a small fire. Explosion potential was extremely high.",1,0.83,Hot Work,Hot Work,Explosion,Gas test expired,Welding Machine W-1,Fatal burns,None,hydrocarbon presence|ignition source,High
REP-387CBCBC,2020-12-14,Station Foxtrot,Control Room,Unsafe Act,Pressure Testing,"While conducting Pressure Testing with Hydraulic Torque Wrench, an IP stepped into the danger zone. Standing in pinch point resulted in the worker being in the Line of Fire for Whip from parted cable.",1,0.88,Line of Fire,Line of Fire,Whip from parted cable,Standing in pinch point,Hydraulic Torque Wrench,Fatal impact,First Aid,suspended load|tensioned line,High
REP-2ED3F35D,2020-03-21,Site Alpha,Loading Bay,Unsafe Act,Process Operation,"While investigating Fire & Gas Panel, it was found that Interlock bridged during Process Operation. This exposed the facility to Loss of containment.",1,0.84,Bypassing Safety Controls,Bypassing Safety Controls,Loss of containment,Interlock bridged,Fire & Gas Panel,Multiple fatalities,Property Damage,bypassed interlock|disabled safety device,High
REP-C086162E,2020-06-26,Terminal Echo,Loading Bay,Incident,Rigging,Worker observed performing Rigging on Crane C-1 at 15 meters. It was noted that No barricade below. A Dropped object could have resulted in a fatality.,1,0.79,Work at Height,Work at Height,Dropped object,No barricade below,Crane C-1,Fatality from fall,None,unsecured tools|edge proximity,High
REP-E40FBD55,2020-08-15,Station Foxtrot,Storage Tank A,Unsafe Act,Pipefitting,"While preparing for Pipefitting on Pump P-204, found that the lock for LOTO was slightly rusted, making it hard to use.",0,0.12,Energy Isolation,Energy Isolation,None,None,Pump P-204,Minor injury,None,,Low
REP-34D53E22,2021-04-12,Refinery Delta,Boiler Area,Unsafe Condition,Process Operation,Indicator bulb on Shutdown Valve SDV-1 was burnt out during Process Operation.,0,0.23,Bypassing Safety Controls,Bypassing Safety Controls,None,None,Shutdown Valve SDV-1,Minor injury,None,,Low
REP-2BA27C48,2023-06-18,Platform Charlie,Main Workshop,Unsafe Act,Roof Repair,Worker's chin strap on helmet was loose during Roof Repair on Roof Access Ladder.,0,0.01,Work at Height,Work at Height,None,None,Roof Access Ladder,Minor injury,None,,Low
REP-AB4D95E0,2020-12-31,Refinery Delta,Control Room,Incident,Forklift Operation,Operator of Forklift F-3 during Forklift Operation forgot his safety glasses but was in an enclosed cab.,0,0.09,Safe Mechanical Lifting,Safe Mechanical Lifting,None,None,Forklift F-3,Minor injury,None,,Low
REP-788AD151,2022-05-27,Site Alpha,Control Room,Near Miss,Contractor Work,Permit for Contractor Work at Process Module 4 had a minor spelling mistake in the supervisor's name.,0,0.33,Work Authorization,Work Authorization,None,None,Process Module 4,Minor injury,None,,Low
REP-DD56030F,2021-01-09,Site Alpha,Boiler Area,Near Miss,Rigging,Worker's chin strap on helmet was loose during Rigging on Cherry Picker.,0,0.13,Work at Height,Work at Height,None,None,Cherry Picker,Minor injury,None,,Low
REP-ADB2D775,2021-02-06,Terminal Echo,Storage Tank A,Near Miss,Contractor Work,JSA for Contractor Work near Utility Area was printed on crumpled paper.,0,0.31,Work Authorization,Work Authorization,None,None,Utility Area,Minor injury,None,,Low
REP-0D110D18,2020-03-25,Platform Charlie,Control Room,Unsafe Condition,Inspection,"While preparing for Inspection on Electrical Panel EP-5, found that the lock for LOTO was slightly rusted, making it hard to use.",0,0.23,Energy Isolation,Energy Isolation,None,None,Electrical Panel EP-5,Minor injury,None,,Low
REP-83314ACE,2021-07-02,Facility Bravo,Deck 3,Incident,Alarm Testing,Operator engaged in Alarm Testing admitted to bypassing safety logic on Fire & Gas Panel. Interlock bridged is a severe breach leading to Process safety event.,1,0.88,Bypassing Safety Controls,Bypassing Safety Controls,Process safety event,Interlock bridged,Fire & Gas Panel,Major explosion,First Aid,bypassed interlock|ignored alarm,High
REP-CDC5EEA2,2022-09-27,Station Foxtrot,Storage Tank A,Unsafe Act,Internal Inspection,"Worker doing Internal Inspection in Storage Tank A complained about poor lighting, though gas levels were normal.",0,0.03,Confined Space,Confined Space,None,None,Storage Tank A,Minor injury,None,,Low
REP-D6E12CBC,2021-12-20,Refinery Delta,Main Workshop,Incident,Non-routine Task,JSA for Non-routine Task near Utility Area was printed on crumpled paper.,0,0.34,Work Authorization,Work Authorization|Bypassing Safety Controls,None,None,Utility Area,Minor injury,None,,Low
REP-1F10EC9A,2022-11-25,Station Foxtrot,Pump Room,Unsafe Act,Grinding,Barricade tape for Grinding near Hydraulic Torque Wrench was blown down by the wind. No operations were ongoing.,0,0.16,Line of Fire,Line of Fire,None,None,Hydraulic Torque Wrench,Minor injury,None,,Low
REP-4A55CC41,2021-08-17,Facility Bravo,Drilling Floor,Incident,Non-routine Task,"Crew commenced Non-routine Task at Workshop but PTW not issued. Unaware of SIMOPS, they were exposed to Uncontrolled work.",1,0.9,Work Authorization,Work Authorization,Uncontrolled work,PTW not issued,Workshop,Serious injury due to lack of hazard awareness,None,simops|poor communication,High
REP-E5A47181,2021-03-08,Site Alpha,Storage Tank A,Incident,Process Operation,"Screen on Fire & Gas Panel was dirty, making it hard to read during Process Operation.",0,0.21,Bypassing Safety Controls,Bypassing Safety Controls,None,None,Fire & Gas Panel,Minor injury,None,,Low
REP-C168EBB0,2022-08-31,Terminal Echo,Main Workshop,Unsafe Act,Tank Cleaning,The entry log for Reactor R-5 during Tank Cleaning was smudged with dirt.,0,0.17,Confined Space,Confined Space,None,None,Reactor R-5,Minor injury,None,,Low
REP-A8EE27AD,2020-04-05,Refinery Delta,Control Room,Unsafe Condition,Heavy Haulage,Radio in Light Vehicle was left on high volume after Heavy Haulage.,0,0.33,Driving,Driving,None,None,Light Vehicle,Minor injury,None,,Low
REP-01C1D241,2023-10-05,Station Foxtrot,Main Workshop,Unsafe Condition,Internal Inspection,"Worker doing Internal Inspection in Separator V-10 complained about poor lighting, though gas levels were normal.",0,0.34,Confined Space,Confined Space,None,None,Separator V-10,Minor injury,None,,Low
REP-59A479B9,2022-03-11,Facility Bravo,Boiler Area,Unsafe Act,Roof Repair,"Roof Repair was ongoing near Scaffold Tower B when grating was removed. Missing toe boards left the hole unprotected, creating a high risk of Unstable platform.",1,0.91,Work at Height,Work at Height,Unstable platform,Missing toe boards,Scaffold Tower B,Serious head injury from dropped object,First Aid,working aloft|open hole,Medium
REP-A7C34E01,2020-11-23,Refinery Delta,Deck 3,Unsafe Condition,Process Operation,"Screen on DCS System was dirty, making it hard to read during Process Operation.",0,0.33,Bypassing Safety Controls,Bypassing Safety Controls,None,None,DCS System,Minor injury,None,,Low
REP-59C0B7A0,2021-09-22,Terminal Echo,Main Workshop,Unsafe Condition,Grinding,The welding lead for Angle Grinder was slightly tangled during Grinding.,0,0.33,Hot Work,Hot Work,None,None,Angle Grinder,Minor injury,None,,Low
REP-E993727B,2023-08-03,Terminal Echo,Pump Room,Unsafe Act,Forklift Operation,Paint on Mobile Crane used for Forklift Operation is peeling off.,0,0.28,Safe Mechanical Lifting,Safe Mechanical Lifting,None,None,Mobile Crane,Minor injury,None,,Low
REP-1753A84B,2023-05-28,Terminal Echo,Boiler Area,Near Miss,System Maintenance,Indicator bulb on DCS System was burnt out during System Maintenance.,0,0.15,Bypassing Safety Controls,Bypassing Safety Controls,None,None,DCS System,Minor injury,None,,Low
REP-DEF49C9A,2022-10-25,Site Alpha,Storage Tank A,Incident,Site Patrol,"A safety camera caught Vacuum Truck engaged in Site Patrol. The footage revealed Seatbelt not worn, which is a precursor to Vehicle collision.",1,0.86,Driving,Driving,Vehicle collision,Seatbelt not worn,Vacuum Truck,Crush injuries to pedestrian,First Aid,high speed|distracted driving,High
REP-4F5A992B,2023-09-01,Terminal Echo,Deck 3,Near Miss,Forklift Operation,Operator of Mobile Crane during Forklift Operation forgot his safety glasses but was in an enclosed cab.,0,0.27,Safe Mechanical Lifting,Safe Mechanical Lifting,None,None,Mobile Crane,Minor injury,None,,Low
REP-8433A732,2022-11-16,Station Foxtrot,Pipe Rack 2,Unsafe Act,General Maintenance,"During a walkaround, found personnel doing General Maintenance on Process Module 4. PTW not issued meant they had no controls for Simultaneous operations clash.",1,0.96,Work Authorization,Work Authorization,Simultaneous operations clash,PTW not issued,Process Module 4,Serious injury due to lack of hazard awareness,None,simops|unauthorized work,Medium
REP-94186110,2021-08-29,Platform Charlie,Pipe Rack 2,Near Miss,Roof Repair,"During Roof Repair, worker used the correct harness but the inspection log was not filled in for Crane C-1.",0,0.35,Work at Height,Work at Height,None,None,Crane C-1,Minor injury,None,,Low
REP-10F03CFA,2020-06-03,Refinery Delta,Pipe Rack 2,Unsafe Act,Maintenance,"The tag for Valve V-99 was faded during Maintenance. No Electrical shock was present, but tag needs replacement.",0,0.12,Energy Isolation,Energy Isolation,None,None,Valve V-99,Minor injury,None,,Low
REP-F7655177,2020-09-30,Site Alpha,Loading Bay,Unsafe Act,Rigging,"During Rigging, worker used the correct harness but the inspection log was not filled in for Roof Access Ladder.",0,0.02,Work at Height,Work at Height,None,None,Roof Access Ladder,Minor injury,None,,Low
REP-9E36D657,2023-08-07,Platform Charlie,Drilling Floor,Incident,Grinding,Barricade tape for Grinding near Hydraulic Torque Wrench was blown down by the wind. No operations were ongoing.,0,0.26,Line of Fire,Line of Fire,None,None,Hydraulic Torque Wrench,Minor injury,None,,Low
REP-B20878EF,2023-04-14,Site Alpha,Boiler Area,Unsafe Condition,Painting,"Scaffolding tubes for Scaffold Tower B were stored untidily, causing a minor trip hazard during Painting.",0,0.24,Work at Height,Work at Height,None,None,Scaffold Tower B,Minor injury,None,,Low
REP-AB7E5920,2022-07-08,Site Alpha,Boiler Area,Near Miss,Tank Cleaning,Tools used for Tank Cleaning in Separator V-10 were left outside the entrance untidily.,0,0.16,Confined Space,Confined Space,None,None,Separator V-10,Minor injury,None,,Low
REP-BCCE5202,2021-07-24,Station Foxtrot,Pump Room,Unsafe Condition,Grinding,"A contractor began Grinding using Oxy-Acetylene Torch. A safety walk discovered Gas test expired, immediately stopping work due to Fire risk.",1,0.92,Hot Work,Hot Work,Fire,Gas test expired,Oxy-Acetylene Torch,Facility explosion,First Aid,hydrocarbon presence|flammable atmosphere,High
REP-8D60A08F,2020-11-07,Facility Bravo,Boiler Area,Unsafe Condition,Forklift Operation,Operator of Mobile Crane during Forklift Operation forgot his safety glasses but was in an enclosed cab.,0,0.17,Safe Mechanical Lifting,Safe Mechanical Lifting,None,None,Mobile Crane,Minor injury,None,,Low
REP-80A4CCEA,2023-09-27,Facility Bravo,Boiler Area,Unsafe Act,System Maintenance,Operator logged System Maintenance for Shutdown Valve SDV-1 in the wrong logbook.,0,0.39,Bypassing Safety Controls,Bypassing Safety Controls|Hot Work,None,None,Shutdown Valve SDV-1,Minor injury,None,,Low
REP-A15806AE,2022-03-26,Site Alpha,Control Room,Incident,Trenching,"Worker performing Trenching on Drill Pipe had their hands slightly close to a rough edge, causing a minor scratch.",0,0.16,Line of Fire,Line of Fire,None,None,Drill Pipe,Minor injury,None,,Low
REP-65406435,2023-06-05,Facility Bravo,Drilling Floor,Incident,Soldering,"A contractor began Soldering using Angle Grinder. A safety walk discovered Fire watcher absent, immediately stopping work due to Explosion risk.",1,0.85,Hot Work,Hot Work,Explosion,Fire watcher absent,Angle Grinder,Facility explosion,First Aid,hydrocarbon presence|flammable atmosphere,High
REP-13B3E10B,2020-06-22,Facility Bravo,Boiler Area,Incident,Painting,Worker observed performing Painting on Pipe Rack Level 3 at 15 meters. It was noted that Harness not clipped. A Dropped object could have resulted in a fatality.,1,0.79,Work at Height,Work at Height,Dropped object,Harness not clipped,Pipe Rack Level 3,Multiple fractures,Property Damage,missing fall protection|unsecured tools,Medium
REP-EA5E82D3,2021-08-05,Station Foxtrot,Deck 3,Unsafe Condition,Maintenance,"Operator was performing Maintenance on Electrical Panel EP-5. It was discovered that LOTO not applied, leaving the system vulnerable to Stored energy discharge. Work was stopped immediately.",1,0.91,Energy Isolation,Energy Isolation,Stored energy discharge,LOTO not applied,Electrical Panel EP-5,Asphyxiation,None,inadequate isolation|stored energy,Medium
REP-E8FEEF53,2023-06-09,Terminal Echo,Storage Tank A,Near Miss,Inspection,"Noticed Heat Exchanger HX-2 had a minor weep during Inspection. LOTO was applied correctly, but cleanup was delayed.",0,0.02,Energy Isolation,Energy Isolation,None,None,Heat Exchanger HX-2,Minor injury,None,,Low
REP-B5C83155,2021-11-20,Facility Bravo,Pump Room,Incident,System Maintenance,"Screen on Pressure Safety Valve PSV-90 was dirty, making it hard to read during System Maintenance.",0,0.08,Bypassing Safety Controls,Bypassing Safety Controls,None,None,Pressure Safety Valve PSV-90,Minor injury,None,,Low
REP-D12565CC,2020-09-26,Site Alpha,Deck 3,Incident,Alarm Testing,Operator logged Alarm Testing for DCS System in the wrong logbook.,0,0.17,Bypassing Safety Controls,Bypassing Safety Controls,None,None,DCS System,Minor injury,None,,Low
REP-C3FDE80A,2020-11-09,Station Foxtrot,Main Workshop,Unsafe Act,Vessel Welding,"Worker doing Vessel Welding in Storage Tank A complained about poor lighting, though gas levels were normal.",0,0.39,Confined Space,Confined Space,None,None,Storage Tank A,Minor injury,None,,Low
REP-EB3B20F0,2023-06-21,Platform Charlie,Storage Tank A,Unsafe Act,Rigging,The horn on Overhead Gantry sounded a bit quiet during Rigging.,0,0.2,Safe Mechanical Lifting,Safe Mechanical Lifting,None,None,Overhead Gantry,Minor injury,None,,Low
REP-F9A143E0,2020-10-27,Station Foxtrot,Drilling Floor,Unsafe Act,Contractor Work,"Crew commenced Contractor Work at Camp Facility but JSA not discussed. Unaware of SIMOPS, they were exposed to Unidentified hazards.",1,0.82,Work Authorization,Work Authorization,Unidentified hazards,JSA not discussed,Camp Facility,Serious injury due to lack of hazard awareness,None,simops|unauthorized work,Medium
REP-9588BAE2,2022-07-07,Platform Charlie,Pipe Rack 2,Unsafe Act,Heavy Haulage,Driver doing Heavy Haulage in Vacuum Truck parked slightly outside the designated lines.,0,0.12,Driving,Driving,None,None,Vacuum Truck,Minor injury,None,,Low
REP-434A1DC4,2022-08-21,Refinery Delta,Drilling Floor,Unsafe Act,Contractor Work,Permit for Contractor Work at Process Module 4 had a minor spelling mistake in the supervisor's name.,0,0.28,Work Authorization,Work Authorization,None,None,Process Module 4,Minor injury,None,,Low
REP-B969EDB0,2022-02-24,Facility Bravo,Main Workshop,Unsafe Act,Roof Repair,Worker's chin strap on helmet was loose during Roof Repair on Scaffold Tower B.,0,0.11,Work at Height,Work at Height,None,None,Scaffold Tower B,Minor injury,None,,Low
REP-E22D1742,2022-07-14,Platform Charlie,Main Workshop,Incident,Rigging,"Scaffolding tubes for Pipe Rack Level 3 were stored untidily, causing a minor trip hazard during Rigging.",0,0.36,Work at Height,Work at Height,None,None,Pipe Rack Level 3,Minor injury,None,,Low
REP-44C52285,2023-04-18,Facility Bravo,Pump Room,Near Miss,Vessel Welding,The entry log for Storage Tank A during Vessel Welding was smudged with dirt.,0,0.12,Confined Space,Confined Space,None,None,Storage Tank A,Minor injury,None,,Low
REP-AB9DB349,2020-02-19,Station Foxtrot,Loading Bay,Incident,Crane Lifting,The horn on Overhead Gantry sounded a bit quiet during Crane Lifting.,0,0.32,Safe Mechanical Lifting,Safe Mechanical Lifting,None,None,Overhead Gantry,Minor injury,None,,Low
REP-230E1DCD,2023-01-11,Site Alpha,Boiler Area,Incident,Lifting,Barricade tape for Lifting near Hydraulic Torque Wrench was blown down by the wind. No operations were ongoing.,0,0.18,Line of Fire,Line of Fire,None,None,Hydraulic Torque Wrench,Minor injury,None,,Low
REP-DED1F9EF,2022-05-05,Facility Bravo,Loading Bay,Unsafe Act,Welding,Welder doing Welding with Pipe Spool P-10 had untucked coveralls.,0,0.14,Hot Work,Hot Work,None,None,Pipe Spool P-10,Minor injury,None,,Low
REP-F1AF2565,2023-10-23,Station Foxtrot,Deck 3,Unsafe Act,Contractor Work,Worker doing Contractor Work at Utility Area did not sign the permit exactly on the line.,0,0.08,Work Authorization,Work Authorization,None,None,Utility Area,Minor injury,None,,Low
REP-C457A470,2021-11-17,Terminal Echo,Main Workshop,Near Miss,Forklift Operation,Paint on Mobile Crane used for Forklift Operation is peeling off.,0,0.05,Safe Mechanical Lifting,Safe Mechanical Lifting,None,None,Mobile Crane,Minor injury,None,,Low
REP-115F1AA5,2023-11-01,Station Foxtrot,Boiler Area,Unsafe Condition,Grinding,The welding lead for Pipe Spool P-10 was slightly tangled during Grinding.,0,0.4,Hot Work,Hot Work,None,None,Pipe Spool P-10,Minor injury,None,,Low
REP-6522C4BA,2023-10-22,Station Foxtrot,Boiler Area,Unsafe Condition,Vessel Welding,Worker entered Reactor R-5 for Vessel Welding. Suddenly the alarm sounded. Rescue plan inadequate meant the worker was exposed to Toxic atmosphere.,1,0.79,Confined Space,Confined Space,Toxic atmosphere,Rescue plan inadequate,Reactor R-5,Fatality due to toxic gas,Property Damage,poor ventilation|deep excavation,Medium
REP-7581B116,2022-04-15,Facility Bravo,Storage Tank A,Unsafe Condition,Structural Inspection,"During Structural Inspection, a 5kg wrench was dropped from Roof Access Ladder. Missing toe boards meant the area below was not clear. Fall from height was a near miss.",1,0.95,Work at Height,Work at Height,Fall from height,Missing toe boards,Roof Access Ladder,Multiple fractures,First Aid,unsecured tools|missing fall protection,High
REP-DAB12737,2022-09-22,Terminal Echo,Control Room,Unsafe Act,Process Operation,"Audit of Fire & Gas Panel post-Process Operation revealed Interlock bridged. Without this protection, Overpressure could have occurred.",1,0.79,Bypassing Safety Controls,Bypassing Safety Controls,Overpressure,Interlock bridged,Fire & Gas Panel,Major explosion,First Aid,disabled safety device|ignored alarm,Medium
REP-DCFED89E,2020-03-31,Facility Bravo,Pipe Rack 2,Unsafe Act,Alarm Testing,Operator engaged in Alarm Testing admitted to bypassing safety logic on Shutdown Valve SDV-1. Safety valve isolated is a severe breach leading to Process safety event.,1,0.77,Bypassing Safety Controls,Bypassing Safety Controls,Process safety event,Safety valve isolated,Shutdown Valve SDV-1,Major explosion,First Aid,disabled safety device|bypassed interlock,Medium
REP-1FBC3871,2021-04-30,Station Foxtrot,Pump Room,Unsafe Condition,System Maintenance,Indicator bulb on DCS System was burnt out during System Maintenance.,0,0.32,Bypassing Safety Controls,Bypassing Safety Controls,None,None,DCS System,Minor injury,None,,Low
REP-8F7F9C01,2021-04-18,Site Alpha,Boiler Area,Incident,Repair,"The tag for Electrical Panel EP-5 was faded during Repair. No Electrical shock was present, but tag needs replacement.",0,0.24,Energy Isolation,Energy Isolation,None,None,Electrical Panel EP-5,Minor injury,None,,Low
REP-BD854FEB,2023-04-24,Facility Bravo,Pump Room,Near Miss,Heavy Haulage,"A safety camera caught Pickup Truck P-12 engaged in Heavy Haulage. The footage revealed Fatigued driver, which is a precursor to Rollover.",1,0.79,Driving,Driving,Rollover,Fatigued driver,Pickup Truck P-12,Severe whiplash,Property Damage,heavy vehicle interaction|distracted driving,High
REP-0B990DE5,2021-12-13,Station Foxtrot,Drilling Floor,Unsafe Condition,Site Patrol,Radio in Crew Bus was left on high volume after Site Patrol.,0,0.24,Driving,Driving|Energy Isolation,None,None,Crew Bus,Minor injury,None,,Low
REP-912C4137,2022-10-10,Site Alpha,Drilling Floor,Incident,Hoisting,The horn on Chain Block sounded a bit quiet during Hoisting.,0,0.2,Safe Mechanical Lifting,Safe Mechanical Lifting,None,None,Chain Block,Minor injury,None,,Low
REP-595A5281,2023-08-04,Facility Bravo,Storage Tank A,Incident,Internal Inspection,The entry log for Storage Tank A during Internal Inspection was smudged with dirt.,0,0.13,Confined Space,Confined Space,None,None,Storage Tank A,Minor injury,None,,Low
REP-D3B6A449,2022-10-14,Site Alpha,Drilling Floor,Incident,Internal Inspection,Worker entered Storage Tank A for Internal Inspection. Suddenly the alarm sounded. Ventilation failed meant the worker was exposed to Engulfment.,1,0.77,Confined Space,Confined Space|Safe Mechanical Lifting,Engulfment,Ventilation failed,Storage Tank A,Asphyxiation,First Aid,restricted access|deep excavation,Medium
REP-911AF982,2022-06-24,Terminal Echo,Main Workshop,Unsafe Act,Heavy Haulage,"While Heavy Haulage with Light Vehicle, the driver was observed Using mobile phone. This led to a near miss involving Vehicle collision.",1,0.77,Driving,Driving,Vehicle collision,Using mobile phone,Light Vehicle,Fatal traffic accident,First Aid,poor road conditions|high speed,High
REP-19AA4116,2022-07-31,Site Alpha,Deck 3,Incident,Hoisting,The horn on Forklift F-3 sounded a bit quiet during Hoisting.,0,0.13,Safe Mechanical Lifting,Safe Mechanical Lifting,None,None,Forklift F-3,Minor injury,None,,Low
REP-8D22C13B,2022-10-10,Platform Charlie,Pipe Rack 2,Incident,Rigging,Paint on Forklift F-3 used for Rigging is peeling off.,0,0.29,Safe Mechanical Lifting,Safe Mechanical Lifting,None,None,Forklift F-3,Minor injury,None,,Low
REP-9C70F6ED,2021-06-27,Facility Bravo,Pump Room,Unsafe Act,Repair,"The tag for Valve V-99 was faded during Repair. No Pressurized hydrocarbon release was present, but tag needs replacement.",0,0.04,Energy Isolation,Energy Isolation,None,None,Valve V-99,Minor injury,None,,Low
REP-CA4D3C2F,2023-12-01,Refinery Delta,Loading Bay,Unsafe Condition,Lifting,Barricade tape for Lifting near Drill Pipe was blown down by the wind. No operations were ongoing.,0,0.29,Line of Fire,Line of Fire,None,None,Drill Pipe,Minor injury,None,,Low
REP-6101C5BE,2023-06-18,Terminal Echo,Boiler Area,Near Miss,System Maintenance,"While investigating Fire & Gas Panel, it was found that Alarm disabled during System Maintenance. This exposed the facility to Process safety event.",1,0.94,Bypassing Safety Controls,Bypassing Safety Controls,Process safety event,Alarm disabled,Fire & Gas Panel,Multiple fatalities,First Aid,ignored alarm|disabled safety device,High
REP-E47DBE7D,2022-05-16,Terminal Echo,Loading Bay,Unsafe Condition,General Maintenance,Critical General Maintenance on Workshop proceeded despite Wrong permit type. This breakdown in authorization risked Unidentified hazards.,1,0.73,Work Authorization,Work Authorization|Confined Space,Unidentified hazards,Wrong permit type,Workshop,Serious injury due to lack of hazard awareness,None,poor communication|unauthorized work,Medium
REP-E3750576,2020-11-01,Terminal Echo,Pump Room,Incident,Trenching,Barricade tape for Trenching near Excavator was blown down by the wind. No operations were ongoing.,0,0.24,Line of Fire,Line of Fire,None,None,Excavator,Minor injury,None,,Low
REP-20298174,2023-11-13,Terminal Echo,Deck 3,Unsafe Condition,Welding,The welding lead for Oxy-Acetylene Torch was slightly tangled during Welding.,0,0.18,Hot Work,Hot Work,None,None,Oxy-Acetylene Torch,Minor injury,None,,Low
REP-4F6CD667,2022-06-04,Station Foxtrot,Boiler Area,Unsafe Condition,Tank Cleaning,The entry log for Storage Tank A during Tank Cleaning was smudged with dirt.,0,0.08,Confined Space,Confined Space,None,None,Storage Tank A,Minor injury,None,,Low
REP-20A9818B,2022-09-06,Site Alpha,Control Room,Unsafe Act,Contractor Work,JSA for Contractor Work near Workshop was printed on crumpled paper.,0,0.37,Work Authorization,Work Authorization,None,None,Workshop,Minor injury,None,,Low
REP-767C00C6,2021-08-12,Site Alpha,Pump Room,Incident,Welding,"A contractor began Welding using Angle Grinder. A safety walk discovered Combustibles not cleared, immediately stopping work due to Toxic fumes risk.",1,0.93,Hot Work,Hot Work,Toxic fumes,Combustibles not cleared,Angle Grinder,Facility explosion,Property Damage,flammable atmosphere|sparks,Medium
REP-7B6F69D6,2022-05-26,Refinery Delta,Storage Tank A,Unsafe Condition,Crane Lifting,Paint on Forklift F-3 used for Crane Lifting is peeling off.,0,0.21,Safe Mechanical Lifting,Safe Mechanical Lifting,None,None,Forklift F-3,Minor injury,None,,Low
REP-1587F255,2022-04-06,Platform Charlie,Storage Tank A,Unsafe Act,Pipefitting,"The tag for Compressor C-10 was faded during Pipefitting. No Pressurized hydrocarbon release was present, but tag needs replacement.",0,0.34,Energy Isolation,Energy Isolation,None,None,Compressor C-10,Minor injury,None,,Low
REP-7028E234,2023-10-23,Refinery Delta,Pipe Rack 2,Near Miss,Contractor Work,Worker doing Contractor Work at Utility Area did not sign the permit exactly on the line.,0,0.31,Work Authorization,Work Authorization,None,None,Utility Area,Minor injury,None,,Low
REP-C2D4AE4B,2023-05-08,Station Foxtrot,Loading Bay,Unsafe Condition,Structural Inspection,Worker's chin strap on helmet was loose during Structural Inspection on Cherry Picker.,0,0.35,Work at Height,Work at Height,None,None,Cherry Picker,Minor injury,None,,Low
REP-C2731B46,2020-11-17,Station Foxtrot,Pipe Rack 2,Unsafe Act,System Maintenance,Indicator bulb on Pressure Safety Valve PSV-90 was burnt out during System Maintenance.,0,0.06,Bypassing Safety Controls,Bypassing Safety Controls,None,None,Pressure Safety Valve PSV-90,Minor injury,None,,Low
REP-82203D6F,2023-11-03,Refinery Delta,Storage Tank A,Unsafe Condition,Structural Inspection,"During Structural Inspection, worker used the correct harness but the inspection log was not filled in for Cherry Picker.",0,0.04,Work at Height,Work at Height,None,None,Cherry Picker,Minor injury,None,,Low
REP-AA68AB62,2022-11-17,Terminal Echo,Pipe Rack 2,Unsafe Condition,Vessel Welding,Worker entered Underground Sump for Vessel Welding. Suddenly the alarm sounded. Ventilation failed meant the worker was exposed to Heat exhaustion.,1,0.91,Confined Space,Confined Space,Heat exhaustion,Ventilation failed,Underground Sump,Asphyxiation,None,hazardous atmosphere|deep excavation,High
REP-650DBB37,2022-02-26,Station Foxtrot,Deck 3,Unsafe Condition,Pressure Testing,"During Pressure Testing, a piece of non-tensioned wire from High Pressure Hose was left on the floor.",0,0.21,Line of Fire,Line of Fire,None,None,High Pressure Hose,Minor injury,None,,Low
REP-F6C34590,2021-10-26,Terminal Echo,Storage Tank A,Incident,Hoisting,The horn on Chain Block sounded a bit quiet during Hoisting.,0,0.3,Safe Mechanical Lifting,Safe Mechanical Lifting,None,None,Chain Block,Minor injury,None,,Low
REP-A23793AB,2020-10-15,Refinery Delta,Deck 3,Incident,Process Operation,"Screen on Pressure Safety Valve PSV-90 was dirty, making it hard to read during Process Operation.",0,0.03,Bypassing Safety Controls,Bypassing Safety Controls,None,None,Pressure Safety Valve PSV-90,Minor injury,None,,Low
REP-DC584C35,2023-09-24,Terminal Echo,Storage Tank A,Near Miss,Maintenance,"While preparing for Maintenance on Valve V-99, found that the lock for LOTO was slightly rusted, making it hard to use.",0,0.14,Energy Isolation,Energy Isolation,None,None,Valve V-99,Minor injury,None,,Low
REP-970C66EC,2022-12-08,Refinery Delta,Drilling Floor,Incident,Soldering,Welder doing Soldering with Oxy-Acetylene Torch had untucked coveralls.,0,0.03,Hot Work,Hot Work,None,None,Oxy-Acetylene Torch,Minor injury,None,,Low
REP-939999C8,2021-06-09,Platform Charlie,Main Workshop,Unsafe Act,Torquing,"Worker performing Torquing on Winch W-2 had their hands slightly close to a rough edge, causing a minor scratch.",0,0.07,Line of Fire,Line of Fire,None,None,Winch W-2,Minor injury,None,,Low
REP-B7BC4187,2021-10-13,Refinery Delta,Pump Room,Unsafe Act,Contractor Work,Worker doing Contractor Work at Process Module 4 did not sign the permit exactly on the line.,0,0.31,Work Authorization,Work Authorization,None,None,Process Module 4,Minor injury,None,,Low
REP-F3C20639,2020-12-21,Site Alpha,Drilling Floor,Unsafe Act,Internal Inspection,Tools used for Internal Inspection in Separator V-10 were left outside the entrance untidily.,0,0.17,Confined Space,Confined Space,None,None,Separator V-10,Minor injury,None,,Low
REP-F0BE6CF3,2023-05-28,Refinery Delta,Control Room,Incident,Material Delivery,Driver doing Material Delivery in Pickup Truck P-12 parked slightly outside the designated lines.,0,0.26,Driving,Driving,None,None,Pickup Truck P-12,Minor injury,None,,Low
REP-05340A53,2021-02-23,Platform Charlie,Storage Tank A,Incident,Hoisting,"During Hoisting using Forklift F-3, the load began to swing wildly. Overloaded crane caused a loss of control, resulting in Swinging load.",1,0.79,Safe Mechanical Lifting,Safe Mechanical Lifting,Swinging load,Overloaded crane,Forklift F-3,Crush fatality,First Aid,blind lift|dynamic loading,Medium
REP-38C92D79,2021-11-20,Terminal Echo,Pipe Rack 2,Unsafe Act,Transporting Personnel,Driver doing Transporting Personnel in Light Vehicle parked slightly outside the designated lines.,0,0.27,Driving,Driving,None,None,Light Vehicle,Minor injury,None,,Low
REP-3E00109C,2022-12-02,Platform Charlie,Pump Room,Incident,Process Operation,"While investigating Pressure Safety Valve PSV-90, it was found that Safety valve isolated during Process Operation. This exposed the facility to Loss of containment.",1,0.8,Bypassing Safety Controls,Bypassing Safety Controls,Loss of containment,Safety valve isolated,Pressure Safety Valve PSV-90,Major explosion,First Aid,disabled safety device|unauthorized override,Medium
REP-26D6A02B,2023-06-02,Platform Charlie,Deck 3,Near Miss,Forklift Operation,"Forklift Operation was taking place with Mobile Crane. It was found that Overloaded crane, which is a severe violation that could result in Crane tip-over.",1,0.85,Safe Mechanical Lifting,Safe Mechanical Lifting,Crane tip-over,Overloaded crane,Mobile Crane,Multiple serious injuries,First Aid,dynamic loading|heavy lifting,High
REP-E83393E3,2022-11-19,Platform Charlie,Deck 3,Incident,Alarm Testing,Operator engaged in Alarm Testing admitted to bypassing safety logic on Fire & Gas Panel. Alarm disabled is a severe breach leading to Overpressure.,1,0.93,Bypassing Safety Controls,Bypassing Safety Controls,Overpressure,Alarm disabled,Fire & Gas Panel,Major explosion,Property Damage,bypassed interlock|ignored alarm,High
REP-AB29AC2D,2022-11-23,Facility Bravo,Deck 3,Incident,Tank Cleaning,Worker entered Reactor R-5 for Tank Cleaning. Suddenly the alarm sounded. Ventilation failed meant the worker was exposed to Toxic atmosphere.,1,0.82,Confined Space,Confined Space,Toxic atmosphere,Ventilation failed,Reactor R-5,Loss of consciousness,First Aid,poor ventilation|restricted access,High
REP-6EE662BF,2023-01-12,Terminal Echo,Boiler Area,Near Miss,Pipefitting,"During Pipefitting of Valve V-99, the technician started loosening the flange while the line was still pressurized. Isolation valve was closed but Energy not verified zero. Electrical shock occurred. No injury occurred but potential was high.",1,0.98,Energy Isolation,Energy Isolation,Electrical shock,Energy not verified zero,Valve V-99,Fatal electrocution,First Aid,stored energy|pressurized equipment,Medium
REP-5C1C65DD,2022-07-31,Station Foxtrot,Boiler Area,Unsafe Condition,System Maintenance,Indicator bulb on Fire & Gas Panel was burnt out during System Maintenance.,0,0.1,Bypassing Safety Controls,Bypassing Safety Controls,None,None,Fire & Gas Panel,Minor injury,None,,Low
REP-BD729A8B,2022-05-27,Platform Charlie,Main Workshop,Incident,Roof Repair,Worker's chin strap on helmet was loose during Roof Repair on Cherry Picker.,0,0.29,Work at Height,Work at Height,None,None,Cherry Picker,Minor injury,None,,Low
REP-442E6786,2021-02-18,Terminal Echo,Pipe Rack 2,Unsafe Act,Site Patrol,"Forklift was involved in a near miss during Site Patrol. Investigation showed Brakes defective, drastically increasing the risk of Loss of control.",1,0.82,Driving,Driving,Loss of control,Brakes defective,Forklift,Severe whiplash,First Aid,high speed|poor road conditions,High
REP-90BA2ED1,2023-04-04,Platform Charlie,Drilling Floor,Incident,Transporting Personnel,Radio in Forklift was left on high volume after Transporting Personnel.,0,0.03,Driving,Driving|Work at Height,None,None,Forklift,Minor injury,None,,Low
REP-E84DB9BE,2022-09-07,Refinery Delta,Deck 3,Unsafe Condition,Material Delivery,"While Material Delivery with Light Vehicle, the driver was observed Brakes defective. This led to a near miss involving Pedestrian impact.",1,0.95,Driving,Driving,Pedestrian impact,Brakes defective,Light Vehicle,Crush injuries to pedestrian,Property Damage,distracted driving|poor road conditions,Medium
REP-8E6B77AD,2023-03-07,Station Foxtrot,Pipe Rack 2,Incident,Alarm Testing,Operator engaged in Alarm Testing admitted to bypassing safety logic on DCS System. Interlock bridged is a severe breach leading to Overpressure.,1,0.91,Bypassing Safety Controls,Bypassing Safety Controls,Overpressure,Interlock bridged,DCS System,Multiple fatalities,None,disabled safety device|ignored alarm,Medium
REP-7D36B07D,2023-04-15,Facility Bravo,Loading Bay,Incident,Rigging,Worker's chin strap on helmet was loose during Rigging on Crane C-1.,0,0.03,Work at Height,Work at Height,None,None,Crane C-1,Minor injury,None,,Low
REP-3AC874E4,2022-07-19,Site Alpha,Loading Bay,Near Miss,Material Delivery,Driver doing Material Delivery in Forklift parked slightly outside the designated lines.,0,0.25,Driving,Driving,None,None,Forklift,Minor injury,None,,Low
REP-638D346C,2022-06-24,Facility Bravo,Deck 3,Unsafe Condition,Contractor Work,"During a walkaround, found personnel doing Contractor Work on Camp Facility. Expired permit meant they had no controls for Uncontrolled work.",1,0.9,Work Authorization,Work Authorization,Uncontrolled work,Expired permit,Camp Facility,Serious injury due to lack of hazard awareness,First Aid,poor communication|inadequate planning,Medium
REP-2F130EFF,2023-08-11,Site Alpha,Pipe Rack 2,Incident,Tank Cleaning,The entry log for Underground Sump during Tank Cleaning was smudged with dirt.,0,0.15,Confined Space,Confined Space|Bypassing Safety Controls,None,None,Underground Sump,Minor injury,None,,Low
REP-A56F1D42,2021-09-23,Refinery Delta,Pump Room,Unsafe Act,Vessel Welding,The entry log for Underground Sump during Vessel Welding was smudged with dirt.,0,0.13,Confined Space,Confined Space,None,None,Underground Sump,Minor injury,None,,Low
REP-FCC46FB1,2022-03-16,Terminal Echo,Deck 3,Unsafe Act,Vessel Welding,"Worker doing Vessel Welding in Underground Sump complained about poor lighting, though gas levels were normal.",0,0.25,Confined Space,Confined Space,None,None,Underground Sump,Minor injury,None,,Low
REP-DECBCC0D,2022-11-15,Platform Charlie,Main Workshop,Incident,Contractor Work,JSA for Contractor Work near Camp Facility was printed on crumpled paper.,0,0.15,Work Authorization,Work Authorization,None,None,Camp Facility,Minor injury,None,,Low
REP-FC1CF22F,2023-06-09,Platform Charlie,Control Room,Unsafe Condition,Crane Lifting,The horn on Forklift F-3 sounded a bit quiet during Crane Lifting.,0,0.38,Safe Mechanical Lifting,Safe Mechanical Lifting,None,None,Forklift F-3,Minor injury,None,,Low
REP-6D1B6F48,2023-09-18,Refinery Delta,Loading Bay,Unsafe Act,Material Delivery,Radio in Pickup Truck P-12 was left on high volume after Material Delivery.,0,0.27,Driving,Driving,None,None,Pickup Truck P-12,Minor injury,None,,Low
REP-9C8735A4,2020-12-01,Facility Bravo,Loading Bay,Unsafe Condition,Material Delivery,Radio in Pickup Truck P-12 was left on high volume after Material Delivery.,0,0.13,Driving,Driving,None,None,Pickup Truck P-12,Minor injury,None,,Low
REP-CCEBDE10,2020-02-19,Refinery Delta,Loading Bay,Near Miss,Alarm Testing,Operator logged Alarm Testing for Fire & Gas Panel in the wrong logbook.,0,0.32,Bypassing Safety Controls,Bypassing Safety Controls,None,None,Fire & Gas Panel,Minor injury,None,,Low
REP-25737BAC,2023-07-08,Refinery Delta,Main Workshop,Unsafe Act,System Maintenance,Operator logged System Maintenance for Fire & Gas Panel in the wrong logbook.,0,0.26,Bypassing Safety Controls,Bypassing Safety Controls,None,None,Fire & Gas Panel,Minor injury,None,,Low
REP-0556B8EB,2021-08-10,Site Alpha,Loading Bay,Near Miss,General Maintenance,Worker doing General Maintenance at Utility Area did not sign the permit exactly on the line.,0,0.04,Work Authorization,Work Authorization|Work at Height,None,None,Utility Area,Minor injury,None,,Low
REP-39AF0A15,2020-09-20,Terminal Echo,Boiler Area,Incident,Contractor Work,Permit for Contractor Work at Process Module 4 had a minor spelling mistake in the supervisor's name.,0,0.3,Work Authorization,Work Authorization,None,None,Process Module 4,Minor injury,None,,Low
REP-37B40B2D,2022-02-26,Station Foxtrot,Boiler Area,Unsafe Act,Tank Cleaning,Tools used for Tank Cleaning in Storage Tank A were left outside the entrance untidily.,0,0.26,Confined Space,Confined Space,None,None,Storage Tank A,Minor injury,None,,Low
REP-AF529DCF,2020-06-08,Site Alpha,Boiler Area,Near Miss,Internal Inspection,"Worker doing Internal Inspection in Reactor R-5 complained about poor lighting, though gas levels were normal.",0,0.18,Confined Space,Confined Space,None,None,Reactor R-5,Minor injury,None,,Low
REP-646A5979,2020-03-22,Site Alpha,Loading Bay,Incident,Internal Inspection,Tools used for Internal Inspection in Separator V-10 were left outside the entrance untidily.,0,0.24,Confined Space,Confined Space,None,None,Separator V-10,Minor injury,None,,Low
REP-F2553097,2021-11-01,Facility Bravo,Main Workshop,Near Miss,Material Delivery,Driver doing Material Delivery in Forklift parked slightly outside the designated lines.,0,0.25,Driving,Driving,None,None,Forklift,Minor injury,None,,Low
REP-2A43B7F7,2022-03-20,Platform Charlie,Storage Tank A,Near Miss,Structural Inspection,"Scaffolding tubes for Pipe Rack Level 3 were stored untidily, causing a minor trip hazard during Structural Inspection.",0,0.13,Work at Height,Work at Height,None,None,Pipe Rack Level 3,Minor injury,None,,Low
REP-D0C11B37,2023-08-09,Refinery Delta,Drilling Floor,Near Miss,Process Operation,"While investigating DCS System, it was found that Alarm disabled during Process Operation. This exposed the facility to Equipment destruction.",1,0.86,Bypassing Safety Controls,Bypassing Safety Controls,Equipment destruction,Alarm disabled,DCS System,Catastrophic release,Property Damage,unauthorized override|disabled safety device,High
REP-A697FF82,2023-01-26,Platform Charlie,Pump Room,Unsafe Condition,Pressure Testing,"Worker performing Pressure Testing on High Pressure Hose had their hands slightly close to a rough edge, causing a minor scratch.",0,0.09,Line of Fire,Line of Fire,None,None,High Pressure Hose,Minor injury,None,,Low
REP-709EAB32,2021-01-04,Terminal Echo,Pipe Rack 2,Unsafe Condition,Torch Cutting,The welding lead for Welding Machine W-1 was slightly tangled during Torch Cutting.,0,0.2,Hot Work,Hot Work,None,None,Welding Machine W-1,Minor injury,None,,Low
REP-C165A7B5,2020-06-20,Platform Charlie,Control Room,Near Miss,Rigging,Operator of Forklift F-3 during Rigging forgot his safety glasses but was in an enclosed cab.,0,0.3,Safe Mechanical Lifting,Safe Mechanical Lifting,None,None,Forklift F-3,Minor injury,None,,Low
REP-638280EC,2021-10-10,Facility Bravo,Deck 3,Unsafe Condition,Tank Cleaning,Tools used for Tank Cleaning in Underground Sump were left outside the entrance untidily.,0,0.19,Confined Space,Confined Space,None,None,Underground Sump,Minor injury,None,,Low
REP-528ED51C,2021-02-01,Site Alpha,Pipe Rack 2,Near Miss,Repair,"While preparing for Repair on Pump P-204, found that the lock for LOTO was slightly rusted, making it hard to use.",0,0.05,Energy Isolation,Energy Isolation,None,None,Pump P-204,Minor injury,None,,Low
REP-5B8DDEFE,2020-05-12,Platform Charlie,Loading Bay,Incident,Maintenance,"While preparing for Maintenance on Heat Exchanger HX-2, found that the lock for LOTO was slightly rusted, making it hard to use.",0,0.05,Energy Isolation,Energy Isolation,None,None,Heat Exchanger HX-2,Minor injury,None,,Low
REP-99FDD78B,2023-07-16,Terminal Echo,Drilling Floor,Incident,Process Operation,"Screen on DCS System was dirty, making it hard to read during Process Operation.",0,0.27,Bypassing Safety Controls,Bypassing Safety Controls|Driving,None,None,DCS System,Minor injury,None,,Low
REP-AB48121B,2021-06-23,Facility Bravo,Loading Bay,Unsafe Act,Soldering,Fire extinguisher near Welding Machine W-1 for Soldering was due for monthly inspection next week.,0,0.04,Hot Work,Hot Work,None,None,Welding Machine W-1,Minor injury,None,,Low
REP-9107C9DA,2020-10-09,Facility Bravo,Main Workshop,Unsafe Act,Inspection,"The tag for Compressor C-10 was faded during Inspection. No Pressurized hydrocarbon release was present, but tag needs replacement.",0,0.14,Energy Isolation,Energy Isolation,None,None,Compressor C-10,Minor injury,None,,Low
REP-11FE0F96,2020-07-14,Refinery Delta,Storage Tank A,Unsafe Condition,Lifting,"During Lifting, High Pressure Hose failed unexpectedly. Because Tension line snapped, the worker was exposed to Caught between objects. Fortunately, the worker jumped back in time.",1,0.91,Line of Fire,Line of Fire,Caught between objects,Tension line snapped,High Pressure Hose,Crush injury,None,tensioned line|moving machinery,Medium
REP-7DF98B79,2022-02-01,Refinery Delta,Boiler Area,Unsafe Act,Material Delivery,"While Material Delivery with Vacuum Truck, the driver was observed Seatbelt not worn. This led to a near miss involving Rollover.",1,0.75,Driving,Driving|Hot Work,Rollover,Seatbelt not worn,Vacuum Truck,Severe whiplash,None,distracted driving|poor road conditions,Medium
REP-771ECD7E,2021-01-06,Terminal Echo,Storage Tank A,Unsafe Act,Maintenance,"During Maintenance of Pump P-204, the technician started loosening the flange while the line was still pressurized. Isolation valve was closed but Bleed valve closed. Electrical shock occurred. No injury occurred but potential was high.",1,0.77,Energy Isolation,Energy Isolation,Electrical shock,Bleed valve closed,Pump P-204,Severe chemical burns,First Aid,toxic fluid|stored energy,Medium
REP-BBA8B329,2022-10-22,Refinery Delta,Main Workshop,Near Miss,Pressure Testing,"Worker performing Pressure Testing on Drill Pipe had their hands slightly close to a rough edge, causing a minor scratch.",0,0.13,Line of Fire,Line of Fire,None,None,Drill Pipe,Minor injury,None,,Low
REP-CFD9E856,2023-04-09,Platform Charlie,Loading Bay,Incident,Process Operation,Indicator bulb on Pressure Safety Valve PSV-90 was burnt out during Process Operation.,0,0.29,Bypassing Safety Controls,Bypassing Safety Controls,None,None,Pressure Safety Valve PSV-90,Minor injury,None,,Low
REP-B9E5E207,2020-07-07,Platform Charlie,Boiler Area,Incident,Non-routine Task,JSA for Non-routine Task near Workshop was printed on crumpled paper.,0,0.34,Work Authorization,Work Authorization,None,None,Workshop,Minor injury,None,,Low
REP-300E2C68,2023-08-02,Terminal Echo,Pump Room,Incident,System Maintenance,Operator logged System Maintenance for Fire & Gas Panel in the wrong logbook.,0,0.32,Bypassing Safety Controls,Bypassing Safety Controls,None,None,Fire & Gas Panel,Minor injury,None,,Low
REP-3F716BBE,2022-06-23,Platform Charlie,Storage Tank A,Incident,Structural Inspection,Worker's chin strap on helmet was loose during Structural Inspection on Roof Access Ladder.,0,0.12,Work at Height,Work at Height,None,None,Roof Access Ladder,Minor injury,None,,Low
REP-E2CB83D3,2021-02-18,Station Foxtrot,Storage Tank A,Incident,Internal Inspection,The entry log for Separator V-10 during Internal Inspection was smudged with dirt.,0,0.07,Confined Space,Confined Space,None,None,Separator V-10,Minor injury,None,,Low
REP-ECF6A18D,2023-01-25,Facility Bravo,Drilling Floor,Near Miss,Torquing,"Worker performing Torquing on Winch W-2 had their hands slightly close to a rough edge, causing a minor scratch.",0,0.3,Line of Fire,Line of Fire,None,None,Winch W-2,Minor injury,None,,Low
REP-605885C0,2023-03-04,Refinery Delta,Loading Bay,Unsafe Act,Rigging,"Rigging was taking place with Overhead Gantry. It was found that Damaged slings used, which is a severe violation that could result in Rigging failure.",1,0.91,Safe Mechanical Lifting,Safe Mechanical Lifting,Rigging failure,Damaged slings used,Overhead Gantry,Multiple serious injuries,First Aid,dynamic loading|suspended load,Medium
REP-AA164FEE,2022-10-15,Facility Bravo,Control Room,Unsafe Condition,Grinding,Welder doing Grinding with Welding Machine W-1 had untucked coveralls.,0,0.11,Hot Work,Hot Work,None,None,Welding Machine W-1,Minor injury,None,,Low
REP-B0960F3D,2020-02-09,Terminal Echo,Boiler Area,Incident,Non-routine Task,Worker doing Non-routine Task at Workshop did not sign the permit exactly on the line.,0,0.36,Work Authorization,Work Authorization,None,None,Workshop,Minor injury,None,,Low
REP-3BB9BE5D,2023-08-08,Platform Charlie,Boiler Area,Unsafe Condition,Tank Cleaning,"Worker doing Tank Cleaning in Separator V-10 complained about poor lighting, though gas levels were normal.",0,0.08,Confined Space,Confined Space,None,None,Separator V-10,Minor injury,None,,Low
REP-67C2B17D,2023-04-20,Station Foxtrot,Main Workshop,Unsafe Act,Hoisting,Operator of Chain Block during Hoisting forgot his safety glasses but was in an enclosed cab.,0,0.35,Safe Mechanical Lifting,Safe Mechanical Lifting,None,None,Chain Block,Minor injury,None,,Low
REP-AF2D27CE,2023-10-08,Site Alpha,Storage Tank A,Unsafe Condition,Crane Lifting,"Crane Lifting was taking place with Mobile Crane. It was found that No tag lines used, which is a severe violation that could result in Crane tip-over.",1,0.73,Safe Mechanical Lifting,Safe Mechanical Lifting,Crane tip-over,No tag lines used,Mobile Crane,Multiple serious injuries,First Aid,blind lift|dynamic loading,High
REP-835E9F0B,2023-05-17,Platform Charlie,Pump Room,Unsafe Act,Vessel Welding,"Prior to Vessel Welding in Storage Tank A, it was discovered that Gas test not performed. This could have led to Toxic atmosphere and potential fatality.",1,0.73,Confined Space,Confined Space,Toxic atmosphere,Gas test not performed,Storage Tank A,Fatality due to toxic gas,Property Damage,poor ventilation|deep excavation,Medium
REP-E7311C34,2020-07-24,Platform Charlie,Pump Room,Near Miss,Internal Inspection,"Prior to Internal Inspection in Underground Sump, it was discovered that Rescue plan inadequate. This could have led to Oxygen deficiency and potential fatality.",1,0.98,Confined Space,Confined Space,Oxygen deficiency,Rescue plan inadequate,Underground Sump,Loss of consciousness,Property Damage,deep excavation|poor ventilation,High
REP-8A913735,2023-09-02,Station Foxtrot,Deck 3,Unsafe Act,Maintenance,"During Maintenance of Valve V-99, the technician started loosening the flange while the line was still pressurized. Isolation valve was closed but Energy not verified zero. Steam leak occurred. No injury occurred but potential was high.",1,0.82,Energy Isolation,Energy Isolation|Hot Work,Steam leak,Energy not verified zero,Valve V-99,Fatal electrocution,Property Damage,toxic fluid|stored energy,High
REP-50ECC4CC,2023-05-18,Site Alpha,Loading Bay,Near Miss,Forklift Operation,"During Forklift Operation using Mobile Crane, the load began to swing wildly. No tag lines used caused a loss of control, resulting in Crane tip-over.",1,0.92,Safe Mechanical Lifting,Safe Mechanical Lifting,Crane tip-over,No tag lines used,Mobile Crane,Structural collapse,Property Damage,dynamic loading|blind lift,Medium
REP-35F4A050,2022-09-06,Terminal Echo,Deck 3,Incident,Internal Inspection,"Prior to Internal Inspection in Underground Sump, it was discovered that Ventilation failed. This could have led to Engulfment and potential fatality.",1,0.72,Confined Space,Confined Space,Engulfment,Ventilation failed,Underground Sump,Asphyxiation,Property Damage,hazardous atmosphere|deep excavation,Medium
REP-2C417181,2022-10-11,Site Alpha,Loading Bay,Unsafe Condition,Painting,"During Painting, worker used the correct harness but the inspection log was not filled in for Cherry Picker.",0,0.35,Work at Height,Work at Height,None,None,Cherry Picker,Minor injury,None,,Low
REP-1BCF9FD3,2023-09-03,Site Alpha,Main Workshop,Unsafe Act,Rigging,"During Rigging, worker used the correct harness but the inspection log was not filled in for Pipe Rack Level 3.",0,0.23,Work at Height,Work at Height,None,None,Pipe Rack Level 3,Minor injury,None,,Low
REP-ACE0DAC5,2022-01-24,Refinery Delta,Storage Tank A,Near Miss,Heavy Haulage,"While Heavy Haulage with Crew Bus, the driver was observed Seatbelt not worn. This led to a near miss involving Pedestrian impact.",1,0.98,Driving,Driving,Pedestrian impact,Seatbelt not worn,Crew Bus,Severe whiplash,Property Damage,high speed|poor road conditions,High
REP-A3140D3A,2023-09-08,Refinery Delta,Deck 3,Near Miss,Vessel Welding,Tools used for Vessel Welding in Storage Tank A were left outside the entrance untidily.,0,0.39,Confined Space,Confined Space,None,None,Storage Tank A,Minor injury,None,,Low
REP-9954E7FA,2023-09-20,Refinery Delta,Boiler Area,Incident,Lifting,"While conducting Lifting with Excavator, an IP stepped into the danger zone. Standing in pinch point resulted in the worker being in the Line of Fire for Whip from parted cable.",1,0.8,Line of Fire,Line of Fire,Whip from parted cable,Standing in pinch point,Excavator,Crush injury,Property Damage,tensioned line|moving machinery,High
REP-F61BE720,2023-07-20,Platform Charlie,Main Workshop,Incident,Site Patrol,"Crew Bus was involved in a near miss during Site Patrol. Investigation showed Seatbelt not worn, drastically increasing the risk of Pedestrian impact.",1,0.96,Driving,Driving,Pedestrian impact,Seatbelt not worn,Crew Bus,Severe whiplash,None,heavy vehicle interaction|poor road conditions,Medium
REP-FAB7500A,2022-11-03,Terminal Echo,Loading Bay,Unsafe Act,Roof Repair,"Scaffolding tubes for Cherry Picker were stored untidily, causing a minor trip hazard during Roof Repair.",0,0.25,Work at Height,Work at Height,None,None,Cherry Picker,Minor injury,None,,Low
REP-BD743641,2021-01-12,Refinery Delta,Deck 3,Incident,Rigging,"During Rigging, a 5kg wrench was dropped from Pipe Rack Level 3. Lanyard defective meant the area below was not clear. Open grating was a near miss.",1,0.81,Work at Height,Work at Height,Open grating,Lanyard defective,Pipe Rack Level 3,Serious head injury from dropped object,None,open hole|unsecured tools,High
REP-B5FAB9B4,2023-09-01,Platform Charlie,Deck 3,Unsafe Condition,Process Operation,"While investigating Fire & Gas Panel, it was found that Safety valve isolated during Process Operation. This exposed the facility to Equipment destruction.",1,0.89,Bypassing Safety Controls,Bypassing Safety Controls,Equipment destruction,Safety valve isolated,Fire & Gas Panel,Major explosion,First Aid,disabled safety device|bypassed interlock,Medium
REP-9DAA824C,2023-01-13,Terminal Echo,Pump Room,Near Miss,Alarm Testing,"While investigating Shutdown Valve SDV-1, it was found that Safety valve isolated during Alarm Testing. This exposed the facility to Overpressure.",1,0.7,Bypassing Safety Controls,Bypassing Safety Controls,Overpressure,Safety valve isolated,Shutdown Valve SDV-1,Major explosion,First Aid,unauthorized override|disabled safety device,High
REP-1F52D7B1,2023-09-12,Facility Bravo,Boiler Area,Unsafe Condition,Roof Repair,Worker's chin strap on helmet was loose during Roof Repair on Crane C-1.,0,0.15,Work at Height,Work at Height,None,None,Crane C-1,Minor injury,None,,Low
REP-BBC3BFCB,2023-04-25,Terminal Echo,Main Workshop,Unsafe Act,Pressure Testing,"While conducting Pressure Testing with Hydraulic Torque Wrench, an IP stepped into the danger zone. Barricades ignored resulted in the worker being in the Line of Fire for High pressure release.",1,0.85,Line of Fire,Line of Fire,High pressure release,Barricades ignored,Hydraulic Torque Wrench,Crush injury,Property Damage,pinch point|moving machinery,High
REP-70A2A77B,2023-09-28,Site Alpha,Drilling Floor,Unsafe Condition,Scaffolding,Worker observed performing Scaffolding on Cherry Picker at 15 meters. It was noted that Lanyard defective. A Unstable platform could have resulted in a fatality.,1,0.9,Work at Height,Work at Height,Unstable platform,Lanyard defective,Cherry Picker,Multiple fractures,First Aid,unsecured tools|missing fall protection,Medium
REP-B35F7ACD,2023-09-23,Platform Charlie,Control Room,Unsafe Act,General Maintenance,Permit for General Maintenance at Workshop had a minor spelling mistake in the supervisor's name.,0,0.26,Work Authorization,Work Authorization,None,None,Workshop,Minor injury,None,,Low
REP-17AFC327,2023-12-29,Platform Charlie,Loading Bay,Near Miss,Non-routine Task,Permit for Non-routine Task at Workshop had a minor spelling mistake in the supervisor's name.,0,0.25,Work Authorization,Work Authorization,None,None,Workshop,Minor injury,None,,Low
REP-952F322B,2020-03-15,Facility Bravo,Deck 3,Unsafe Condition,Grinding,"A contractor began Grinding using Welding Machine W-1. A safety walk discovered Gas test expired, immediately stopping work due to Severe burns risk.",1,0.96,Hot Work,Hot Work,Severe burns,Gas test expired,Welding Machine W-1,Facility explosion,Property Damage,hydrocarbon presence|flammable atmosphere,Medium
REP-D8C0252A,2021-05-05,Station Foxtrot,Storage Tank A,Unsafe Act,Internal Inspection,"Prior to Internal Inspection in Reactor R-5, it was discovered that Attendant absent. This could have led to Toxic atmosphere and potential fatality.",1,0.73,Confined Space,Confined Space,Toxic atmosphere,Attendant absent,Reactor R-5,Fatality due to toxic gas,First Aid,restricted access|poor ventilation,High
REP-660BA4B1,2020-01-02,Refinery Delta,Storage Tank A,Unsafe Act,Torch Cutting,The welding lead for Oxy-Acetylene Torch was slightly tangled during Torch Cutting.,0,0.08,Hot Work,Hot Work,None,None,Oxy-Acetylene Torch,Minor injury,None,,Low
REP-CCFB35B3,2021-04-23,Refinery Delta,Main Workshop,Near Miss,Grinding,The welding lead for Pipe Spool P-10 was slightly tangled during Grinding.,0,0.19,Hot Work,Hot Work,None,None,Pipe Spool P-10,Minor injury,None,,Low
REP-2C18D726,2021-09-04,Terminal Echo,Pipe Rack 2,Unsafe Act,Maintenance,"The tag for Valve V-99 was faded during Maintenance. No Stored energy discharge was present, but tag needs replacement.",0,0.23,Energy Isolation,Energy Isolation,None,None,Valve V-99,Minor injury,None,,Low
REP-74462F9B,2021-09-09,Refinery Delta,Control Room,Unsafe Condition,Vessel Welding,"During Vessel Welding inside Storage Tank A, Attendant absent was noted. This is a critical failure leading to high risk of Engulfment.",1,0.95,Confined Space,Confined Space,Engulfment,Attendant absent,Storage Tank A,Fatality due to toxic gas,First Aid,hazardous atmosphere|poor ventilation,High
REP-97B61D5E,2022-07-19,Station Foxtrot,Boiler Area,Near Miss,Repair,"Noticed Compressor C-10 had a minor weep during Repair. LOTO was applied correctly, but cleanup was delayed.",0,0.12,Energy Isolation,Energy Isolation,None,None,Compressor C-10,Minor injury,None,,Low
REP-87D78EFE,2020-12-22,Refinery Delta,Storage Tank A,Unsafe Act,Torch Cutting,"During Torch Cutting with Angle Grinder, Combustibles not cleared allowed slag to ignite a small fire. Toxic fumes potential was extremely high.",1,0.95,Hot Work,Hot Work,Toxic fumes,Combustibles not cleared,Angle Grinder,Facility explosion,First Aid,sparks|flammable atmosphere,Medium
REP-57BEA27A,2021-03-31,Site Alpha,Drilling Floor,Unsafe Condition,Torquing,"Torquing was being performed. Exclusion zone breached allowed personnel to walk directly under High Pressure Hose, posing a severe Struck by moving object.",1,0.87,Line of Fire,Line of Fire,Struck by moving object,Exclusion zone breached,High Pressure Hose,Amputation,None,suspended load|moving machinery,High
REP-718D994C,2022-06-25,Facility Bravo,Deck 3,Incident,Tank Cleaning,Tools used for Tank Cleaning in Underground Sump were left outside the entrance untidily.,0,0.24,Confined Space,Confined Space,None,None,Underground Sump,Minor injury,None,,Low
REP-910B50C8,2021-05-08,Terminal Echo,Boiler Area,Incident,Trenching,"Worker performing Trenching on Hydraulic Torque Wrench had their hands slightly close to a rough edge, causing a minor scratch.",0,0.15,Line of Fire,Line of Fire|Driving,None,None,Hydraulic Torque Wrench,Minor injury,None,,Low
REP-F7A302AE,2023-04-15,Facility Bravo,Pipe Rack 2,Unsafe Act,Internal Inspection,The entry log for Storage Tank A during Internal Inspection was smudged with dirt.,0,0.34,Confined Space,Confined Space,None,None,Storage Tank A,Minor injury,None,,Low
REP-7E8F56D9,2021-03-09,Platform Charlie,Loading Bay,Incident,Welding,Welder doing Welding with Angle Grinder had untucked coveralls.,0,0.26,Hot Work,Hot Work|Energy Isolation,None,None,Angle Grinder,Minor injury,None,,Low
REP-28B4A7BC,2021-11-28,Refinery Delta,Main Workshop,Incident,Rigging,"Scaffolding tubes for Scaffold Tower B were stored untidily, causing a minor trip hazard during Rigging.",0,0.07,Work at Height,Work at Height|Bypassing Safety Controls,None,None,Scaffold Tower B,Minor injury,None,,Low
REP-23108341,2021-03-20,Facility Bravo,Loading Bay,Unsafe Act,Torch Cutting,"Torch Cutting was started on Oxy-Acetylene Torch near a live process area. Sparks falling to lower deck was observed, posing a massive risk of Fire.",1,0.78,Hot Work,Hot Work,Fire,Sparks falling to lower deck,Oxy-Acetylene Torch,Fatal burns,Property Damage,flammable atmosphere|ignition source,High
REP-8680723B,2020-08-30,Terminal Echo,Main Workshop,Near Miss,Contractor Work,JSA for Contractor Work near Process Module 4 was printed on crumpled paper.,0,0.02,Work Authorization,Work Authorization,None,None,Process Module 4,Minor injury,None,,Low
REP-AA99C88B,2022-05-06,Site Alpha,Boiler Area,Unsafe Act,Scaffolding,"During Scaffolding, a 5kg wrench was dropped from Roof Access Ladder. Lanyard defective meant the area below was not clear. Open grating was a near miss.",1,0.75,Work at Height,Work at Height,Open grating,Lanyard defective,Roof Access Ladder,Serious head injury from dropped object,Property Damage,missing fall protection|working aloft,High
REP-3CAD8841,2020-05-21,Station Foxtrot,Deck 3,Incident,Trenching,"Worker performing Trenching on Winch W-2 had their hands slightly close to a rough edge, causing a minor scratch.",0,0.06,Line of Fire,Line of Fire,None,None,Winch W-2,Minor injury,None,,Low
REP-848AFF74,2023-11-01,Refinery Delta,Deck 3,Near Miss,Heavy Haulage,The Pickup Truck P-12 was slightly dirty during Heavy Haulage.,0,0.07,Driving,Driving,None,None,Pickup Truck P-12,Minor injury,None,,Low
REP-7BEC7C88,2020-11-07,Terminal Echo,Main Workshop,Unsafe Condition,Painting,Worker's chin strap on helmet was loose during Painting on Roof Access Ladder.,0,0.12,Work at Height,Work at Height,None,None,Roof Access Ladder,Minor injury,None,,Low
REP-7439688E,2023-09-11,Station Foxtrot,Pipe Rack 2,Incident,Inspection,"During Inspection of Valve V-99, the technician started loosening the flange while the line was still pressurized. Isolation valve was closed but Isolation valve leaking. Stored energy discharge occurred. No injury occurred but potential was high.",1,0.78,Energy Isolation,Energy Isolation,Stored energy discharge,Isolation valve leaking,Valve V-99,Fatal electrocution,Property Damage,stored energy|inadequate isolation,High
REP-4E77BB54,2023-03-13,Site Alpha,Drilling Floor,Unsafe Condition,Tank Cleaning,"Worker doing Tank Cleaning in Reactor R-5 complained about poor lighting, though gas levels were normal.",0,0.17,Confined Space,Confined Space,None,None,Reactor R-5,Minor injury,None,,Low
REP-188E294F,2021-08-22,Facility Bravo,Storage Tank A,Incident,Lifting,Barricade tape for Lifting near Winch W-2 was blown down by the wind. No operations were ongoing.,0,0.18,Line of Fire,Line of Fire,None,None,Winch W-2,Minor injury,None,,Low
REP-9ECA4168,2021-05-24,Refinery Delta,Drilling Floor,Incident,Internal Inspection,The entry log for Storage Tank A during Internal Inspection was smudged with dirt.,0,0.39,Confined Space,Confined Space,None,None,Storage Tank A,Minor injury,None,,Low
REP-676BAE1E,2021-07-24,Terminal Echo,Main Workshop,Near Miss,Alarm Testing,Operator logged Alarm Testing for Shutdown Valve SDV-1 in the wrong logbook.,0,0.07,Bypassing Safety Controls,Bypassing Safety Controls,None,None,Shutdown Valve SDV-1,Minor injury,None,,Low
REP-187CBEBE,2022-02-23,Terminal Echo,Drilling Floor,Unsafe Act,Repair,"The tag for Valve V-99 was faded during Repair. No Electrical shock was present, but tag needs replacement.",0,0.17,Energy Isolation,Energy Isolation,None,None,Valve V-99,Minor injury,None,,Low
REP-7ED4DD55,2021-03-17,Platform Charlie,Main Workshop,Unsafe Condition,Pipefitting,"While inspecting Compressor C-10, Steam leak was narrowly avoided because Padlock missing.",1,0.71,Energy Isolation,Energy Isolation,Steam leak,Padlock missing,Compressor C-10,Asphyxiation,Property Damage,inadequate isolation|pressurized equipment,High
REP-CDA1E652,2021-12-07,Refinery Delta,Control Room,Unsafe Condition,Structural Inspection,"During Structural Inspection, a 5kg wrench was dropped from Roof Access Ladder. Harness not clipped meant the area below was not clear. Unstable platform was a near miss.",1,0.83,Work at Height,Work at Height,Unstable platform,Harness not clipped,Roof Access Ladder,Fatality from fall,First Aid,unsecured tools|missing fall protection,Medium
REP-A4083337,2023-10-25,Facility Bravo,Loading Bay,Unsafe Condition,Site Patrol,Driver doing Site Patrol in Pickup Truck P-12 parked slightly outside the designated lines.,0,0.19,Driving,Driving,None,None,Pickup Truck P-12,Minor injury,None,,Low
REP-8696655A,2022-06-30,Site Alpha,Storage Tank A,Unsafe Condition,Lifting,"During Lifting, a piece of non-tensioned wire from Drill Pipe was left on the floor.",0,0.31,Line of Fire,Line of Fire,None,None,Drill Pipe,Minor injury,None,,Low
REP-AA4463EE,2020-04-10,Station Foxtrot,Pipe Rack 2,Near Miss,Vessel Welding,The entry log for Separator V-10 during Vessel Welding was smudged with dirt.,0,0.33,Confined Space,Confined Space,None,None,Separator V-10,Minor injury,None,,Low
REP-53CE7D0F,2022-02-19,Site Alpha,Pipe Rack 2,Unsafe Condition,Forklift Operation,Paint on Chain Block used for Forklift Operation is peeling off.,0,0.27,Safe Mechanical Lifting,Safe Mechanical Lifting,None,None,Chain Block,Minor injury,None,,Low
REP-8A2809BE,2023-05-12,Facility Bravo,Pump Room,Near Miss,Heavy Haulage,Driver doing Heavy Haulage in Forklift parked slightly outside the designated lines.,0,0.36,Driving,Driving|Hot Work,None,None,Forklift,Minor injury,None,,Low
REP-558179F2,2023-08-30,Site Alpha,Deck 3,Unsafe Act,Crane Lifting,The horn on Mobile Crane sounded a bit quiet during Crane Lifting.,0,0.16,Safe Mechanical Lifting,Safe Mechanical Lifting,None,None,Mobile Crane,Minor injury,None,,Low
REP-7A415C9C,2022-12-08,Station Foxtrot,Pipe Rack 2,Unsafe Act,Rigging,The horn on Mobile Crane sounded a bit quiet during Rigging.,0,0.09,Safe Mechanical Lifting,Safe Mechanical Lifting,None,None,Mobile Crane,Minor injury,None,,Low
REP-ED73AD48,2021-11-07,Facility Bravo,Pipe Rack 2,Unsafe Act,Scaffolding,Worker's chin strap on helmet was loose during Scaffolding on Pipe Rack Level 3.,0,0.28,Work at Height,Work at Height|Work Authorization,None,None,Pipe Rack Level 3,Minor injury,None,,Low
REP-51C50C0E,2020-07-30,Refinery Delta,Pipe Rack 2,Near Miss,Internal Inspection,Tools used for Internal Inspection in Underground Sump were left outside the entrance untidily.,0,0.26,Confined Space,Confined Space,None,None,Underground Sump,Minor injury,None,,Low
REP-0FDB3D24,2023-05-26,Terminal Echo,Pipe Rack 2,Unsafe Condition,General Maintenance,Worker doing General Maintenance at Camp Facility did not sign the permit exactly on the line.,0,0.05,Work Authorization,Work Authorization|Energy Isolation,None,None,Camp Facility,Minor injury,None,,Low
REP-77717EBC,2023-03-15,Refinery Delta,Storage Tank A,Incident,Roof Repair,Worker's chin strap on helmet was loose during Roof Repair on Scaffold Tower B.,0,0.04,Work at Height,Work at Height,None,None,Scaffold Tower B,Minor injury,None,,Low
REP-4C2EE215,2021-11-12,Terminal Echo,Loading Bay,Near Miss,Material Delivery,Driver doing Material Delivery in Vacuum Truck parked slightly outside the designated lines.,0,0.35,Driving,Driving,None,None,Vacuum Truck,Minor injury,None,,Low
REP-B56AD6B0,2023-09-05,Terminal Echo,Pipe Rack 2,Unsafe Condition,Welding,"During Welding with Oxy-Acetylene Torch, Gas test expired allowed slag to ignite a small fire. Toxic fumes potential was extremely high.",1,0.98,Hot Work,Hot Work,Toxic fumes,Gas test expired,Oxy-Acetylene Torch,Facility explosion,Property Damage,sparks|ignition source,Medium
REP-D6F0D52A,2021-07-02,Refinery Delta,Storage Tank A,Incident,System Maintenance,"Screen on Pressure Safety Valve PSV-90 was dirty, making it hard to read during System Maintenance.",0,0.14,Bypassing Safety Controls,Bypassing Safety Controls,None,None,Pressure Safety Valve PSV-90,Minor injury,None,,Low
REP-47F69DD3,2022-02-25,Refinery Delta,Pipe Rack 2,Unsafe Condition,Tank Cleaning,The entry log for Separator V-10 during Tank Cleaning was smudged with dirt.,0,0.2,Confined Space,Confined Space,None,None,Separator V-10,Minor injury,None,,Low
REP-D964D65C,2021-05-03,Site Alpha,Pipe Rack 2,Incident,Structural Inspection,"Scaffolding tubes for Scaffold Tower B were stored untidily, causing a minor trip hazard during Structural Inspection.",0,0.05,Work at Height,Work at Height,None,None,Scaffold Tower B,Minor injury,None,,Low
REP-A0FDD575,2020-08-25,Site Alpha,Pipe Rack 2,Near Miss,Pipefitting,"While preparing for Pipefitting on Compressor C-10, found that the lock for LOTO was slightly rusted, making it hard to use.",0,0.19,Energy Isolation,Energy Isolation,None,None,Compressor C-10,Minor injury,None,,Low
REP-C9BF8FED,2020-04-08,Facility Bravo,Main Workshop,Unsafe Condition,Grinding,"During Grinding, Drill Pipe failed unexpectedly. Because Exclusion zone breached, the worker was exposed to Caught between objects. Fortunately, the worker jumped back in time.",1,0.96,Line of Fire,Line of Fire,Caught between objects,Exclusion zone breached,Drill Pipe,Crush injury,None,tensioned line|pressure test,Medium
REP-4E8A73FC,2023-10-20,Terminal Echo,Control Room,Unsafe Act,Rigging,"During Rigging using Forklift F-3, the load began to swing wildly. Outriggers not extended caused a loss of control, resulting in Dropped suspended load.",1,0.92,Safe Mechanical Lifting,Safe Mechanical Lifting,Dropped suspended load,Outriggers not extended,Forklift F-3,Multiple serious injuries,None,dynamic loading|heavy lifting,High
REP-003F1017,2021-06-28,Site Alpha,Pump Room,Near Miss,System Maintenance,Indicator bulb on Shutdown Valve SDV-1 was burnt out during System Maintenance.,0,0.09,Bypassing Safety Controls,Bypassing Safety Controls,None,None,Shutdown Valve SDV-1,Minor injury,None,,Low
REP-8D2B165F,2023-07-01,Station Foxtrot,Pump Room,Incident,Forklift Operation,"During Forklift Operation using Chain Block, the load began to swing wildly. Damaged slings used caused a loss of control, resulting in Swinging load.",1,0.87,Safe Mechanical Lifting,Safe Mechanical Lifting,Swinging load,Damaged slings used,Chain Block,Structural collapse,None,heavy lifting|suspended load,High
REP-4C9411B5,2020-05-21,Refinery Delta,Boiler Area,Incident,Rigging,"Rigging was taking place with Forklift F-3. It was found that Overloaded crane, which is a severe violation that could result in Rigging failure.",1,0.71,Safe Mechanical Lifting,Safe Mechanical Lifting,Rigging failure,Overloaded crane,Forklift F-3,Crush fatality,None,suspended load|dynamic loading,Medium
REP-E7CEED95,2022-07-22,Terminal Echo,Loading Bay,Unsafe Condition,Transporting Personnel,"Vacuum Truck was involved in a near miss during Transporting Personnel. Investigation showed Using mobile phone, drastically increasing the risk of Loss of control.",1,0.94,Driving,Driving,Loss of control,Using mobile phone,Vacuum Truck,Crush injuries to pedestrian,Property Damage,distracted driving|poor road conditions,High
REP-BF01FE48,2020-07-05,Platform Charlie,Storage Tank A,Unsafe Condition,Material Delivery,Driver doing Material Delivery in Crew Bus parked slightly outside the designated lines.,0,0.19,Driving,Driving,None,None,Crew Bus,Minor injury,None,,Low
REP-19DC136F,2023-09-08,Refinery Delta,Storage Tank A,Near Miss,Heavy Haulage,Radio in Forklift was left on high volume after Heavy Haulage.,0,0.06,Driving,Driving|Confined Space,None,None,Forklift,Minor injury,None,,Low
REP-83336625,2020-03-21,Site Alpha,Boiler Area,Unsafe Act,Material Delivery,"Crew Bus was involved in a near miss during Material Delivery. Investigation showed Brakes defective, drastically increasing the risk of Loss of control.",1,0.89,Driving,Driving,Loss of control,Brakes defective,Crew Bus,Severe whiplash,None,distracted driving|poor road conditions,High
REP-4C10AE87,2020-10-20,Refinery Delta,Deck 3,Incident,Maintenance,"While preparing for Maintenance on Electrical Panel EP-5, found that the lock for LOTO was slightly rusted, making it hard to use.",0,0.09,Energy Isolation,Energy Isolation|Work at Height,None,None,Electrical Panel EP-5,Minor injury,None,,Low
REP-45C4F866,2021-02-15,Site Alpha,Deck 3,Unsafe Act,Vessel Welding,Tools used for Vessel Welding in Storage Tank A were left outside the entrance untidily.,0,0.29,Confined Space,Confined Space,None,None,Storage Tank A,Minor injury,None,,Low
REP-BA091C6C,2020-04-01,Facility Bravo,Pipe Rack 2,Unsafe Condition,Maintenance,"While inspecting Heat Exchanger HX-2, H2S exposure was narrowly avoided because Energy not verified zero.",1,0.7,Energy Isolation,Energy Isolation|Driving,H2S exposure,Energy not verified zero,Heat Exchanger HX-2,Fatal electrocution,Property Damage,toxic fluid|stored energy,High
REP-87EE9B01,2022-06-27,Refinery Delta,Storage Tank A,Unsafe Act,Crane Lifting,Operator of Overhead Gantry during Crane Lifting forgot his safety glasses but was in an enclosed cab.,0,0.1,Safe Mechanical Lifting,Safe Mechanical Lifting,None,None,Overhead Gantry,Minor injury,None,,Low
REP-0627A4E7,2023-11-29,Platform Charlie,Control Room,Unsafe Act,System Maintenance,"While investigating Pressure Safety Valve PSV-90, it was found that Interlock bridged during System Maintenance. This exposed the facility to Process safety event.",1,0.8,Bypassing Safety Controls,Bypassing Safety Controls,Process safety event,Interlock bridged,Pressure Safety Valve PSV-90,Major explosion,First Aid,unauthorized override|ignored alarm,High
REP-D5CD048D,2023-06-09,Refinery Delta,Control Room,Unsafe Condition,Tank Cleaning,Tools used for Tank Cleaning in Storage Tank A were left outside the entrance untidily.,0,0.11,Confined Space,Confined Space,None,None,Storage Tank A,Minor injury,None,,Low
REP-47864AB7,2021-04-21,Refinery Delta,Storage Tank A,Near Miss,Site Patrol,Radio in Vacuum Truck was left on high volume after Site Patrol.,0,0.17,Driving,Driving,None,None,Vacuum Truck,Minor injury,None,,Low
REP-A3F09310,2020-09-13,Station Foxtrot,Pipe Rack 2,Unsafe Condition,Roof Repair,"Scaffolding tubes for Roof Access Ladder were stored untidily, causing a minor trip hazard during Roof Repair.",0,0.17,Work at Height,Work at Height,None,None,Roof Access Ladder,Minor injury,None,,Low
REP-0BB63558,2020-11-21,Facility Bravo,Storage Tank A,Incident,Internal Inspection,"Worker doing Internal Inspection in Underground Sump complained about poor lighting, though gas levels were normal.",0,0.08,Confined Space,Confined Space,None,None,Underground Sump,Minor injury,None,,Low
REP-97F747C8,2023-08-05,Terminal Echo,Pipe Rack 2,Unsafe Act,Transporting Personnel,The Light Vehicle was slightly dirty during Transporting Personnel.,0,0.08,Driving,Driving,None,None,Light Vehicle,Minor injury,None,,Low
REP-53D33DAD,2023-05-20,Refinery Delta,Storage Tank A,Near Miss,Internal Inspection,The entry log for Storage Tank A during Internal Inspection was smudged with dirt.,0,0.18,Confined Space,Confined Space,None,None,Storage Tank A,Minor injury,None,,Low
REP-FCDE302B,2022-09-15,Terminal Echo,Loading Bay,Unsafe Act,Vessel Welding,Worker entered Underground Sump for Vessel Welding. Suddenly the alarm sounded. Ventilation failed meant the worker was exposed to Toxic atmosphere.,1,0.73,Confined Space,Confined Space,Toxic atmosphere,Ventilation failed,Underground Sump,Asphyxiation,First Aid,poor ventilation|restricted access,High
REP-19AD63AE,2021-09-23,Terminal Echo,Storage Tank A,Unsafe Act,Trenching,Barricade tape for Trenching near Excavator was blown down by the wind. No operations were ongoing.,0,0.05,Line of Fire,Line of Fire,None,None,Excavator,Minor injury,None,,Low
REP-45B55F43,2023-08-02,Refinery Delta,Pump Room,Unsafe Condition,Welding,"During Welding with Welding Machine W-1, Gas test expired allowed slag to ignite a small fire. Explosion potential was extremely high.",1,0.86,Hot Work,Hot Work,Explosion,Gas test expired,Welding Machine W-1,Facility explosion,First Aid,flammable atmosphere|sparks,High
REP-97EDD6F1,2023-08-11,Terminal Echo,Storage Tank A,Unsafe Act,Trenching,Barricade tape for Trenching near Hydraulic Torque Wrench was blown down by the wind. No operations were ongoing.,0,0.02,Line of Fire,Line of Fire,None,None,Hydraulic Torque Wrench,Minor injury,None,,Low
REP-BEE8A8C9,2022-04-15,Terminal Echo,Loading Bay,Unsafe Act,Trenching,"Worker performing Trenching on Winch W-2 had their hands slightly close to a rough edge, causing a minor scratch.",0,0.34,Line of Fire,Line of Fire,None,None,Winch W-2,Minor injury,None,,Low
REP-3C98710B,2022-02-27,Station Foxtrot,Storage Tank A,Unsafe Condition,Pipefitting,"While preparing for Pipefitting on Compressor C-10, found that the lock for LOTO was slightly rusted, making it hard to use.",0,0.32,Energy Isolation,Energy Isolation,None,None,Compressor C-10,Minor injury,None,,Low
REP-AAF17250,2023-08-07,Platform Charlie,Main Workshop,Incident,Contractor Work,Worker doing Contractor Work at Workshop did not sign the permit exactly on the line.,0,0.05,Work Authorization,Work Authorization,None,None,Workshop,Minor injury,None,,Low
REP-2806E9C9,2021-06-02,Platform Charlie,Loading Bay,Near Miss,Soldering,The welding lead for Pipe Spool P-10 was slightly tangled during Soldering.,0,0.26,Hot Work,Hot Work,None,None,Pipe Spool P-10,Minor injury,None,,Low
REP-DB63E053,2021-07-02,Terminal Echo,Loading Bay,Near Miss,Structural Inspection,"During Structural Inspection, worker used the correct harness but the inspection log was not filled in for Roof Access Ladder.",0,0.09,Work at Height,Work at Height,None,None,Roof Access Ladder,Minor injury,None,,Low
REP-4E715117,2022-11-26,Platform Charlie,Loading Bay,Unsafe Condition,Vessel Welding,"Worker doing Vessel Welding in Underground Sump complained about poor lighting, though gas levels were normal.",0,0.33,Confined Space,Confined Space,None,None,Underground Sump,Minor injury,None,,Low
REP-34F23DE3,2023-02-22,Facility Bravo,Main Workshop,Near Miss,Contractor Work,"Crew commenced Contractor Work at Utility Area but Expired permit. Unaware of SIMOPS, they were exposed to Uncontrolled work.",1,0.92,Work Authorization,Work Authorization,Uncontrolled work,Expired permit,Utility Area,Serious injury due to lack of hazard awareness,Property Damage,simops|unauthorized work,High
REP-F1C43A1D,2020-12-24,Terminal Echo,Main Workshop,Incident,Alarm Testing,"While investigating Fire & Gas Panel, it was found that Safety valve isolated during Alarm Testing. This exposed the facility to Process safety event.",1,0.8,Bypassing Safety Controls,Bypassing Safety Controls,Process safety event,Safety valve isolated,Fire & Gas Panel,Major explosion,Property Damage,ignored alarm|bypassed interlock,Medium
REP-4C8780FF,2022-08-15,Refinery Delta,Loading Bay,Incident,Maintenance,"The tag for Valve V-99 was faded during Maintenance. No Electrical shock was present, but tag needs replacement.",0,0.03,Energy Isolation,Energy Isolation,None,None,Valve V-99,Minor injury,None,,Low
REP-A8EF5D6A,2021-12-20,Site Alpha,Drilling Floor,Unsafe Act,Torch Cutting,Welder doing Torch Cutting with Oxy-Acetylene Torch had untucked coveralls.,0,0.14,Hot Work,Hot Work,None,None,Oxy-Acetylene Torch,Minor injury,None,,Low
REP-C137532E,2022-08-08,Terminal Echo,Main Workshop,Unsafe Condition,Repair,"Noticed Electrical Panel EP-5 had a minor weep during Repair. LOTO was applied correctly, but cleanup was delayed.",0,0.06,Energy Isolation,Energy Isolation,None,None,Electrical Panel EP-5,Minor injury,None,,Low
REP-E5F24E24,2021-07-16,Facility Bravo,Storage Tank A,Near Miss,Non-routine Task,JSA for Non-routine Task near Utility Area was printed on crumpled paper.,0,0.23,Work Authorization,Work Authorization,None,None,Utility Area,Minor injury,None,,Low
REP-DD9E1CE2,2021-04-02,Terminal Echo,Loading Bay,Near Miss,Contractor Work,Critical Contractor Work on Workshop proceeded despite Expired permit. This breakdown in authorization risked Uncontrolled work.,1,0.71,Work Authorization,Work Authorization,Uncontrolled work,Expired permit,Workshop,Process incident,First Aid,simops|unauthorized work,High
REP-A5CA7ED0,2020-06-09,Refinery Delta,Main Workshop,Near Miss,Welding,Welder doing Welding with Oxy-Acetylene Torch had untucked coveralls.,0,0.14,Hot Work,Hot Work,None,None,Oxy-Acetylene Torch,Minor injury,None,,Low
REP-DA3A73AD,2022-06-24,Platform Charlie,Storage Tank A,Unsafe Act,Grinding,The welding lead for Pipe Spool P-10 was slightly tangled during Grinding.,0,0.09,Hot Work,Hot Work,None,None,Pipe Spool P-10,Minor injury,None,,Low
REP-B156DF35,2020-12-21,Refinery Delta,Pump Room,Near Miss,Lifting,"During Lifting, a piece of non-tensioned wire from Excavator was left on the floor.",0,0.35,Line of Fire,Line of Fire,None,None,Excavator,Minor injury,None,,Low
REP-9E01A05D,2023-05-20,Refinery Delta,Loading Bay,Unsafe Act,Heavy Haulage,Radio in Forklift was left on high volume after Heavy Haulage.,0,0.1,Driving,Driving,None,None,Forklift,Minor injury,None,,Low
REP-2CC12B13,2021-11-06,Station Foxtrot,Pipe Rack 2,Unsafe Condition,Vessel Welding,"Worker doing Vessel Welding in Underground Sump complained about poor lighting, though gas levels were normal.",0,0.02,Confined Space,Confined Space,None,None,Underground Sump,Minor injury,None,,Low
REP-3B62479B,2022-12-23,Terminal Echo,Pipe Rack 2,Unsafe Act,Grinding,"Worker performing Grinding on High Pressure Hose had their hands slightly close to a rough edge, causing a minor scratch.",0,0.33,Line of Fire,Line of Fire,None,None,High Pressure Hose,Minor injury,None,,Low
REP-321D319E,2023-10-23,Facility Bravo,Pipe Rack 2,Unsafe Condition,Welding,The welding lead for Oxy-Acetylene Torch was slightly tangled during Welding.,0,0.15,Hot Work,Hot Work,None,None,Oxy-Acetylene Torch,Minor injury,None,,Low
REP-63BD5A33,2023-05-26,Terminal Echo,Deck 3,Unsafe Act,Tank Cleaning,"Worker doing Tank Cleaning in Separator V-10 complained about poor lighting, though gas levels were normal.",0,0.19,Confined Space,Confined Space,None,None,Separator V-10,Minor injury,None,,Low
REP-DFC132C2,2023-06-13,Platform Charlie,Loading Bay,Unsafe Act,Crane Lifting,Paint on Overhead Gantry used for Crane Lifting is peeling off.,0,0.11,Safe Mechanical Lifting,Safe Mechanical Lifting,None,None,Overhead Gantry,Minor injury,None,,Low
REP-CC4D81EC,2023-10-10,Refinery Delta,Boiler Area,Incident,Trenching,Barricade tape for Trenching near High Pressure Hose was blown down by the wind. No operations were ongoing.,0,0.24,Line of Fire,Line of Fire,None,None,High Pressure Hose,Minor injury,None,,Low
REP-C2C207B9,2020-04-19,Station Foxtrot,Pipe Rack 2,Incident,Welding,Fire extinguisher near Pipe Spool P-10 for Welding was due for monthly inspection next week.,0,0.25,Hot Work,Hot Work,None,None,Pipe Spool P-10,Minor injury,None,,Low
REP-22B8EACD,2020-02-25,Platform Charlie,Boiler Area,Incident,Pressure Testing,"Pressure Testing was being performed. Tension line snapped allowed personnel to walk directly under Winch W-2, posing a severe High pressure release.",1,0.83,Line of Fire,Line of Fire,High pressure release,Tension line snapped,Winch W-2,Crush injury,None,pinch point|suspended load,High
REP-1B9DCDD0,2020-01-22,Facility Bravo,Pump Room,Unsafe Condition,Non-routine Task,JSA for Non-routine Task near Utility Area was printed on crumpled paper.,0,0.13,Work Authorization,Work Authorization,None,None,Utility Area,Minor injury,None,,Low
REP-AE1A00E1,2020-12-14,Terminal Echo,Drilling Floor,Incident,Alarm Testing,Operator logged Alarm Testing for Pressure Safety Valve PSV-90 in the wrong logbook.,0,0.35,Bypassing Safety Controls,Bypassing Safety Controls,None,None,Pressure Safety Valve PSV-90,Minor injury,None,,Low
REP-D6F97A46,2022-07-29,Station Foxtrot,Drilling Floor,Near Miss,Process Operation,Operator logged Process Operation for Pressure Safety Valve PSV-90 in the wrong logbook.,0,0.28,Bypassing Safety Controls,Bypassing Safety Controls,None,None,Pressure Safety Valve PSV-90,Minor injury,None,,Low
REP-4CDB5F07,2020-12-19,Site Alpha,Pump Room,Near Miss,Material Delivery,Radio in Vacuum Truck was left on high volume after Material Delivery.,0,0.06,Driving,Driving|Work at Height,None,None,Vacuum Truck,Minor injury,None,,Low
REP-11E46014,2021-04-28,Facility Bravo,Pump Room,Unsafe Condition,Internal Inspection,"Prior to Internal Inspection in Reactor R-5, it was discovered that Gas test not performed. This could have led to Toxic atmosphere and potential fatality.",1,0.77,Confined Space,Confined Space,Toxic atmosphere,Gas test not performed,Reactor R-5,Loss of consciousness,First Aid,hazardous atmosphere|restricted access,Medium
REP-5E36A242,2023-09-29,Station Foxtrot,Deck 3,Incident,Roof Repair,"During Roof Repair, worker used the correct harness but the inspection log was not filled in for Cherry Picker.",0,0.23,Work at Height,Work at Height,None,None,Cherry Picker,Minor injury,None,,Low
REP-9251002E,2021-12-25,Facility Bravo,Deck 3,Near Miss,Alarm Testing,Indicator bulb on DCS System was burnt out during Alarm Testing.,0,0.03,Bypassing Safety Controls,Bypassing Safety Controls,None,None,DCS System,Minor injury,None,,Low
REP-9C102BD6,2023-10-06,Terminal Echo,Drilling Floor,Unsafe Act,Scaffolding,Worker's chin strap on helmet was loose during Scaffolding on Roof Access Ladder.,0,0.32,Work at Height,Work at Height,None,None,Roof Access Ladder,Minor injury,None,,Low
REP-81FF1284,2022-08-25,Facility Bravo,Storage Tank A,Near Miss,General Maintenance,"During a walkaround, found personnel doing General Maintenance on Utility Area. PTW not issued meant they had no controls for Unidentified hazards.",1,0.97,Work Authorization,Work Authorization,Unidentified hazards,PTW not issued,Utility Area,Serious injury due to lack of hazard awareness,Property Damage,simops|poor communication,High
REP-F143E1F2,2022-10-23,Terminal Echo,Storage Tank A,Unsafe Condition,Rigging,"During Rigging, worker used the correct harness but the inspection log was not filled in for Crane C-1.",0,0.3,Work at Height,Work at Height|Driving,None,None,Crane C-1,Minor injury,None,,Low
REP-41571E1D,2020-02-21,Platform Charlie,Drilling Floor,Incident,Vessel Welding,Tools used for Vessel Welding in Underground Sump were left outside the entrance untidily.,0,0.1,Confined Space,Confined Space,None,None,Underground Sump,Minor injury,None,,Low
REP-31B15CE7,2022-02-18,Site Alpha,Main Workshop,Near Miss,Painting,"Painting was ongoing near Cherry Picker when grating was removed. No barricade below left the hole unprotected, creating a high risk of Open grating.",1,0.89,Work at Height,Work at Height,Open grating,No barricade below,Cherry Picker,Fatality from fall,Property Damage,unsecured tools|edge proximity,High
REP-0E4292CE,2022-07-25,Refinery Delta,Deck 3,Near Miss,Process Operation,Indicator bulb on Shutdown Valve SDV-1 was burnt out during Process Operation.,0,0.04,Bypassing Safety Controls,Bypassing Safety Controls,None,None,Shutdown Valve SDV-1,Minor injury,None,,Low
REP-E8C04BAC,2022-09-08,Site Alpha,Main Workshop,Incident,Structural Inspection,Worker observed performing Structural Inspection on Crane C-1 at 15 meters. It was noted that Missing toe boards. A Unstable platform could have resulted in a fatality.,1,0.96,Work at Height,Work at Height,Unstable platform,Missing toe boards,Crane C-1,Fatality from fall,First Aid,open hole|edge proximity,High
REP-1F834347,2021-03-26,Refinery Delta,Loading Bay,Incident,Heavy Haulage,The Light Vehicle was slightly dirty during Heavy Haulage.,0,0.12,Driving,Driving,None,None,Light Vehicle,Minor injury,None,,Low
REP-98F4FBCC,2022-09-15,Site Alpha,Storage Tank A,Near Miss,Structural Inspection,"During Structural Inspection, worker used the correct harness but the inspection log was not filled in for Cherry Picker.",0,0.26,Work at Height,Work at Height,None,None,Cherry Picker,Minor injury,None,,Low
REP-FFD58117,2022-07-14,Facility Bravo,Boiler Area,Unsafe Condition,Crane Lifting,The horn on Mobile Crane sounded a bit quiet during Crane Lifting.,0,0.04,Safe Mechanical Lifting,Safe Mechanical Lifting,None,None,Mobile Crane,Minor injury,None,,Low
REP-23C480E6,2022-09-10,Platform Charlie,Control Room,Near Miss,Rigging,"During Rigging, worker used the correct harness but the inspection log was not filled in for Crane C-1.",0,0.03,Work at Height,Work at Height,None,None,Crane C-1,Minor injury,None,,Low
REP-99E52633,2021-07-25,Terminal Echo,Storage Tank A,Near Miss,Contractor Work,JSA for Contractor Work near Camp Facility was printed on crumpled paper.,0,0.06,Work Authorization,Work Authorization,None,None,Camp Facility,Minor injury,None,,Low
REP-76A3F1DB,2022-04-15,Facility Bravo,Deck 3,Unsafe Condition,Welding,Welder doing Welding with Welding Machine W-1 had untucked coveralls.,0,0.05,Hot Work,Hot Work,None,None,Welding Machine W-1,Minor injury,None,,Low
REP-1A2CDDD7,2023-02-22,Terminal Echo,Deck 3,Unsafe Act,Torch Cutting,The welding lead for Pipe Spool P-10 was slightly tangled during Torch Cutting.,0,0.09,Hot Work,Hot Work,None,None,Pipe Spool P-10,Minor injury,None,,Low
REP-7B46A07D,2022-10-08,Platform Charlie,Loading Bay,Unsafe Condition,Vessel Welding,The entry log for Storage Tank A during Vessel Welding was smudged with dirt.,0,0.18,Confined Space,Confined Space|Safe Mechanical Lifting,None,None,Storage Tank A,Minor injury,None,,Low
REP-5D969BAE,2023-11-12,Terminal Echo,Pump Room,Unsafe Condition,Vessel Welding,"Prior to Vessel Welding in Separator V-10, it was discovered that Gas test not performed. This could have led to Heat exhaustion and potential fatality.",1,0.92,Confined Space,Confined Space|Bypassing Safety Controls,Heat exhaustion,Gas test not performed,Separator V-10,Asphyxiation,First Aid,poor ventilation|deep excavation,Medium
REP-D1AD67AF,2023-04-15,Terminal Echo,Deck 3,Unsafe Condition,Trenching,"Worker performing Trenching on Excavator had their hands slightly close to a rough edge, causing a minor scratch.",0,0.28,Line of Fire,Line of Fire,None,None,Excavator,Minor injury,None,,Low
REP-34D3E39A,2021-01-12,Platform Charlie,Pipe Rack 2,Unsafe Act,Forklift Operation,Operator of Forklift F-3 during Forklift Operation forgot his safety glasses but was in an enclosed cab.,0,0.28,Safe Mechanical Lifting,Safe Mechanical Lifting,None,None,Forklift F-3,Minor injury,None,,Low
REP-DB1AA5AB,2023-01-15,Refinery Delta,Loading Bay,Near Miss,Rigging,The horn on Chain Block sounded a bit quiet during Rigging.,0,0.06,Safe Mechanical Lifting,Safe Mechanical Lifting,None,None,Chain Block,Minor injury,None,,Low
REP-D8A2AC77,2022-08-21,Terminal Echo,Storage Tank A,Near Miss,Painting,"During Painting, worker used the correct harness but the inspection log was not filled in for Cherry Picker.",0,0.1,Work at Height,Work at Height|Work Authorization,None,None,Cherry Picker,Minor injury,None,,Low
REP-913BF850,2023-06-05,Terminal Echo,Boiler Area,Unsafe Act,Pipefitting,"The tag for Electrical Panel EP-5 was faded during Pipefitting. No Stored energy discharge was present, but tag needs replacement.",0,0.39,Energy Isolation,Energy Isolation,None,None,Electrical Panel EP-5,Minor injury,None,,Low
REP-B2BA4965,2022-05-28,Refinery Delta,Pump Room,Incident,Internal Inspection,"Worker doing Internal Inspection in Storage Tank A complained about poor lighting, though gas levels were normal.",0,0.08,Confined Space,Confined Space|Safe Mechanical Lifting,None,None,Storage Tank A,Minor injury,None,,Low
REP-8BB0A79D,2020-12-15,Station Foxtrot,Main Workshop,Unsafe Act,Roof Repair,"During Roof Repair, worker used the correct harness but the inspection log was not filled in for Crane C-1.",0,0.08,Work at Height,Work at Height,None,None,Crane C-1,Minor injury,None,,Low
REP-F8BE0B34,2020-07-11,Terminal Echo,Deck 3,Near Miss,Material Delivery,Driver doing Material Delivery in Pickup Truck P-12 parked slightly outside the designated lines.,0,0.36,Driving,Driving,None,None,Pickup Truck P-12,Minor injury,None,,Low
REP-71A244DC,2023-05-15,Platform Charlie,Control Room,Incident,Torquing,"During Torquing, a piece of non-tensioned wire from Drill Pipe was left on the floor.",0,0.01,Line of Fire,Line of Fire,None,None,Drill Pipe,Minor injury,None,,Low
REP-8B94350A,2021-08-06,Site Alpha,Main Workshop,Incident,Scaffolding,"During Scaffolding, worker used the correct harness but the inspection log was not filled in for Cherry Picker.",0,0.32,Work at Height,Work at Height,None,None,Cherry Picker,Minor injury,None,,Low
REP-5EF4E4D1,2023-11-02,Station Foxtrot,Pump Room,Unsafe Condition,Transporting Personnel,Driver doing Transporting Personnel in Vacuum Truck parked slightly outside the designated lines.,0,0.4,Driving,Driving,None,None,Vacuum Truck,Minor injury,None,,Low
REP-66304F37,2020-12-25,Site Alpha,Boiler Area,Unsafe Condition,Scaffolding,"During Scaffolding, worker used the correct harness but the inspection log was not filled in for Scaffold Tower B.",0,0.24,Work at Height,Work at Height,None,None,Scaffold Tower B,Minor injury,None,,Low
REP-2468CD7A,2021-05-27,Site Alpha,Deck 3,Unsafe Condition,System Maintenance,Operator logged System Maintenance for Shutdown Valve SDV-1 in the wrong logbook.,0,0.05,Bypassing Safety Controls,Bypassing Safety Controls,None,None,Shutdown Valve SDV-1,Minor injury,None,,Low
REP-C781251F,2021-01-19,Platform Charlie,Storage Tank A,Unsafe Condition,Inspection,"The tag for Electrical Panel EP-5 was faded during Inspection. No Electrical shock was present, but tag needs replacement.",0,0.08,Energy Isolation,Energy Isolation,None,None,Electrical Panel EP-5,Minor injury,None,,Low
REP-A7120B09,2022-06-09,Platform Charlie,Main Workshop,Unsafe Condition,Forklift Operation,A heavy skid was being moved during Forklift Operation. Damaged slings used led to a near miss involving Swinging load near Forklift F-3.,1,0.77,Safe Mechanical Lifting,Safe Mechanical Lifting,Swinging load,Damaged slings used,Forklift F-3,Structural collapse,Property Damage,dynamic loading|heavy lifting,Medium
REP-796F2E16,2020-02-14,Terminal Echo,Drilling Floor,Unsafe Condition,Material Delivery,The Forklift was slightly dirty during Material Delivery.,0,0.14,Driving,Driving,None,None,Forklift,Minor injury,None,,Low
REP-19B31BBD,2023-05-24,Refinery Delta,Main Workshop,Near Miss,Site Patrol,Driver doing Site Patrol in Light Vehicle parked slightly outside the designated lines.,0,0.32,Driving,Driving,None,None,Light Vehicle,Minor injury,None,,Low
REP-83ACAE07,2020-10-06,Terminal Echo,Pipe Rack 2,Incident,Roof Repair,Worker observed performing Roof Repair on Roof Access Ladder at 15 meters. It was noted that Harness not clipped. A Unstable platform could have resulted in a fatality.,1,0.71,Work at Height,Work at Height,Unstable platform,Harness not clipped,Roof Access Ladder,Serious head injury from dropped object,First Aid,edge proximity|unsecured tools,High
REP-EF65B457,2023-12-05,Station Foxtrot,Pump Room,Incident,Hoisting,"During Hoisting using Chain Block, the load began to swing wildly. No tag lines used caused a loss of control, resulting in Rigging failure.",1,0.82,Safe Mechanical Lifting,Safe Mechanical Lifting,Rigging failure,No tag lines used,Chain Block,Structural collapse,First Aid,blind lift|heavy lifting,Medium
REP-CD0E3508,2022-07-06,Site Alpha,Drilling Floor,Incident,Structural Inspection,"During Structural Inspection, worker used the correct harness but the inspection log was not filled in for Cherry Picker.",0,0.37,Work at Height,Work at Height|Safe Mechanical Lifting,None,None,Cherry Picker,Minor injury,None,,Low
REP-662584C0,2022-10-03,Station Foxtrot,Main Workshop,Near Miss,Soldering,Fire extinguisher near Pipe Spool P-10 for Soldering was due for monthly inspection next week.,0,0.05,Hot Work,Hot Work,None,None,Pipe Spool P-10,Minor injury,None,,Low
REP-F7679B81,2020-02-04,Station Foxtrot,Drilling Floor,Incident,Pressure Testing,"During Pressure Testing, a piece of non-tensioned wire from Excavator was left on the floor.",0,0.14,Line of Fire,Line of Fire,None,None,Excavator,Minor injury,None,,Low
REP-DF3FDC6A,2022-08-23,Station Foxtrot,Pipe Rack 2,Unsafe Condition,Internal Inspection,Tools used for Internal Inspection in Underground Sump were left outside the entrance untidily.,0,0.18,Confined Space,Confined Space,None,None,Underground Sump,Minor injury,None,,Low
REP-FA8EC81F,2020-12-19,Refinery Delta,Main Workshop,Unsafe Act,General Maintenance,JSA for General Maintenance near Utility Area was printed on crumpled paper.,0,0.18,Work Authorization,Work Authorization|Confined Space,None,None,Utility Area,Minor injury,None,,Low
REP-27EC097C,2021-03-28,Site Alpha,Deck 3,Unsafe Act,Vessel Welding,"Worker doing Vessel Welding in Underground Sump complained about poor lighting, though gas levels were normal.",0,0.21,Confined Space,Confined Space,None,None,Underground Sump,Minor injury,None,,Low
REP-292FF1E1,2022-01-25,Facility Bravo,Control Room,Incident,Grinding,Barricade tape for Grinding near Drill Pipe was blown down by the wind. No operations were ongoing.,0,0.37,Line of Fire,Line of Fire|Safe Mechanical Lifting,None,None,Drill Pipe,Minor injury,None,,Low
REP-C455893A,2021-06-03,Platform Charlie,Main Workshop,Unsafe Condition,System Maintenance,"Screen on DCS System was dirty, making it hard to read during System Maintenance.",0,0.17,Bypassing Safety Controls,Bypassing Safety Controls,None,None,DCS System,Minor injury,None,,Low
REP-10A159E0,2023-10-23,Refinery Delta,Deck 3,Incident,Rigging,The horn on Chain Block sounded a bit quiet during Rigging.,0,0.15,Safe Mechanical Lifting,Safe Mechanical Lifting,None,None,Chain Block,Minor injury,None,,Low
REP-0F069BFF,2020-12-20,Station Foxtrot,Storage Tank A,Unsafe Condition,Pipefitting,"While preparing for Pipefitting on Compressor C-10, found that the lock for LOTO was slightly rusted, making it hard to use.",0,0.36,Energy Isolation,Energy Isolation,None,None,Compressor C-10,Minor injury,None,,Low
REP-903DF784,2021-08-10,Station Foxtrot,Loading Bay,Near Miss,System Maintenance,"Screen on Fire & Gas Panel was dirty, making it hard to read during System Maintenance.",0,0.12,Bypassing Safety Controls,Bypassing Safety Controls,None,None,Fire & Gas Panel,Minor injury,None,,Low
REP-C1A933AD,2022-08-11,Refinery Delta,Pipe Rack 2,Incident,Grinding,Welder doing Grinding with Oxy-Acetylene Torch had untucked coveralls.,0,0.2,Hot Work,Hot Work,None,None,Oxy-Acetylene Torch,Minor injury,None,,Low
REP-AE67FAD1,2021-09-02,Site Alpha,Deck 3,Near Miss,Forklift Operation,Paint on Mobile Crane used for Forklift Operation is peeling off.,0,0.15,Safe Mechanical Lifting,Safe Mechanical Lifting,None,None,Mobile Crane,Minor injury,None,,Low
REP-415348E0,2022-04-17,Platform Charlie,Storage Tank A,Near Miss,Vessel Welding,"Worker doing Vessel Welding in Separator V-10 complained about poor lighting, though gas levels were normal.",0,0.3,Confined Space,Confined Space,None,None,Separator V-10,Minor injury,None,,Low
REP-2568AEE3,2021-01-04,Facility Bravo,Boiler Area,Incident,Pressure Testing,"During Pressure Testing, a piece of non-tensioned wire from Excavator was left on the floor.",0,0.11,Line of Fire,Line of Fire,None,None,Excavator,Minor injury,None,,Low
REP-C66243E3,2021-05-17,Platform Charlie,Drilling Floor,Incident,Maintenance,"Noticed Pump P-204 had a minor weep during Maintenance. LOTO was applied correctly, but cleanup was delayed.",0,0.03,Energy Isolation,Energy Isolation,None,None,Pump P-204,Minor injury,None,,Low
REP-89750C8C,2022-04-02,Refinery Delta,Deck 3,Near Miss,Heavy Haulage,"While Heavy Haulage with Crew Bus, the driver was observed Speeding. This led to a near miss involving Vehicle collision.",1,0.92,Driving,Driving,Vehicle collision,Speeding,Crew Bus,Crush injuries to pedestrian,First Aid,poor road conditions|heavy vehicle interaction,High
REP-547B785F,2022-04-22,Refinery Delta,Storage Tank A,Unsafe Condition,Contractor Work,JSA for Contractor Work near Camp Facility was printed on crumpled paper.,0,0.3,Work Authorization,Work Authorization,None,None,Camp Facility,Minor injury,None,,Low
REP-97B932F7,2023-06-21,Site Alpha,Main Workshop,Unsafe Condition,Repair,"Noticed Compressor C-10 had a minor weep during Repair. LOTO was applied correctly, but cleanup was delayed.",0,0.22,Energy Isolation,Energy Isolation,None,None,Compressor C-10,Minor injury,None,,Low
REP-4050E28C,2023-10-25,Facility Bravo,Pipe Rack 2,Incident,Tank Cleaning,"Worker doing Tank Cleaning in Separator V-10 complained about poor lighting, though gas levels were normal.",0,0.34,Confined Space,Confined Space,None,None,Separator V-10,Minor injury,None,,Low
REP-9EAD0F04,2022-07-12,Facility Bravo,Loading Bay,Unsafe Act,Lifting,"During Lifting, Excavator failed unexpectedly. Because Barricades ignored, the worker was exposed to Struck by moving object. Fortunately, the worker jumped back in time.",1,0.71,Line of Fire,Line of Fire,Struck by moving object,Barricades ignored,Excavator,Crush injury,First Aid,tensioned line|pinch point,High
REP-E644DEE2,2021-06-21,Platform Charlie,Deck 3,Unsafe Act,Site Patrol,The Vacuum Truck was slightly dirty during Site Patrol.,0,0.14,Driving,Driving,None,None,Vacuum Truck,Minor injury,None,,Low
REP-7EB1EDDC,2022-10-14,Refinery Delta,Main Workshop,Unsafe Act,Pressure Testing,"During Pressure Testing, a piece of non-tensioned wire from Drill Pipe was left on the floor.",0,0.13,Line of Fire,Line of Fire,None,None,Drill Pipe,Minor injury,None,,Low
REP-864E3049,2022-12-30,Site Alpha,Drilling Floor,Unsafe Condition,Internal Inspection,Worker entered Storage Tank A for Internal Inspection. Suddenly the alarm sounded. Gas test not performed meant the worker was exposed to Oxygen deficiency.,1,0.96,Confined Space,Confined Space,Oxygen deficiency,Gas test not performed,Storage Tank A,Asphyxiation,First Aid,poor ventilation|restricted access,High
REP-9B3E7965,2023-03-28,Terminal Echo,Main Workshop,Unsafe Act,Site Patrol,Radio in Vacuum Truck was left on high volume after Site Patrol.,0,0.03,Driving,Driving,None,None,Vacuum Truck,Minor injury,None,,Low
REP-632570D9,2021-02-24,Site Alpha,Loading Bay,Near Miss,Heavy Haulage,The Crew Bus was slightly dirty during Heavy Haulage.,0,0.09,Driving,Driving,None,None,Crew Bus,Minor injury,None,,Low
REP-3D105275,2023-05-27,Facility Bravo,Main Workshop,Unsafe Condition,Rigging,"Scaffolding tubes for Scaffold Tower B were stored untidily, causing a minor trip hazard during Rigging.",0,0.06,Work at Height,Work at Height|Hot Work,None,None,Scaffold Tower B,Minor injury,None,,Low
REP-22F4EC07,2022-04-02,Site Alpha,Loading Bay,Unsafe Condition,Soldering,"Soldering was started on Angle Grinder near a live process area. Combustibles not cleared was observed, posing a massive risk of Fire.",1,0.79,Hot Work,Hot Work|Bypassing Safety Controls,Fire,Combustibles not cleared,Angle Grinder,Major fire,First Aid,flammable atmosphere|hydrocarbon presence,Medium
REP-E313DBF9,2022-12-27,Site Alpha,Deck 3,Unsafe Act,Torch Cutting,"During Torch Cutting with Angle Grinder, Combustibles not cleared allowed slag to ignite a small fire. Fire potential was extremely high.",1,0.79,Hot Work,Hot Work,Fire,Combustibles not cleared,Angle Grinder,Facility explosion,First Aid,flammable atmosphere|ignition source,High
REP-61E7D8A8,2021-10-28,Platform Charlie,Deck 3,Unsafe Condition,System Maintenance,"Screen on Fire & Gas Panel was dirty, making it hard to read during System Maintenance.",0,0.32,Bypassing Safety Controls,Bypassing Safety Controls,None,None,Fire & Gas Panel,Minor injury,None,,Low
REP-6EEFA9C5,2020-08-02,Station Foxtrot,Storage Tank A,Incident,Painting,Worker's chin strap on helmet was loose during Painting on Roof Access Ladder.,0,0.17,Work at Height,Work at Height|Hot Work,None,None,Roof Access Ladder,Minor injury,None,,Low
REP-89949B1D,2022-10-28,Facility Bravo,Boiler Area,Unsafe Act,Scaffolding,"During Scaffolding, worker used the correct harness but the inspection log was not filled in for Scaffold Tower B.",0,0.07,Work at Height,Work at Height,None,None,Scaffold Tower B,Minor injury,None,,Low
REP-8DC456E6,2022-10-13,Terminal Echo,Deck 3,Unsafe Act,Contractor Work,Permit for Contractor Work at Camp Facility had a minor spelling mistake in the supervisor's name.,0,0.26,Work Authorization,Work Authorization,None,None,Camp Facility,Minor injury,None,,Low
REP-3495131D,2020-04-05,Station Foxtrot,Control Room,Near Miss,Tank Cleaning,"During Tank Cleaning inside Underground Sump, Attendant absent was noted. This is a critical failure leading to high risk of Heat exhaustion.",1,0.76,Confined Space,Confined Space,Heat exhaustion,Attendant absent,Underground Sump,Asphyxiation,None,deep excavation|restricted access,Medium
REP-81F01673,2021-11-16,Facility Bravo,Pump Room,Near Miss,Non-routine Task,JSA for Non-routine Task near Workshop was printed on crumpled paper.,0,0.04,Work Authorization,Work Authorization,None,None,Workshop,Minor injury,None,,Low
REP-AFAB685B,2022-01-04,Platform Charlie,Control Room,Near Miss,Transporting Personnel,Driver doing Transporting Personnel in Vacuum Truck parked slightly outside the designated lines.,0,0.01,Driving,Driving|Energy Isolation,None,None,Vacuum Truck,Minor injury,None,,Low
REP-2CB76FDF,2021-06-15,Facility Bravo,Pump Room,Unsafe Act,Alarm Testing,Operator logged Alarm Testing for Fire & Gas Panel in the wrong logbook.,0,0.39,Bypassing Safety Controls,Bypassing Safety Controls,None,None,Fire & Gas Panel,Minor injury,None,,Low
REP-454F1D0D,2023-11-28,Terminal Echo,Loading Bay,Unsafe Act,Torch Cutting,The welding lead for Pipe Spool P-10 was slightly tangled during Torch Cutting.,0,0.15,Hot Work,Hot Work,None,None,Pipe Spool P-10,Minor injury,None,,Low
REP-B9945B90,2023-04-21,Platform Charlie,Control Room,Unsafe Act,Pipefitting,"While inspecting Compressor C-10, Electrical shock was narrowly avoided because Energy not verified zero.",1,0.81,Energy Isolation,Energy Isolation,Electrical shock,Energy not verified zero,Compressor C-10,"Fire, serious injury or fatal exposure",First Aid,stored energy|inadequate isolation,High
REP-4080B18C,2020-12-11,Station Foxtrot,Main Workshop,Near Miss,Inspection,"The tag for Heat Exchanger HX-2 was faded during Inspection. No Pressurized hydrocarbon release was present, but tag needs replacement.",0,0.11,Energy Isolation,Energy Isolation,None,None,Heat Exchanger HX-2,Minor injury,None,,Low
REP-6B9A2C81,2022-04-17,Refinery Delta,Loading Bay,Unsafe Act,Structural Inspection,"Structural Inspection was ongoing near Roof Access Ladder when grating was removed. No barricade below left the hole unprotected, creating a high risk of Fall from height.",1,0.8,Work at Height,Work at Height,Fall from height,No barricade below,Roof Access Ladder,Fatality from fall,Property Damage,unsecured tools|edge proximity,Medium
REP-1FACE635,2023-07-07,Terminal Echo,Storage Tank A,Near Miss,Grinding,Fire extinguisher near Angle Grinder for Grinding was due for monthly inspection next week.,0,0.17,Hot Work,Hot Work,None,None,Angle Grinder,Minor injury,None,,Low
REP-6F3E51ED,2020-01-04,Site Alpha,Pipe Rack 2,Unsafe Condition,Trenching,Barricade tape for Trenching near Hydraulic Torque Wrench was blown down by the wind. No operations were ongoing.,0,0.22,Line of Fire,Line of Fire,None,None,Hydraulic Torque Wrench,Minor injury,None,,Low
REP-6EA68EB2,2022-10-11,Terminal Echo,Pump Room,Incident,Grinding,"During Grinding with Welding Machine W-1, Gas test expired allowed slag to ignite a small fire. Toxic fumes potential was extremely high.",1,0.84,Hot Work,Hot Work,Toxic fumes,Gas test expired,Welding Machine W-1,Facility explosion,Property Damage,sparks|hydrocarbon presence,High
REP-560E92B7,2022-01-01,Station Foxtrot,Loading Bay,Unsafe Act,Material Delivery,The Forklift was slightly dirty during Material Delivery.,0,0.04,Driving,Driving,None,None,Forklift,Minor injury,None,,Low
REP-06549B75,2020-05-11,Station Foxtrot,Main Workshop,Incident,Torch Cutting,Welder doing Torch Cutting with Oxy-Acetylene Torch had untucked coveralls.,0,0.39,Hot Work,Hot Work,None,None,Oxy-Acetylene Torch,Minor injury,None,,Low
REP-A09192E6,2021-04-03,Platform Charlie,Storage Tank A,Near Miss,Grinding,"During Grinding, a piece of non-tensioned wire from High Pressure Hose was left on the floor.",0,0.11,Line of Fire,Line of Fire,None,None,High Pressure Hose,Minor injury,None,,Low
REP-231A6A96,2020-01-17,Site Alpha,Loading Bay,Near Miss,Structural Inspection,Worker's chin strap on helmet was loose during Structural Inspection on Roof Access Ladder.,0,0.37,Work at Height,Work at Height,None,None,Roof Access Ladder,Minor injury,None,,Low
REP-95AA054A,2020-12-19,Platform Charlie,Boiler Area,Unsafe Condition,Lifting,Barricade tape for Lifting near Winch W-2 was blown down by the wind. No operations were ongoing.,0,0.26,Line of Fire,Line of Fire|Bypassing Safety Controls,None,None,Winch W-2,Minor injury,None,,Low
REP-8ABFB26F,2021-06-04,Refinery Delta,Pump Room,Unsafe Act,Material Delivery,Radio in Crew Bus was left on high volume after Material Delivery.,0,0.21,Driving,Driving,None,None,Crew Bus,Minor injury,None,,Low
REP-38D13C9D,2022-06-17,Station Foxtrot,Loading Bay,Near Miss,Transporting Personnel,Driver doing Transporting Personnel in Crew Bus parked slightly outside the designated lines.,0,0.35,Driving,Driving,None,None,Crew Bus,Minor injury,None,,Low
REP-EC689422,2023-04-14,Facility Bravo,Storage Tank A,Unsafe Act,Heavy Haulage,The Forklift was slightly dirty during Heavy Haulage.,0,0.14,Driving,Driving,None,None,Forklift,Minor injury,None,,Low
REP-2E4520B1,2023-11-27,Platform Charlie,Deck 3,Unsafe Act,System Maintenance,Indicator bulb on Fire & Gas Panel was burnt out during System Maintenance.,0,0.16,Bypassing Safety Controls,Bypassing Safety Controls,None,None,Fire & Gas Panel,Minor injury,None,,Low
REP-B082A8AA,2022-01-01,Platform Charlie,Loading Bay,Unsafe Condition,Trenching,"Worker performing Trenching on Excavator had their hands slightly close to a rough edge, causing a minor scratch.",0,0.39,Line of Fire,Line of Fire,None,None,Excavator,Minor injury,None,,Low
REP-ADBD1F3D,2023-05-28,Platform Charlie,Storage Tank A,Incident,Contractor Work,JSA for Contractor Work near Utility Area was printed on crumpled paper.,0,0.11,Work Authorization,Work Authorization,None,None,Utility Area,Minor injury,None,,Low
REP-96597482,2023-02-26,Station Foxtrot,Deck 3,Unsafe Act,Hoisting,Paint on Chain Block used for Hoisting is peeling off.,0,0.04,Safe Mechanical Lifting,Safe Mechanical Lifting,None,None,Chain Block,Minor injury,None,,Low
REP-24593BA7,2022-05-29,Platform Charlie,Pipe Rack 2,Unsafe Condition,Torch Cutting,Welder doing Torch Cutting with Welding Machine W-1 had untucked coveralls.,0,0.27,Hot Work,Hot Work|Safe Mechanical Lifting,None,None,Welding Machine W-1,Minor injury,None,,Low
REP-885B54E7,2020-03-16,Refinery Delta,Pump Room,Near Miss,Vessel Welding,"Worker doing Vessel Welding in Underground Sump complained about poor lighting, though gas levels were normal.",0,0.24,Confined Space,Confined Space,None,None,Underground Sump,Minor injury,None,,Low
REP-D6664EC8,2023-02-28,Facility Bravo,Boiler Area,Unsafe Act,Forklift Operation,Paint on Overhead Gantry used for Forklift Operation is peeling off.,0,0.35,Safe Mechanical Lifting,Safe Mechanical Lifting,None,None,Overhead Gantry,Minor injury,None,,Low
REP-417F7FFC,2022-08-13,Site Alpha,Pump Room,Unsafe Act,Crane Lifting,Paint on Chain Block used for Crane Lifting is peeling off.,0,0.24,Safe Mechanical Lifting,Safe Mechanical Lifting,None,None,Chain Block,Minor injury,None,,Low
REP-DFBCDB76,2023-01-03,Refinery Delta,Boiler Area,Unsafe Condition,Torch Cutting,"A contractor began Torch Cutting using Pipe Spool P-10. A safety walk discovered Fire watcher absent, immediately stopping work due to Toxic fumes risk.",1,0.72,Hot Work,Hot Work,Toxic fumes,Fire watcher absent,Pipe Spool P-10,Facility explosion,Property Damage,sparks|ignition source,High
REP-67C1CE23,2021-09-24,Site Alpha,Storage Tank A,Near Miss,Soldering,Fire extinguisher near Oxy-Acetylene Torch for Soldering was due for monthly inspection next week.,0,0.26,Hot Work,Hot Work,None,None,Oxy-Acetylene Torch,Minor injury,None,,Low
REP-0CAAD2CB,2023-10-12,Station Foxtrot,Drilling Floor,Incident,Soldering,The welding lead for Angle Grinder was slightly tangled during Soldering.,0,0.23,Hot Work,Hot Work,None,None,Angle Grinder,Minor injury,None,,Low
REP-0C472165,2021-03-13,Station Foxtrot,Main Workshop,Incident,Rigging,Paint on Overhead Gantry used for Rigging is peeling off.,0,0.08,Safe Mechanical Lifting,Safe Mechanical Lifting|Hot Work,None,None,Overhead Gantry,Minor injury,None,,Low
REP-75607FDB,2023-11-21,Facility Bravo,Main Workshop,Unsafe Act,Pipefitting,"While inspecting Pump P-204, Stored energy discharge was narrowly avoided because Padlock missing.",1,0.98,Energy Isolation,Energy Isolation,Stored energy discharge,Padlock missing,Pump P-204,Asphyxiation,Property Damage,stored energy|pressurized equipment,High
REP-C1176C4A,2021-01-26,Terminal Echo,Storage Tank A,Unsafe Act,Torch Cutting,Welder doing Torch Cutting with Welding Machine W-1 had untucked coveralls.,0,0.19,Hot Work,Hot Work,None,None,Welding Machine W-1,Minor injury,None,,Low
REP-528EE17B,2020-03-09,Refinery Delta,Pipe Rack 2,Incident,Contractor Work,"During a walkaround, found personnel doing Contractor Work on Process Module 4. PTW not issued meant they had no controls for Uncontrolled work.",1,0.87,Work Authorization,Work Authorization,Uncontrolled work,PTW not issued,Process Module 4,Serious injury due to lack of hazard awareness,Property Damage,unauthorized work|poor communication,High
REP-F02A4421,2023-03-30,Facility Bravo,Pipe Rack 2,Incident,Trenching,Barricade tape for Trenching near Excavator was blown down by the wind. No operations were ongoing.,0,0.32,Line of Fire,Line of Fire,None,None,Excavator,Minor injury,None,,Low
REP-68C7871E,2020-04-03,Refinery Delta,Pump Room,Incident,Internal Inspection,Tools used for Internal Inspection in Separator V-10 were left outside the entrance untidily.,0,0.24,Confined Space,Confined Space,None,None,Separator V-10,Minor injury,None,,Low
REP-CD23F3AA,2020-04-06,Terminal Echo,Control Room,Near Miss,Material Delivery,"A safety camera caught Crew Bus engaged in Material Delivery. The footage revealed Seatbelt not worn, which is a precursor to Vehicle collision.",1,0.7,Driving,Driving,Vehicle collision,Seatbelt not worn,Crew Bus,Fatal traffic accident,None,high speed|heavy vehicle interaction,High
REP-EF2AA389,2020-02-15,Facility Bravo,Pump Room,Unsafe Act,Forklift Operation,"During Forklift Operation using Chain Block, the load began to swing wildly. Damaged slings used caused a loss of control, resulting in Rigging failure.",1,0.98,Safe Mechanical Lifting,Safe Mechanical Lifting,Rigging failure,Damaged slings used,Chain Block,Structural collapse,Property Damage,dynamic loading|heavy lifting,High
REP-EDF7B51A,2023-10-02,Refinery Delta,Loading Bay,Incident,Internal Inspection,The entry log for Reactor R-5 during Internal Inspection was smudged with dirt.,0,0.38,Confined Space,Confined Space,None,None,Reactor R-5,Minor injury,None,,Low
REP-DC32656E,2020-12-06,Site Alpha,Main Workshop,Unsafe Condition,Crane Lifting,The horn on Forklift F-3 sounded a bit quiet during Crane Lifting.,0,0.38,Safe Mechanical Lifting,Safe Mechanical Lifting,None,None,Forklift F-3,Minor injury,None,,Low
REP-B959E624,2021-09-18,Refinery Delta,Drilling Floor,Incident,Grinding,"During Grinding, a piece of non-tensioned wire from Winch W-2 was left on the floor.",0,0.33,Line of Fire,Line of Fire,None,None,Winch W-2,Minor injury,None,,Low
REP-04A22586,2020-08-12,Terminal Echo,Deck 3,Near Miss,Rigging,Paint on Overhead Gantry used for Rigging is peeling off.,0,0.37,Safe Mechanical Lifting,Safe Mechanical Lifting,None,None,Overhead Gantry,Minor injury,None,,Low
REP-62709DDD,2023-01-04,Platform Charlie,Control Room,Unsafe Act,System Maintenance,"Audit of Pressure Safety Valve PSV-90 post-System Maintenance revealed Safety valve isolated. Without this protection, Process safety event could have occurred.",1,0.82,Bypassing Safety Controls,Bypassing Safety Controls|Work at Height,Process safety event,Safety valve isolated,Pressure Safety Valve PSV-90,Major explosion,None,bypassed interlock|unauthorized override,High
REP-D9844CBB,2020-08-15,Facility Bravo,Control Room,Unsafe Condition,Pressure Testing,"Worker performing Pressure Testing on Winch W-2 had their hands slightly close to a rough edge, causing a minor scratch.",0,0.36,Line of Fire,Line of Fire,None,None,Winch W-2,Minor injury,None,,Low
REP-B72553DD,2020-01-22,Refinery Delta,Control Room,Incident,Process Operation,Indicator bulb on Pressure Safety Valve PSV-90 was burnt out during Process Operation.,0,0.3,Bypassing Safety Controls,Bypassing Safety Controls,None,None,Pressure Safety Valve PSV-90,Minor injury,None,,Low
REP-4F478DC8,2022-05-02,Facility Bravo,Deck 3,Incident,Material Delivery,"Forklift was involved in a near miss during Material Delivery. Investigation showed Seatbelt not worn, drastically increasing the risk of Loss of control.",1,0.89,Driving,Driving,Loss of control,Seatbelt not worn,Forklift,Crush injuries to pedestrian,Property Damage,high speed|distracted driving,Medium
REP-0F643212,2021-09-01,Station Foxtrot,Drilling Floor,Incident,Rigging,"During Rigging using Mobile Crane, the load began to swing wildly. Overloaded crane caused a loss of control, resulting in Swinging load.",1,0.96,Safe Mechanical Lifting,Safe Mechanical Lifting,Swinging load,Overloaded crane,Mobile Crane,Multiple serious injuries,First Aid,heavy lifting|suspended load,Medium
REP-7BA4D93D,2023-03-11,Site Alpha,Control Room,Unsafe Act,System Maintenance,Operator logged System Maintenance for Fire & Gas Panel in the wrong logbook.,0,0.32,Bypassing Safety Controls,Bypassing Safety Controls|Confined Space,None,None,Fire & Gas Panel,Minor injury,None,,Low
REP-863B3D8F,2022-03-12,Refinery Delta,Pump Room,Incident,Torquing,"While conducting Torquing with Winch W-2, an IP stepped into the danger zone. Standing in pinch point resulted in the worker being in the Line of Fire for Caught between objects.",1,0.82,Line of Fire,Line of Fire,Caught between objects,Standing in pinch point,Winch W-2,Crush injury,Property Damage,moving machinery|tensioned line,Medium
REP-1E94ED45,2022-04-02,Site Alpha,Boiler Area,Unsafe Condition,Structural Inspection,"Scaffolding tubes for Crane C-1 were stored untidily, causing a minor trip hazard during Structural Inspection.",0,0.38,Work at Height,Work at Height,None,None,Crane C-1,Minor injury,None,,Low
REP-0B604D5D,2021-04-17,Terminal Echo,Main Workshop,Unsafe Condition,Pipefitting,"During Pipefitting of Electrical Panel EP-5, the technician started loosening the flange while the line was still pressurized. Isolation valve was closed but Energy not verified zero. Stored energy discharge occurred. No injury occurred but potential was high.",1,0.92,Energy Isolation,Energy Isolation,Stored energy discharge,Energy not verified zero,Electrical Panel EP-5,"Fire, serious injury or fatal exposure",Property Damage,toxic fluid|inadequate isolation,High
REP-76D28A52,2021-06-03,Refinery Delta,Loading Bay,Near Miss,Scaffolding,"Scaffolding tubes for Roof Access Ladder were stored untidily, causing a minor trip hazard during Scaffolding.",0,0.13,Work at Height,Work at Height,None,None,Roof Access Ladder,Minor injury,None,,Low
REP-428193B9,2023-07-24,Terminal Echo,Control Room,Unsafe Act,Lifting,"While conducting Lifting with Excavator, an IP stepped into the danger zone. Standing in pinch point resulted in the worker being in the Line of Fire for Struck by moving object.",1,0.87,Line of Fire,Line of Fire,Struck by moving object,Standing in pinch point,Excavator,Amputation,Property Damage,suspended load|pressure test,High
REP-4AE9942D,2022-10-21,Refinery Delta,Pump Room,Near Miss,Soldering,Welder doing Soldering with Welding Machine W-1 had untucked coveralls.,0,0.14,Hot Work,Hot Work,None,None,Welding Machine W-1,Minor injury,None,,Low
REP-75EDC107,2021-05-04,Refinery Delta,Storage Tank A,Near Miss,Rigging,A heavy skid was being moved during Rigging. Overloaded crane led to a near miss involving Swinging load near Mobile Crane.,1,0.86,Safe Mechanical Lifting,Safe Mechanical Lifting,Swinging load,Overloaded crane,Mobile Crane,Structural collapse,None,heavy lifting|blind lift,High
REP-0183BD99,2023-09-05,Station Foxtrot,Control Room,Unsafe Condition,Heavy Haulage,"Forklift was involved in a near miss during Heavy Haulage. Investigation showed Fatigued driver, drastically increasing the risk of Loss of control.",1,0.78,Driving,Driving,Loss of control,Fatigued driver,Forklift,Crush injuries to pedestrian,First Aid,high speed|heavy vehicle interaction,High
REP-4C683011,2021-11-13,Refinery Delta,Main Workshop,Near Miss,General Maintenance,Worker doing General Maintenance at Process Module 4 did not sign the permit exactly on the line.,0,0.29,Work Authorization,Work Authorization,None,None,Process Module 4,Minor injury,None,,Low
REP-5E38ECC5,2020-02-10,Platform Charlie,Main Workshop,Unsafe Condition,Repair,"During Repair of Heat Exchanger HX-2, the technician started loosening the flange while the line was still pressurized. Isolation valve was closed but Energy not verified zero. Stored energy discharge occurred. No injury occurred but potential was high.",1,0.86,Energy Isolation,Energy Isolation,Stored energy discharge,Energy not verified zero,Heat Exchanger HX-2,"Fire, serious injury or fatal exposure",First Aid,live electrical|inadequate isolation,High
REP-06D79F2C,2023-03-25,Refinery Delta,Storage Tank A,Near Miss,Non-routine Task,Permit for Non-routine Task at Utility Area had a minor spelling mistake in the supervisor's name.,0,0.03,Work Authorization,Work Authorization,None,None,Utility Area,Minor injury,None,,Low
REP-EAB4506B,2023-03-26,Facility Bravo,Main Workshop,Near Miss,Torch Cutting,Welder doing Torch Cutting with Oxy-Acetylene Torch had untucked coveralls.,0,0.16,Hot Work,Hot Work,None,None,Oxy-Acetylene Torch,Minor injury,None,,Low
REP-EF96DC05,2022-06-07,Refinery Delta,Boiler Area,Incident,Inspection,"The tag for Heat Exchanger HX-2 was faded during Inspection. No Pressurized hydrocarbon release was present, but tag needs replacement.",0,0.17,Energy Isolation,Energy Isolation,None,None,Heat Exchanger HX-2,Minor injury,None,,Low
REP-F605A4AA,2020-03-24,Station Foxtrot,Loading Bay,Incident,Material Delivery,"Forklift was involved in a near miss during Material Delivery. Investigation showed Speeding, drastically increasing the risk of Loss of control.",1,0.83,Driving,Driving,Loss of control,Speeding,Forklift,Crush injuries to pedestrian,First Aid,heavy vehicle interaction|distracted driving,High
REP-130B5E29,2020-09-23,Terminal Echo,Storage Tank A,Unsafe Condition,Internal Inspection,Worker entered Reactor R-5 for Internal Inspection. Suddenly the alarm sounded. Rescue plan inadequate meant the worker was exposed to Oxygen deficiency.,1,0.92,Confined Space,Confined Space,Oxygen deficiency,Rescue plan inadequate,Reactor R-5,Asphyxiation,None,restricted access|deep excavation,High
REP-7C55D381,2023-04-22,Facility Bravo,Main Workshop,Near Miss,Pipefitting,"During Pipefitting of Heat Exchanger HX-2, the technician started loosening the flange while the line was still pressurized. Isolation valve was closed but Bleed valve closed. Electrical shock occurred. No injury occurred but potential was high.",1,0.93,Energy Isolation,Energy Isolation,Electrical shock,Bleed valve closed,Heat Exchanger HX-2,Fatal electrocution,Property Damage,inadequate isolation|toxic fluid,Medium
REP-BF067ACA,2020-09-24,Facility Bravo,Drilling Floor,Incident,Alarm Testing,"Screen on DCS System was dirty, making it hard to read during Alarm Testing.",0,0.14,Bypassing Safety Controls,Bypassing Safety Controls,None,None,DCS System,Minor injury,None,,Low
REP-03F96E8A,2020-03-08,Refinery Delta,Main Workshop,Near Miss,System Maintenance,"Screen on Pressure Safety Valve PSV-90 was dirty, making it hard to read during System Maintenance.",0,0.34,Bypassing Safety Controls,Bypassing Safety Controls,None,None,Pressure Safety Valve PSV-90,Minor injury,None,,Low
REP-9936A39B,2021-09-28,Facility Bravo,Pipe Rack 2,Unsafe Act,Site Patrol,The Crew Bus was slightly dirty during Site Patrol.,0,0.15,Driving,Driving,None,None,Crew Bus,Minor injury,None,,Low
REP-04D054E9,2023-07-29,Refinery Delta,Pipe Rack 2,Incident,Contractor Work,JSA for Contractor Work near Utility Area was printed on crumpled paper.,0,0.22,Work Authorization,Work Authorization,None,None,Utility Area,Minor injury,None,,Low
REP-92141604,2021-10-29,Terminal Echo,Storage Tank A,Incident,Lifting,"While conducting Lifting with Hydraulic Torque Wrench, an IP stepped into the danger zone. Exclusion zone breached resulted in the worker being in the Line of Fire for High pressure release.",1,0.96,Line of Fire,Line of Fire,High pressure release,Exclusion zone breached,Hydraulic Torque Wrench,Crush injury,Property Damage,tensioned line|pinch point,Medium
REP-1A798570,2023-03-08,Platform Charlie,Storage Tank A,Unsafe Condition,Trenching,"Worker performing Trenching on High Pressure Hose had their hands slightly close to a rough edge, causing a minor scratch.",0,0.32,Line of Fire,Line of Fire,None,None,High Pressure Hose,Minor injury,None,,Low
REP-FA3E1C62,2023-01-14,Terminal Echo,Pipe Rack 2,Unsafe Act,Roof Repair,Worker's chin strap on helmet was loose during Roof Repair on Cherry Picker.,0,0.31,Work at Height,Work at Height,None,None,Cherry Picker,Minor injury,None,,Low
REP-B6B1E9E5,2020-11-22,Station Foxtrot,Pump Room,Unsafe Act,Repair,"Noticed Pump P-204 had a minor weep during Repair. LOTO was applied correctly, but cleanup was delayed.",0,0.07,Energy Isolation,Energy Isolation,None,None,Pump P-204,Minor injury,None,,Low
REP-5651F928,2023-11-26,Site Alpha,Pump Room,Near Miss,Contractor Work,Permit for Contractor Work at Utility Area had a minor spelling mistake in the supervisor's name.,0,0.27,Work Authorization,Work Authorization,None,None,Utility Area,Minor injury,None,,Low
REP-C44B732E,2020-04-14,Facility Bravo,Storage Tank A,Unsafe Act,Grinding,"During Grinding, a piece of non-tensioned wire from Excavator was left on the floor.",0,0.12,Line of Fire,Line of Fire,None,None,Excavator,Minor injury,None,,Low
REP-AFB9B886,2021-03-18,Refinery Delta,Pipe Rack 2,Unsafe Act,Torch Cutting,Welder doing Torch Cutting with Angle Grinder had untucked coveralls.,0,0.28,Hot Work,Hot Work,None,None,Angle Grinder,Minor injury,None,,Low
REP-1BE24069,2023-09-21,Terminal Echo,Drilling Floor,Unsafe Act,Structural Inspection,Worker's chin strap on helmet was loose during Structural Inspection on Pipe Rack Level 3.,0,0.11,Work at Height,Work at Height,None,None,Pipe Rack Level 3,Minor injury,None,,Low
REP-9E55A2DE,2020-02-26,Terminal Echo,Boiler Area,Near Miss,General Maintenance,JSA for General Maintenance near Process Module 4 was printed on crumpled paper.,0,0.27,Work Authorization,Work Authorization,None,None,Process Module 4,Minor injury,None,,Low
REP-5B997927,2023-03-24,Station Foxtrot,Loading Bay,Incident,Lifting,"Lifting was being performed. Safety pin removed allowed personnel to walk directly under Winch W-2, posing a severe High pressure release.",1,0.83,Line of Fire,Line of Fire,High pressure release,Safety pin removed,Winch W-2,Fatal impact,First Aid,suspended load|pressure test,Medium
REP-6115DB71,2021-03-08,Terminal Echo,Control Room,Unsafe Act,Material Delivery,The Light Vehicle was slightly dirty during Material Delivery.,0,0.04,Driving,Driving,None,None,Light Vehicle,Minor injury,None,,Low
REP-0B1CB242,2022-08-15,Facility Bravo,Storage Tank A,Unsafe Condition,Lifting,"Worker performing Lifting on High Pressure Hose had their hands slightly close to a rough edge, causing a minor scratch.",0,0.13,Line of Fire,Line of Fire,None,None,High Pressure Hose,Minor injury,None,,Low
REP-CBB56009,2023-08-15,Refinery Delta,Control Room,Incident,Welding,The welding lead for Angle Grinder was slightly tangled during Welding.,0,0.1,Hot Work,Hot Work,None,None,Angle Grinder,Minor injury,None,,Low
REP-4A272746,2022-02-09,Platform Charlie,Control Room,Unsafe Act,Hoisting,"Hoisting was taking place with Forklift F-3. It was found that Damaged slings used, which is a severe violation that could result in Swinging load.",1,0.85,Safe Mechanical Lifting,Safe Mechanical Lifting,Swinging load,Damaged slings used,Forklift F-3,Multiple serious injuries,Property Damage,blind lift|dynamic loading,Medium
REP-EE1B64AA,2023-08-18,Site Alpha,Main Workshop,Unsafe Condition,Alarm Testing,Operator logged Alarm Testing for Fire & Gas Panel in the wrong logbook.,0,0.37,Bypassing Safety Controls,Bypassing Safety Controls,None,None,Fire & Gas Panel,Minor injury,None,,Low
REP-FF591ECA,2022-09-05,Refinery Delta,Boiler Area,Near Miss,Process Operation,Operator logged Process Operation for DCS System in the wrong logbook.,0,0.2,Bypassing Safety Controls,Bypassing Safety Controls,None,None,DCS System,Minor injury,None,,Low
REP-DC2A26ED,2021-04-17,Site Alpha,Deck 3,Near Miss,System Maintenance,Operator logged System Maintenance for Pressure Safety Valve PSV-90 in the wrong logbook.,0,0.31,Bypassing Safety Controls,Bypassing Safety Controls,None,None,Pressure Safety Valve PSV-90,Minor injury,None,,Low
REP-ED4E23D8,2022-03-22,Platform Charlie,Deck 3,Near Miss,Maintenance,"Noticed Electrical Panel EP-5 had a minor weep during Maintenance. LOTO was applied correctly, but cleanup was delayed.",0,0.33,Energy Isolation,Energy Isolation,None,None,Electrical Panel EP-5,Minor injury,None,,Low
REP-29EE0A2C,2021-07-12,Refinery Delta,Main Workshop,Unsafe Condition,Soldering,The welding lead for Welding Machine W-1 was slightly tangled during Soldering.,0,0.25,Hot Work,Hot Work,None,None,Welding Machine W-1,Minor injury,None,,Low
REP-2EECA288,2020-12-06,Refinery Delta,Boiler Area,Near Miss,Material Delivery,"Crew Bus was involved in a near miss during Material Delivery. Investigation showed Fatigued driver, drastically increasing the risk of Loss of control.",1,0.77,Driving,Driving,Loss of control,Fatigued driver,Crew Bus,Crush injuries to pedestrian,None,heavy vehicle interaction|high speed,Medium
REP-D90C4B97,2023-07-26,Site Alpha,Storage Tank A,Near Miss,Internal Inspection,The entry log for Underground Sump during Internal Inspection was smudged with dirt.,0,0.28,Confined Space,Confined Space,None,None,Underground Sump,Minor injury,None,,Low
REP-F2C16E62,2021-06-16,Station Foxtrot,Pump Room,Near Miss,Process Operation,"Screen on Fire & Gas Panel was dirty, making it hard to read during Process Operation.",0,0.14,Bypassing Safety Controls,Bypassing Safety Controls,None,None,Fire & Gas Panel,Minor injury,None,,Low
REP-607618AE,2023-03-15,Facility Bravo,Loading Bay,Near Miss,Tank Cleaning,Worker entered Reactor R-5 for Tank Cleaning. Suddenly the alarm sounded. Attendant absent meant the worker was exposed to Heat exhaustion.,1,0.83,Confined Space,Confined Space,Heat exhaustion,Attendant absent,Reactor R-5,Loss of consciousness,First Aid,restricted access|poor ventilation,High
REP-E2B91E57,2022-08-18,Terminal Echo,Loading Bay,Near Miss,Alarm Testing,Operator logged Alarm Testing for DCS System in the wrong logbook.,0,0.08,Bypassing Safety Controls,Bypassing Safety Controls,None,None,DCS System,Minor injury,None,,Low
REP-E356447B,2023-10-23,Facility Bravo,Pump Room,Unsafe Condition,Vessel Welding,"Worker doing Vessel Welding in Storage Tank A complained about poor lighting, though gas levels were normal.",0,0.11,Confined Space,Confined Space,None,None,Storage Tank A,Minor injury,None,,Low
REP-767BADAB,2022-02-05,Facility Bravo,Control Room,Unsafe Condition,System Maintenance,"Screen on DCS System was dirty, making it hard to read during System Maintenance.",0,0.23,Bypassing Safety Controls,Bypassing Safety Controls,None,None,DCS System,Minor injury,None,,Low
REP-07229503,2020-07-02,Platform Charlie,Drilling Floor,Near Miss,Internal Inspection,"Prior to Internal Inspection in Storage Tank A, it was discovered that Gas test not performed. This could have led to Engulfment and potential fatality.",1,0.94,Confined Space,Confined Space|Safe Mechanical Lifting,Engulfment,Gas test not performed,Storage Tank A,Fatality due to toxic gas,Property Damage,hazardous atmosphere|deep excavation,High
REP-4CFBA5BB,2020-06-10,Terminal Echo,Boiler Area,Near Miss,General Maintenance,JSA for General Maintenance near Utility Area was printed on crumpled paper.,0,0.13,Work Authorization,Work Authorization,None,None,Utility Area,Minor injury,None,,Low
REP-83FA87E8,2021-05-25,Station Foxtrot,Drilling Floor,Unsafe Act,Painting,"During Painting, worker used the correct harness but the inspection log was not filled in for Pipe Rack Level 3.",0,0.05,Work at Height,Work at Height,None,None,Pipe Rack Level 3,Minor injury,None,,Low
REP-408CC1B0,2021-10-05,Platform Charlie,Control Room,Unsafe Act,Vessel Welding,"Worker doing Vessel Welding in Underground Sump complained about poor lighting, though gas levels were normal.",0,0.28,Confined Space,Confined Space,None,None,Underground Sump,Minor injury,None,,Low
REP-5B4A9EC6,2020-10-01,Site Alpha,Pipe Rack 2,Near Miss,System Maintenance,Indicator bulb on Pressure Safety Valve PSV-90 was burnt out during System Maintenance.,0,0.3,Bypassing Safety Controls,Bypassing Safety Controls,None,None,Pressure Safety Valve PSV-90,Minor injury,None,,Low
REP-796610DB,2020-04-22,Platform Charlie,Pipe Rack 2,Incident,Process Operation,Indicator bulb on Fire & Gas Panel was burnt out during Process Operation.,0,0.12,Bypassing Safety Controls,Bypassing Safety Controls,None,None,Fire & Gas Panel,Minor injury,None,,Low
REP-2CFE0686,2022-10-31,Site Alpha,Pump Room,Unsafe Act,Soldering,The welding lead for Pipe Spool P-10 was slightly tangled during Soldering.,0,0.02,Hot Work,Hot Work,None,None,Pipe Spool P-10,Minor injury,None,,Low
REP-7F67FB91,2023-09-06,Site Alpha,Storage Tank A,Unsafe Condition,Rigging,A heavy skid was being moved during Rigging. Damaged slings used led to a near miss involving Dropped suspended load near Mobile Crane.,1,0.76,Safe Mechanical Lifting,Safe Mechanical Lifting,Dropped suspended load,Damaged slings used,Mobile Crane,Multiple serious injuries,First Aid,suspended load|blind lift,High
REP-98FCE33A,2020-04-03,Platform Charlie,Pump Room,Incident,Roof Repair,"Scaffolding tubes for Cherry Picker were stored untidily, causing a minor trip hazard during Roof Repair.",0,0.37,Work at Height,Work at Height,None,None,Cherry Picker,Minor injury,None,,Low
REP-2CB35DCF,2020-11-16,Site Alpha,Pipe Rack 2,Unsafe Act,Alarm Testing,Indicator bulb on Pressure Safety Valve PSV-90 was burnt out during Alarm Testing.,0,0.29,Bypassing Safety Controls,Bypassing Safety Controls,None,None,Pressure Safety Valve PSV-90,Minor injury,None,,Low
REP-A4DABE24,2023-12-29,Site Alpha,Pipe Rack 2,Unsafe Condition,Rigging,Paint on Forklift F-3 used for Rigging is peeling off.,0,0.21,Safe Mechanical Lifting,Safe Mechanical Lifting,None,None,Forklift F-3,Minor injury,None,,Low
REP-EBA0E4F6,2021-06-16,Refinery Delta,Control Room,Near Miss,Alarm Testing,"Audit of Shutdown Valve SDV-1 post-Alarm Testing revealed Interlock bridged. Without this protection, Loss of containment could have occurred.",1,0.76,Bypassing Safety Controls,Bypassing Safety Controls,Loss of containment,Interlock bridged,Shutdown Valve SDV-1,Multiple fatalities,None,ignored alarm|unauthorized override,High
REP-ED89F683,2021-09-15,Platform Charlie,Storage Tank A,Unsafe Act,System Maintenance,Indicator bulb on Shutdown Valve SDV-1 was burnt out during System Maintenance.,0,0.04,Bypassing Safety Controls,Bypassing Safety Controls,None,None,Shutdown Valve SDV-1,Minor injury,None,,Low
REP-75B9AA9B,2020-02-03,Station Foxtrot,Pump Room,Unsafe Condition,Soldering,Fire extinguisher near Angle Grinder for Soldering was due for monthly inspection next week.,0,0.37,Hot Work,Hot Work,None,None,Angle Grinder,Minor injury,None,,Low
REP-2D3A9D7E,2020-07-22,Refinery Delta,Control Room,Incident,Soldering,Welder doing Soldering with Oxy-Acetylene Torch had untucked coveralls.,0,0.27,Hot Work,Hot Work,None,None,Oxy-Acetylene Torch,Minor injury,None,,Low
REP-816F6397,2022-02-06,Platform Charlie,Drilling Floor,Near Miss,Grinding,"While conducting Grinding with Winch W-2, an IP stepped into the danger zone. Barricades ignored resulted in the worker being in the Line of Fire for Whip from parted cable.",1,0.78,Line of Fire,Line of Fire,Whip from parted cable,Barricades ignored,Winch W-2,Severe lacerations,None,tensioned line|pressure test,Medium
REP-30C5CA1F,2022-07-27,Facility Bravo,Pipe Rack 2,Incident,Repair,"While inspecting Electrical Panel EP-5, H2S exposure was narrowly avoided because LOTO not applied.",1,0.95,Energy Isolation,Energy Isolation,H2S exposure,LOTO not applied,Electrical Panel EP-5,"Fire, serious injury or fatal exposure",Property Damage,toxic fluid|inadequate isolation,High
REP-C0629350,2020-03-02,Terminal Echo,Deck 3,Near Miss,Process Operation,"Audit of Shutdown Valve SDV-1 post-Process Operation revealed Interlock bridged. Without this protection, Overpressure could have occurred.",1,0.76,Bypassing Safety Controls,Bypassing Safety Controls,Overpressure,Interlock bridged,Shutdown Valve SDV-1,Major explosion,None,ignored alarm|disabled safety device,Medium
REP-20AB6F03,2021-07-09,Refinery Delta,Storage Tank A,Unsafe Condition,Trenching,"During Trenching, Excavator failed unexpectedly. Because Standing in pinch point, the worker was exposed to High pressure release. Fortunately, the worker jumped back in time.",1,0.99,Line of Fire,Line of Fire,High pressure release,Standing in pinch point,Excavator,Severe lacerations,First Aid,moving machinery|tensioned line,High
REP-3F152F95,2023-07-18,Refinery Delta,Pump Room,Unsafe Act,Non-routine Task,JSA for Non-routine Task near Workshop was printed on crumpled paper.,0,0.31,Work Authorization,Work Authorization,None,None,Workshop,Minor injury,None,,Low
REP-5D83D58D,2022-01-25,Terminal Echo,Pump Room,Near Miss,Tank Cleaning,"Prior to Tank Cleaning in Separator V-10, it was discovered that Ventilation failed. This could have led to Oxygen deficiency and potential fatality.",1,0.75,Confined Space,Confined Space,Oxygen deficiency,Ventilation failed,Separator V-10,Asphyxiation,Property Damage,deep excavation|hazardous atmosphere,Medium
REP-E5650687,2021-03-21,Terminal Echo,Boiler Area,Incident,Material Delivery,"A safety camera caught Light Vehicle engaged in Material Delivery. The footage revealed Using mobile phone, which is a precursor to Vehicle collision.",1,0.86,Driving,Driving,Vehicle collision,Using mobile phone,Light Vehicle,Fatal traffic accident,None,heavy vehicle interaction|high speed,Medium
REP-C924FE05,2021-10-23,Terminal Echo,Main Workshop,Near Miss,Hoisting,Paint on Chain Block used for Hoisting is peeling off.,0,0.16,Safe Mechanical Lifting,Safe Mechanical Lifting,None,None,Chain Block,Minor injury,None,,Low
REP-E432580D,2021-05-15,Refinery Delta,Loading Bay,Incident,Inspection,"Noticed Compressor C-10 had a minor weep during Inspection. LOTO was applied correctly, but cleanup was delayed.",0,0.29,Energy Isolation,Energy Isolation,None,None,Compressor C-10,Minor injury,None,,Low
REP-7DD861F1,2020-09-05,Terminal Echo,Loading Bay,Incident,Welding,"During Welding with Angle Grinder, Combustibles not cleared allowed slag to ignite a small fire. Fire potential was extremely high.",1,0.88,Hot Work,Hot Work|Line of Fire,Fire,Combustibles not cleared,Angle Grinder,Fatal burns,First Aid,hydrocarbon presence|sparks,Medium
REP-1419AA50,2021-10-07,Refinery Delta,Boiler Area,Near Miss,Scaffolding,"Scaffolding was ongoing near Pipe Rack Level 3 when grating was removed. Harness not clipped left the hole unprotected, creating a high risk of Open grating.",1,0.93,Work at Height,Work at Height,Open grating,Harness not clipped,Pipe Rack Level 3,Multiple fractures,Property Damage,working aloft|edge proximity,Medium
REP-757CE7CD,2020-05-22,Terminal Echo,Deck 3,Unsafe Act,Alarm Testing,Indicator bulb on Pressure Safety Valve PSV-90 was burnt out during Alarm Testing.,0,0.09,Bypassing Safety Controls,Bypassing Safety Controls,None,None,Pressure Safety Valve PSV-90,Minor injury,None,,Low
REP-6E7083C2,2022-06-30,Terminal Echo,Pump Room,Near Miss,Transporting Personnel,Driver doing Transporting Personnel in Crew Bus parked slightly outside the designated lines.,0,0.26,Driving,Driving,None,None,Crew Bus,Minor injury,None,,Low
REP-98001121,2022-10-27,Refinery Delta,Pipe Rack 2,Unsafe Condition,Repair,"Noticed Valve V-99 had a minor weep during Repair. LOTO was applied correctly, but cleanup was delayed.",0,0.13,Energy Isolation,Energy Isolation,None,None,Valve V-99,Minor injury,None,,Low
REP-EBFE12FA,2021-07-04,Site Alpha,Control Room,Near Miss,Tank Cleaning,Worker entered Underground Sump for Tank Cleaning. Suddenly the alarm sounded. Rescue plan inadequate meant the worker was exposed to Engulfment.,1,0.8,Confined Space,Confined Space,Engulfment,Rescue plan inadequate,Underground Sump,Fatality due to toxic gas,Property Damage,hazardous atmosphere|restricted access,High
REP-7D28378E,2023-06-13,Platform Charlie,Deck 3,Unsafe Condition,Internal Inspection,"During Internal Inspection inside Underground Sump, Rescue plan inadequate was noted. This is a critical failure leading to high risk of Engulfment.",1,0.73,Confined Space,Confined Space,Engulfment,Rescue plan inadequate,Underground Sump,Asphyxiation,First Aid,hazardous atmosphere|restricted access,Medium
REP-268BC2A4,2020-05-13,Station Foxtrot,Pipe Rack 2,Unsafe Act,System Maintenance,Operator logged System Maintenance for DCS System in the wrong logbook.,0,0.1,Bypassing Safety Controls,Bypassing Safety Controls,None,None,DCS System,Minor injury,None,,Low
REP-94A68833,2020-07-12,Facility Bravo,Drilling Floor,Unsafe Condition,Process Operation,Operator logged Process Operation for DCS System in the wrong logbook.,0,0.13,Bypassing Safety Controls,Bypassing Safety Controls,None,None,DCS System,Minor injury,None,,Low
REP-D71A63D9,2023-02-23,Refinery Delta,Pipe Rack 2,Near Miss,System Maintenance,"Screen on DCS System was dirty, making it hard to read during System Maintenance.",0,0.13,Bypassing Safety Controls,Bypassing Safety Controls,None,None,DCS System,Minor injury,None,,Low
REP-99784C37,2020-01-09,Site Alpha,Control Room,Incident,Transporting Personnel,Driver doing Transporting Personnel in Forklift parked slightly outside the designated lines.,0,0.32,Driving,Driving,None,None,Forklift,Minor injury,None,,Low
REP-F1E07F7E,2020-08-14,Site Alpha,Control Room,Unsafe Act,Vessel Welding,"Worker doing Vessel Welding in Reactor R-5 complained about poor lighting, though gas levels were normal.",0,0.22,Confined Space,Confined Space,None,None,Reactor R-5,Minor injury,None,,Low
REP-74CE254B,2021-12-31,Platform Charlie,Storage Tank A,Incident,Process Operation,Operator logged Process Operation for DCS System in the wrong logbook.,0,0.04,Bypassing Safety Controls,Bypassing Safety Controls,None,None,DCS System,Minor injury,None,,Low
REP-17B3B3AB,2023-10-24,Site Alpha,Loading Bay,Unsafe Condition,Tank Cleaning,The entry log for Underground Sump during Tank Cleaning was smudged with dirt.,0,0.2,Confined Space,Confined Space,None,None,Underground Sump,Minor injury,None,,Low
REP-4B397069,2020-08-16,Station Foxtrot,Control Room,Incident,Maintenance,"Noticed Electrical Panel EP-5 had a minor weep during Maintenance. LOTO was applied correctly, but cleanup was delayed.",0,0.29,Energy Isolation,Energy Isolation,None,None,Electrical Panel EP-5,Minor injury,None,,Low
REP-ADAF6B24,2022-02-09,Platform Charlie,Loading Bay,Unsafe Condition,General Maintenance,Critical General Maintenance on Utility Area proceeded despite JSA not discussed. This breakdown in authorization risked Simultaneous operations clash.,1,0.94,Work Authorization,Work Authorization,Simultaneous operations clash,JSA not discussed,Utility Area,Process incident,Property Damage,poor communication|unauthorized work,High
REP-EBE8A12C,2022-09-13,Terminal Echo,Storage Tank A,Incident,Alarm Testing,Indicator bulb on Shutdown Valve SDV-1 was burnt out during Alarm Testing.,0,0.32,Bypassing Safety Controls,Bypassing Safety Controls|Confined Space,None,None,Shutdown Valve SDV-1,Minor injury,None,,Low
REP-D8363934,2020-09-05,Refinery Delta,Boiler Area,Near Miss,Process Operation,"Screen on Fire & Gas Panel was dirty, making it hard to read during Process Operation.",0,0.06,Bypassing Safety Controls,Bypassing Safety Controls,None,None,Fire & Gas Panel,Minor injury,None,,Low
REP-DB0CB5D1,2022-09-22,Site Alpha,Loading Bay,Unsafe Condition,Material Delivery,"While Material Delivery with Crew Bus, the driver was observed Fatigued driver. This led to a near miss involving Pedestrian impact.",1,0.97,Driving,Driving,Pedestrian impact,Fatigued driver,Crew Bus,Severe whiplash,First Aid,heavy vehicle interaction|high speed,High
REP-33408549,2020-12-21,Refinery Delta,Pump Room,Unsafe Act,Grinding,"During Grinding, a piece of non-tensioned wire from Winch W-2 was left on the floor.",0,0.02,Line of Fire,Line of Fire,None,None,Winch W-2,Minor injury,None,,Low
REP-B6246A6C,2023-06-30,Station Foxtrot,Pipe Rack 2,Unsafe Act,Scaffolding,Worker observed performing Scaffolding on Scaffold Tower B at 15 meters. It was noted that No barricade below. A Fall from height could have resulted in a fatality.,1,0.86,Work at Height,Work at Height|Line of Fire,Fall from height,No barricade below,Scaffold Tower B,Serious head injury from dropped object,Property Damage,edge proximity|open hole,High
REP-EA07FE6A,2023-11-07,Station Foxtrot,Pipe Rack 2,Incident,Painting,"Painting was ongoing near Scaffold Tower B when grating was removed. Missing toe boards left the hole unprotected, creating a high risk of Fall from height.",1,0.98,Work at Height,Work at Height,Fall from height,Missing toe boards,Scaffold Tower B,Multiple fractures,Property Damage,unsecured tools|missing fall protection,Medium
REP-A2F2B015,2022-08-12,Station Foxtrot,Loading Bay,Incident,Vessel Welding,Tools used for Vessel Welding in Separator V-10 were left outside the entrance untidily.,0,0.36,Confined Space,Confined Space,None,None,Separator V-10,Minor injury,None,,Low
REP-947C051B,2020-06-16,Terminal Echo,Storage Tank A,Near Miss,Torch Cutting,Welder doing Torch Cutting with Pipe Spool P-10 had untucked coveralls.,0,0.17,Hot Work,Hot Work,None,None,Pipe Spool P-10,Minor injury,None,,Low
REP-93A3C559,2022-11-03,Facility Bravo,Drilling Floor,Unsafe Act,Process Operation,"Audit of Pressure Safety Valve PSV-90 post-Process Operation revealed Alarm disabled. Without this protection, Process safety event could have occurred.",1,0.83,Bypassing Safety Controls,Bypassing Safety Controls,Process safety event,Alarm disabled,Pressure Safety Valve PSV-90,Major explosion,First Aid,disabled safety device|ignored alarm,Medium
REP-4BF02162,2023-09-10,Facility Bravo,Drilling Floor,Unsafe Condition,Contractor Work,Worker doing Contractor Work at Utility Area did not sign the permit exactly on the line.,0,0.3,Work Authorization,Work Authorization,None,None,Utility Area,Minor injury,None,,Low
REP-0087F2F9,2023-07-03,Terminal Echo,Drilling Floor,Unsafe Condition,Material Delivery,Radio in Forklift was left on high volume after Material Delivery.,0,0.11,Driving,Driving,None,None,Forklift,Minor injury,None,,Low
REP-AC4ECD6C,2023-12-11,Station Foxtrot,Pipe Rack 2,Incident,Grinding,Fire extinguisher near Pipe Spool P-10 for Grinding was due for monthly inspection next week.,0,0.26,Hot Work,Hot Work,None,None,Pipe Spool P-10,Minor injury,None,,Low
REP-AF71A430,2022-09-07,Site Alpha,Drilling Floor,Near Miss,Scaffolding,"Scaffolding tubes for Pipe Rack Level 3 were stored untidily, causing a minor trip hazard during Scaffolding.",0,0.23,Work at Height,Work at Height,None,None,Pipe Rack Level 3,Minor injury,None,,Low
REP-790C3643,2023-11-10,Facility Bravo,Pump Room,Near Miss,Pipefitting,"While preparing for Pipefitting on Compressor C-10, found that the lock for LOTO was slightly rusted, making it hard to use.",0,0.24,Energy Isolation,Energy Isolation,None,None,Compressor C-10,Minor injury,None,,Low
REP-ECFA6E41,2020-10-25,Facility Bravo,Drilling Floor,Near Miss,Internal Inspection,Tools used for Internal Inspection in Separator V-10 were left outside the entrance untidily.,0,0.02,Confined Space,Confined Space,None,None,Separator V-10,Minor injury,None,,Low
REP-A55FE0D4,2023-03-31,Platform Charlie,Drilling Floor,Unsafe Act,Inspection,"While inspecting Heat Exchanger HX-2, Stored energy discharge was narrowly avoided because Bleed valve closed.",1,0.76,Energy Isolation,Energy Isolation,Stored energy discharge,Bleed valve closed,Heat Exchanger HX-2,Asphyxiation,First Aid,inadequate isolation|live electrical,High
REP-89E1ACB4,2022-12-16,Refinery Delta,Boiler Area,Near Miss,Torquing,"Worker performing Torquing on High Pressure Hose had their hands slightly close to a rough edge, causing a minor scratch.",0,0.1,Line of Fire,Line of Fire|Safe Mechanical Lifting,None,None,High Pressure Hose,Minor injury,None,,Low
REP-49B04496,2020-03-03,Site Alpha,Pipe Rack 2,Unsafe Act,Contractor Work,Permit for Contractor Work at Process Module 4 had a minor spelling mistake in the supervisor's name.,0,0.09,Work Authorization,Work Authorization,None,None,Process Module 4,Minor injury,None,,Low
REP-7175C6F5,2020-03-21,Refinery Delta,Pipe Rack 2,Unsafe Condition,Tank Cleaning,The entry log for Separator V-10 during Tank Cleaning was smudged with dirt.,0,0.32,Confined Space,Confined Space,None,None,Separator V-10,Minor injury,None,,Low
REP-99FC3EA4,2023-02-01,Platform Charlie,Boiler Area,Incident,General Maintenance,"Crew commenced General Maintenance at Camp Facility but Wrong permit type. Unaware of SIMOPS, they were exposed to Simultaneous operations clash.",1,0.7,Work Authorization,Work Authorization,Simultaneous operations clash,Wrong permit type,Camp Facility,Process incident,None,unauthorized work|poor communication,High
REP-DB127F48,2023-07-03,Station Foxtrot,Drilling Floor,Near Miss,Roof Repair,"Scaffolding tubes for Crane C-1 were stored untidily, causing a minor trip hazard during Roof Repair.",0,0.04,Work at Height,Work at Height,None,None,Crane C-1,Minor injury,None,,Low
REP-651FFC3F,2022-05-29,Facility Bravo,Loading Bay,Unsafe Act,Maintenance,"The tag for Electrical Panel EP-5 was faded during Maintenance. No Pressurized hydrocarbon release was present, but tag needs replacement.",0,0.06,Energy Isolation,Energy Isolation,None,None,Electrical Panel EP-5,Minor injury,None,,Low
REP-9E22A5CB,2021-01-24,Station Foxtrot,Main Workshop,Unsafe Condition,Process Operation,"Audit of Shutdown Valve SDV-1 post-Process Operation revealed Alarm disabled. Without this protection, Overpressure could have occurred.",1,0.85,Bypassing Safety Controls,Bypassing Safety Controls,Overpressure,Alarm disabled,Shutdown Valve SDV-1,Major explosion,Property Damage,bypassed interlock|ignored alarm,Medium
REP-D3CA3F77,2023-02-21,Site Alpha,Deck 3,Incident,Forklift Operation,The horn on Chain Block sounded a bit quiet during Forklift Operation.,0,0.34,Safe Mechanical Lifting,Safe Mechanical Lifting,None,None,Chain Block,Minor injury,None,,Low
REP-7BC2FD14,2020-01-03,Platform Charlie,Drilling Floor,Near Miss,Tank Cleaning,The entry log for Reactor R-5 during Tank Cleaning was smudged with dirt.,0,0.09,Confined Space,Confined Space,None,None,Reactor R-5,Minor injury,None,,Low
REP-95744283,2021-08-11,Platform Charlie,Drilling Floor,Unsafe Act,Scaffolding,Worker's chin strap on helmet was loose during Scaffolding on Roof Access Ladder.,0,0.28,Work at Height,Work at Height,None,None,Roof Access Ladder,Minor injury,None,,Low
REP-722C6160,2022-01-04,Site Alpha,Drilling Floor,Unsafe Act,Roof Repair,"Roof Repair was ongoing near Roof Access Ladder when grating was removed. Scaffold tag missing left the hole unprotected, creating a high risk of Unstable platform.",1,0.74,Work at Height,Work at Height,Unstable platform,Scaffold tag missing,Roof Access Ladder,Multiple fractures,None,unsecured tools|working aloft,Medium
REP-D43095AD,2023-11-30,Facility Bravo,Boiler Area,Unsafe Condition,Alarm Testing,Operator logged Alarm Testing for Shutdown Valve SDV-1 in the wrong logbook.,0,0.16,Bypassing Safety Controls,Bypassing Safety Controls,None,None,Shutdown Valve SDV-1,Minor injury,None,,Low
REP-D66CFBFF,2020-04-27,Station Foxtrot,Main Workshop,Incident,Transporting Personnel,Driver doing Transporting Personnel in Crew Bus parked slightly outside the designated lines.,0,0.37,Driving,Driving,None,None,Crew Bus,Minor injury,None,,Low
REP-E36D1039,2022-06-10,Facility Bravo,Control Room,Incident,Torquing,"During Torquing, a piece of non-tensioned wire from Hydraulic Torque Wrench was left on the floor.",0,0.21,Line of Fire,Line of Fire|Bypassing Safety Controls,None,None,Hydraulic Torque Wrench,Minor injury,None,,Low
REP-98FD303F,2021-05-02,Site Alpha,Main Workshop,Near Miss,Material Delivery,Radio in Forklift was left on high volume after Material Delivery.,0,0.02,Driving,Driving,None,None,Forklift,Minor injury,None,,Low
REP-617F2414,2021-03-26,Platform Charlie,Drilling Floor,Near Miss,Transporting Personnel,The Light Vehicle was slightly dirty during Transporting Personnel.,0,0.25,Driving,Driving,None,None,Light Vehicle,Minor injury,None,,Low
REP-84720521,2020-06-29,Site Alpha,Loading Bay,Incident,Grinding,The welding lead for Welding Machine W-1 was slightly tangled during Grinding.,0,0.24,Hot Work,Hot Work,None,None,Welding Machine W-1,Minor injury,None,,Low
REP-1CD1C7E1,2023-10-30,Site Alpha,Deck 3,Incident,Material Delivery,Driver doing Material Delivery in Pickup Truck P-12 parked slightly outside the designated lines.,0,0.14,Driving,Driving,None,None,Pickup Truck P-12,Minor injury,None,,Low
REP-FA8384D0,2023-12-23,Terminal Echo,Storage Tank A,Unsafe Act,Soldering,"Soldering was started on Welding Machine W-1 near a live process area. Gas test expired was observed, posing a massive risk of Fire.",1,0.93,Hot Work,Hot Work,Fire,Gas test expired,Welding Machine W-1,Fatal burns,First Aid,flammable atmosphere|ignition source,Medium
REP-677BCDC7,2023-11-07,Refinery Delta,Main Workshop,Incident,Material Delivery,"A safety camera caught Crew Bus engaged in Material Delivery. The footage revealed Fatigued driver, which is a precursor to Loss of control.",1,0.88,Driving,Driving,Loss of control,Fatigued driver,Crew Bus,Crush injuries to pedestrian,None,distracted driving|poor road conditions,Medium
REP-98BDF975,2020-04-09,Facility Bravo,Loading Bay,Incident,Painting,"During Painting, worker used the correct harness but the inspection log was not filled in for Cherry Picker.",0,0.16,Work at Height,Work at Height,None,None,Cherry Picker,Minor injury,None,,Low
REP-242B0CA6,2023-03-24,Refinery Delta,Storage Tank A,Unsafe Condition,Site Patrol,Driver doing Site Patrol in Vacuum Truck parked slightly outside the designated lines.,0,0.31,Driving,Driving,None,None,Vacuum Truck,Minor injury,None,,Low
REP-816CD071,2021-07-21,Site Alpha,Pump Room,Incident,Maintenance,"Operator was performing Maintenance on Valve V-99. It was discovered that Padlock missing, leaving the system vulnerable to Electrical shock. Work was stopped immediately.",1,0.79,Energy Isolation,Energy Isolation,Electrical shock,Padlock missing,Valve V-99,Severe chemical burns,First Aid,toxic fluid|pressurized equipment,High
REP-4AD2AC02,2020-08-11,Station Foxtrot,Storage Tank A,Unsafe Act,Grinding,"During Grinding, a piece of non-tensioned wire from Hydraulic Torque Wrench was left on the floor.",0,0.4,Line of Fire,Line of Fire,None,None,Hydraulic Torque Wrench,Minor injury,None,,Low
REP-08A3880F,2023-03-18,Refinery Delta,Drilling Floor,Near Miss,Forklift Operation,Operator of Overhead Gantry during Forklift Operation forgot his safety glasses but was in an enclosed cab.,0,0.28,Safe Mechanical Lifting,Safe Mechanical Lifting,None,None,Overhead Gantry,Minor injury,None,,Low
REP-FC69EA8A,2021-03-22,Platform Charlie,Pump Room,Incident,Vessel Welding,"Worker doing Vessel Welding in Reactor R-5 complained about poor lighting, though gas levels were normal.",0,0.22,Confined Space,Confined Space,None,None,Reactor R-5,Minor injury,None,,Low
REP-8837B46A,2021-10-09,Station Foxtrot,Pump Room,Unsafe Act,Tank Cleaning,Tools used for Tank Cleaning in Reactor R-5 were left outside the entrance untidily.,0,0.35,Confined Space,Confined Space,None,None,Reactor R-5,Minor injury,None,,Low
REP-59008D73,2021-01-22,Refinery Delta,Drilling Floor,Unsafe Condition,Material Delivery,The Forklift was slightly dirty during Material Delivery.,0,0.1,Driving,Driving,None,None,Forklift,Minor injury,None,,Low
REP-CE6D911B,2021-05-02,Platform Charlie,Drilling Floor,Unsafe Act,Welding,Welder doing Welding with Angle Grinder had untucked coveralls.,0,0.07,Hot Work,Hot Work,None,None,Angle Grinder,Minor injury,None,,Low
REP-50CDD4C0,2020-06-02,Platform Charlie,Storage Tank A,Near Miss,General Maintenance,JSA for General Maintenance near Utility Area was printed on crumpled paper.,0,0.2,Work Authorization,Work Authorization,None,None,Utility Area,Minor injury,None,,Low
REP-006B2C71,2020-08-20,Refinery Delta,Main Workshop,Unsafe Act,Vessel Welding,The entry log for Underground Sump during Vessel Welding was smudged with dirt.,0,0.03,Confined Space,Confined Space,None,None,Underground Sump,Minor injury,None,,Low
REP-A51EB03D,2020-10-29,Refinery Delta,Pump Room,Incident,Hoisting,A heavy skid was being moved during Hoisting. No tag lines used led to a near miss involving Swinging load near Overhead Gantry.,1,0.86,Safe Mechanical Lifting,Safe Mechanical Lifting,Swinging load,No tag lines used,Overhead Gantry,Structural collapse,Property Damage,heavy lifting|suspended load,Medium
REP-B309F6CB,2022-01-16,Refinery Delta,Main Workshop,Near Miss,Non-routine Task,Worker doing Non-routine Task at Camp Facility did not sign the permit exactly on the line.,0,0.26,Work Authorization,Work Authorization,None,None,Camp Facility,Minor injury,None,,Low
REP-21177B4F,2022-04-15,Facility Bravo,Drilling Floor,Incident,Grinding,The welding lead for Welding Machine W-1 was slightly tangled during Grinding.,0,0.03,Hot Work,Hot Work,None,None,Welding Machine W-1,Minor injury,None,,Low
REP-96431FEA,2022-04-21,Site Alpha,Pump Room,Unsafe Condition,Contractor Work,Critical Contractor Work on Utility Area proceeded despite JSA not discussed. This breakdown in authorization risked Unidentified hazards.,1,0.87,Work Authorization,Work Authorization,Unidentified hazards,JSA not discussed,Utility Area,Serious injury due to lack of hazard awareness,Property Damage,poor communication|simops,High
REP-793DD86A,2021-11-21,Station Foxtrot,Pump Room,Incident,Internal Inspection,Tools used for Internal Inspection in Reactor R-5 were left outside the entrance untidily.,0,0.18,Confined Space,Confined Space|Line of Fire,None,None,Reactor R-5,Minor injury,None,,Low
REP-D2DBB005,2021-09-25,Terminal Echo,Pump Room,Incident,Pipefitting,"During Pipefitting of Valve V-99, the technician started loosening the flange while the line was still pressurized. Isolation valve was closed but LOTO not applied. Pressurized hydrocarbon release occurred. No injury occurred but potential was high.",1,0.76,Energy Isolation,Energy Isolation,Pressurized hydrocarbon release,LOTO not applied,Valve V-99,Severe chemical burns,First Aid,inadequate isolation|stored energy,Medium
REP-FE7411D6,2021-04-18,Terminal Echo,Deck 3,Unsafe Condition,General Maintenance,Permit for General Maintenance at Process Module 4 had a minor spelling mistake in the supervisor's name.,0,0.3,Work Authorization,Work Authorization,None,None,Process Module 4,Minor injury,None,,Low
REP-0AF3B18D,2022-05-05,Site Alpha,Pump Room,Unsafe Condition,Alarm Testing,Indicator bulb on Pressure Safety Valve PSV-90 was burnt out during Alarm Testing.,0,0.08,Bypassing Safety Controls,Bypassing Safety Controls,None,None,Pressure Safety Valve PSV-90,Minor injury,None,,Low
REP-07836B7B,2021-10-25,Refinery Delta,Pipe Rack 2,Incident,Material Delivery,Driver doing Material Delivery in Forklift parked slightly outside the designated lines.,0,0.25,Driving,Driving,None,None,Forklift,Minor injury,None,,Low
REP-A545BFFB,2023-03-27,Terminal Echo,Pump Room,Near Miss,Material Delivery,The Pickup Truck P-12 was slightly dirty during Material Delivery.,0,0.17,Driving,Driving,None,None,Pickup Truck P-12,Minor injury,None,,Low
REP-03C9800F,2021-06-27,Refinery Delta,Boiler Area,Near Miss,System Maintenance,Indicator bulb on Fire & Gas Panel was burnt out during System Maintenance.,0,0.26,Bypassing Safety Controls,Bypassing Safety Controls,None,None,Fire & Gas Panel,Minor injury,None,,Low
REP-8F3744B4,2023-01-03,Platform Charlie,Pump Room,Incident,Grinding,The welding lead for Oxy-Acetylene Torch was slightly tangled during Grinding.,0,0.22,Hot Work,Hot Work,None,None,Oxy-Acetylene Torch,Minor injury,None,,Low
REP-58CEE11F,2023-01-22,Platform Charlie,Boiler Area,Incident,Rigging,"During Rigging using Overhead Gantry, the load began to swing wildly. No tag lines used caused a loss of control, resulting in Rigging failure.",1,0.74,Safe Mechanical Lifting,Safe Mechanical Lifting,Rigging failure,No tag lines used,Overhead Gantry,Structural collapse,None,suspended load|heavy lifting,High
REP-4CA08B4F,2022-10-06,Site Alpha,Pipe Rack 2,Incident,Trenching,"Worker performing Trenching on Hydraulic Torque Wrench had their hands slightly close to a rough edge, causing a minor scratch.",0,0.14,Line of Fire,Line of Fire,None,None,Hydraulic Torque Wrench,Minor injury,None,,Low
REP-63BFDB4D,2020-05-11,Facility Bravo,Control Room,Unsafe Condition,Alarm Testing,Operator engaged in Alarm Testing admitted to bypassing safety logic on Shutdown Valve SDV-1. Alarm disabled is a severe breach leading to Process safety event.,1,0.99,Bypassing Safety Controls,Bypassing Safety Controls,Process safety event,Alarm disabled,Shutdown Valve SDV-1,Major explosion,Property Damage,unauthorized override|bypassed interlock,High
REP-4084BD86,2020-06-22,Terminal Echo,Deck 3,Near Miss,Torquing,"During Torquing, a piece of non-tensioned wire from Hydraulic Torque Wrench was left on the floor.",0,0.32,Line of Fire,Line of Fire,None,None,Hydraulic Torque Wrench,Minor injury,None,,Low
REP-CE0DFE3D,2020-03-21,Refinery Delta,Control Room,Unsafe Act,Heavy Haulage,The Pickup Truck P-12 was slightly dirty during Heavy Haulage.,0,0.15,Driving,Driving,None,None,Pickup Truck P-12,Minor injury,None,,Low
REP-23D7267B,2022-02-15,Refinery Delta,Boiler Area,Near Miss,Pipefitting,"The tag for Electrical Panel EP-5 was faded during Pipefitting. No Pressurized hydrocarbon release was present, but tag needs replacement.",0,0.18,Energy Isolation,Energy Isolation,None,None,Electrical Panel EP-5,Minor injury,None,,Low
REP-6594A8E6,2022-01-11,Site Alpha,Boiler Area,Unsafe Act,Repair,"While preparing for Repair on Pump P-204, found that the lock for LOTO was slightly rusted, making it hard to use.",0,0.23,Energy Isolation,Energy Isolation|Driving,None,None,Pump P-204,Minor injury,None,,Low
REP-4A1383DA,2023-10-13,Facility Bravo,Control Room,Near Miss,Torquing,"Worker performing Torquing on Excavator had their hands slightly close to a rough edge, causing a minor scratch.",0,0.04,Line of Fire,Line of Fire,None,None,Excavator,Minor injury,None,,Low
REP-E63E71D6,2022-07-13,Station Foxtrot,Main Workshop,Near Miss,Contractor Work,Worker doing Contractor Work at Camp Facility did not sign the permit exactly on the line.,0,0.35,Work Authorization,Work Authorization,None,None,Camp Facility,Minor injury,None,,Low
REP-91005E3C,2021-08-05,Site Alpha,Drilling Floor,Unsafe Condition,Torquing,"During Torquing, a piece of non-tensioned wire from Hydraulic Torque Wrench was left on the floor.",0,0.04,Line of Fire,Line of Fire,None,None,Hydraulic Torque Wrench,Minor injury,None,,Low
REP-53FD2F45,2022-03-20,Station Foxtrot,Control Room,Incident,Repair,"While preparing for Repair on Pump P-204, found that the lock for LOTO was slightly rusted, making it hard to use.",0,0.32,Energy Isolation,Energy Isolation,None,None,Pump P-204,Minor injury,None,,Low
REP-7C2E1A56,2022-01-13,Terminal Echo,Main Workshop,Incident,Process Operation,"Screen on Fire & Gas Panel was dirty, making it hard to read during Process Operation.",0,0.27,Bypassing Safety Controls,Bypassing Safety Controls,None,None,Fire & Gas Panel,Minor injury,None,,Low
REP-BCE2FA2B,2020-04-02,Station Foxtrot,Drilling Floor,Incident,Structural Inspection,Worker's chin strap on helmet was loose during Structural Inspection on Pipe Rack Level 3.,0,0.12,Work at Height,Work at Height,None,None,Pipe Rack Level 3,Minor injury,None,,Low
REP-2FEECC6F,2023-04-25,Site Alpha,Deck 3,Unsafe Act,Welding,Welder doing Welding with Pipe Spool P-10 had untucked coveralls.,0,0.39,Hot Work,Hot Work,None,None,Pipe Spool P-10,Minor injury,None,,Low
REP-FAFAB7A4,2021-05-12,Platform Charlie,Storage Tank A,Unsafe Act,Repair,"While inspecting Pump P-204, H2S exposure was narrowly avoided because Bleed valve closed.",1,0.76,Energy Isolation,Energy Isolation,H2S exposure,Bleed valve closed,Pump P-204,Asphyxiation,None,toxic fluid|pressurized equipment,Medium
REP-79118088,2022-05-07,Platform Charlie,Boiler Area,Near Miss,Tank Cleaning,The entry log for Reactor R-5 during Tank Cleaning was smudged with dirt.,0,0.07,Confined Space,Confined Space,None,None,Reactor R-5,Minor injury,None,,Low
REP-F9F6A8D4,2022-09-18,Terminal Echo,Deck 3,Unsafe Condition,Non-routine Task,Worker doing Non-routine Task at Workshop did not sign the permit exactly on the line.,0,0.35,Work Authorization,Work Authorization,None,None,Workshop,Minor injury,None,,Low
REP-FBA3D2A5,2022-07-22,Site Alpha,Control Room,Near Miss,Rigging,Operator of Overhead Gantry during Rigging forgot his safety glasses but was in an enclosed cab.,0,0.11,Safe Mechanical Lifting,Safe Mechanical Lifting,None,None,Overhead Gantry,Minor injury,None,,Low
REP-E133A6FB,2020-10-22,Terminal Echo,Boiler Area,Incident,Lifting,"During Lifting, a piece of non-tensioned wire from Excavator was left on the floor.",0,0.14,Line of Fire,Line of Fire,None,None,Excavator,Minor injury,None,,Low
REP-21012E08,2021-08-26,Site Alpha,Loading Bay,Near Miss,Alarm Testing,Operator logged Alarm Testing for Shutdown Valve SDV-1 in the wrong logbook.,0,0.35,Bypassing Safety Controls,Bypassing Safety Controls,None,None,Shutdown Valve SDV-1,Minor injury,None,,Low
REP-174D5AC5,2023-04-05,Facility Bravo,Main Workshop,Incident,Trenching,"Trenching was being performed. Standing in pinch point allowed personnel to walk directly under Hydraulic Torque Wrench, posing a severe Caught between objects.",1,0.83,Line of Fire,Line of Fire,Caught between objects,Standing in pinch point,Hydraulic Torque Wrench,Fatal impact,Property Damage,pinch point|suspended load,Medium
REP-3208001D,2023-10-02,Platform Charlie,Storage Tank A,Unsafe Act,Transporting Personnel,Radio in Pickup Truck P-12 was left on high volume after Transporting Personnel.,0,0.1,Driving,Driving,None,None,Pickup Truck P-12,Minor injury,None,,Low
REP-9618FE0B,2022-05-07,Platform Charlie,Main Workshop,Unsafe Act,Structural Inspection,"Scaffolding tubes for Roof Access Ladder were stored untidily, causing a minor trip hazard during Structural Inspection.",0,0.02,Work at Height,Work at Height,None,None,Roof Access Ladder,Minor injury,None,,Low
REP-59DB365F,2022-06-20,Station Foxtrot,Boiler Area,Incident,Tank Cleaning,The entry log for Reactor R-5 during Tank Cleaning was smudged with dirt.,0,0.03,Confined Space,Confined Space,None,None,Reactor R-5,Minor injury,None,,Low
REP-0D83B6B7,2023-07-05,Site Alpha,Loading Bay,Unsafe Act,Alarm Testing,"While investigating Pressure Safety Valve PSV-90, it was found that Safety valve isolated during Alarm Testing. This exposed the facility to Loss of containment.",1,0.95,Bypassing Safety Controls,Bypassing Safety Controls,Loss of containment,Safety valve isolated,Pressure Safety Valve PSV-90,Catastrophic release,None,ignored alarm|bypassed interlock,Medium
REP-152928DE,2021-04-19,Platform Charlie,Storage Tank A,Near Miss,Trenching,Barricade tape for Trenching near High Pressure Hose was blown down by the wind. No operations were ongoing.,0,0.17,Line of Fire,Line of Fire|Hot Work,None,None,High Pressure Hose,Minor injury,None,,Low
REP-24A39D37,2022-02-19,Refinery Delta,Pump Room,Near Miss,Crane Lifting,Operator of Mobile Crane during Crane Lifting forgot his safety glasses but was in an enclosed cab.,0,0.28,Safe Mechanical Lifting,Safe Mechanical Lifting,None,None,Mobile Crane,Minor injury,None,,Low
REP-5C5A275F,2020-04-01,Facility Bravo,Deck 3,Unsafe Condition,Rigging,The horn on Overhead Gantry sounded a bit quiet during Rigging.,0,0.14,Safe Mechanical Lifting,Safe Mechanical Lifting,None,None,Overhead Gantry,Minor injury,None,,Low
REP-E5600563,2022-02-20,Terminal Echo,Storage Tank A,Near Miss,Trenching,"Worker performing Trenching on Drill Pipe had their hands slightly close to a rough edge, causing a minor scratch.",0,0.35,Line of Fire,Line of Fire,None,None,Drill Pipe,Minor injury,None,,Low
REP-E1004CC2,2022-02-14,Site Alpha,Loading Bay,Unsafe Condition,Non-routine Task,"During a walkaround, found personnel doing Non-routine Task on Camp Facility. Expired permit meant they had no controls for Uncontrolled work.",1,0.74,Work Authorization,Work Authorization,Uncontrolled work,Expired permit,Camp Facility,Serious injury due to lack of hazard awareness,Property Damage,simops|unauthorized work,High
REP-792EDBE2,2021-06-28,Station Foxtrot,Drilling Floor,Near Miss,Contractor Work,"Crew commenced Contractor Work at Workshop but Expired permit. Unaware of SIMOPS, they were exposed to Simultaneous operations clash.",1,0.89,Work Authorization,Work Authorization,Simultaneous operations clash,Expired permit,Workshop,Serious injury due to lack of hazard awareness,None,unauthorized work|poor communication,Medium
REP-544271A5,2021-11-26,Terminal Echo,Drilling Floor,Incident,Soldering,The welding lead for Angle Grinder was slightly tangled during Soldering.,0,0.14,Hot Work,Hot Work,None,None,Angle Grinder,Minor injury,None,,Low
REP-A268D814,2020-11-08,Platform Charlie,Drilling Floor,Near Miss,Grinding,"During Grinding, Hydraulic Torque Wrench failed unexpectedly. Because Exclusion zone breached, the worker was exposed to High pressure release. Fortunately, the worker jumped back in time.",1,0.91,Line of Fire,Line of Fire,High pressure release,Exclusion zone breached,Hydraulic Torque Wrench,Fatal impact,None,pinch point|tensioned line,High
REP-583B685A,2023-01-05,Site Alpha,Drilling Floor,Incident,Alarm Testing,Operator logged Alarm Testing for Pressure Safety Valve PSV-90 in the wrong logbook.,0,0.39,Bypassing Safety Controls,Bypassing Safety Controls|Work at Height,None,None,Pressure Safety Valve PSV-90,Minor injury,None,,Low
REP-8A22C7D9,2021-06-25,Station Foxtrot,Storage Tank A,Incident,Rigging,Paint on Chain Block used for Rigging is peeling off.,0,0.21,Safe Mechanical Lifting,Safe Mechanical Lifting,None,None,Chain Block,Minor injury,None,,Low
REP-017D49FC,2023-11-13,Refinery Delta,Pump Room,Unsafe Act,Tank Cleaning,Tools used for Tank Cleaning in Separator V-10 were left outside the entrance untidily.,0,0.19,Confined Space,Confined Space,None,None,Separator V-10,Minor injury,None,,Low
REP-28B14FF0,2022-09-26,Refinery Delta,Pump Room,Near Miss,Process Operation,Operator logged Process Operation for Pressure Safety Valve PSV-90 in the wrong logbook.,0,0.12,Bypassing Safety Controls,Bypassing Safety Controls,None,None,Pressure Safety Valve PSV-90,Minor injury,None,,Low
REP-9DA91E3F,2022-02-08,Facility Bravo,Pipe Rack 2,Unsafe Condition,Painting,"Painting was ongoing near Scaffold Tower B when grating was removed. Scaffold tag missing left the hole unprotected, creating a high risk of Dropped object.",1,0.97,Work at Height,Work at Height,Dropped object,Scaffold tag missing,Scaffold Tower B,Multiple fractures,None,working aloft|unsecured tools,High
REP-53C2B263,2021-07-27,Facility Bravo,Drilling Floor,Incident,Alarm Testing,Operator engaged in Alarm Testing admitted to bypassing safety logic on DCS System. Interlock bridged is a severe breach leading to Loss of containment.,1,0.94,Bypassing Safety Controls,Bypassing Safety Controls,Loss of containment,Interlock bridged,DCS System,Major explosion,First Aid,disabled safety device|unauthorized override,Medium
REP-7E3B7419,2023-06-25,Platform Charlie,Control Room,Near Miss,Grinding,Barricade tape for Grinding near High Pressure Hose was blown down by the wind. No operations were ongoing.,0,0.18,Line of Fire,Line of Fire|Bypassing Safety Controls,None,None,High Pressure Hose,Minor injury,None,,Low
REP-35CE1748,2022-03-03,Facility Bravo,Deck 3,Incident,Contractor Work,Permit for Contractor Work at Utility Area had a minor spelling mistake in the supervisor's name.,0,0.28,Work Authorization,Work Authorization|Hot Work,None,None,Utility Area,Minor injury,None,,Low
REP-45CC20F2,2020-05-06,Refinery Delta,Pipe Rack 2,Unsafe Condition,Site Patrol,"Crew Bus was involved in a near miss during Site Patrol. Investigation showed Brakes defective, drastically increasing the risk of Vehicle collision.",1,0.74,Driving,Driving,Vehicle collision,Brakes defective,Crew Bus,Fatal traffic accident,None,distracted driving|poor road conditions,High
REP-C501C106,2022-02-05,Refinery Delta,Main Workshop,Near Miss,Roof Repair,"Scaffolding tubes for Pipe Rack Level 3 were stored untidily, causing a minor trip hazard during Roof Repair.",0,0.33,Work at Height,Work at Height,None,None,Pipe Rack Level 3,Minor injury,None,,Low
REP-228A22C2,2023-01-25,Facility Bravo,Main Workshop,Unsafe Act,Inspection,"Noticed Pump P-204 had a minor weep during Inspection. LOTO was applied correctly, but cleanup was delayed.",0,0.02,Energy Isolation,Energy Isolation,None,None,Pump P-204,Minor injury,None,,Low
REP-B5ACD463,2021-04-23,Platform Charlie,Pump Room,Near Miss,Grinding,"A contractor began Grinding using Angle Grinder. A safety walk discovered Fire watcher absent, immediately stopping work due to Fire risk.",1,0.9,Hot Work,Hot Work,Fire,Fire watcher absent,Angle Grinder,Fatal burns,First Aid,sparks|ignition source,Medium
REP-5C986F3C,2021-06-01,Site Alpha,Boiler Area,Unsafe Condition,Rigging,"Rigging was ongoing near Scaffold Tower B when grating was removed. Scaffold tag missing left the hole unprotected, creating a high risk of Unstable platform.",1,0.71,Work at Height,Work at Height,Unstable platform,Scaffold tag missing,Scaffold Tower B,Serious head injury from dropped object,Property Damage,missing fall protection|working aloft,High
REP-80EC0D84,2021-04-22,Platform Charlie,Pipe Rack 2,Near Miss,Torch Cutting,Welder doing Torch Cutting with Pipe Spool P-10 had untucked coveralls.,0,0.32,Hot Work,Hot Work,None,None,Pipe Spool P-10,Minor injury,None,,Low
REP-0C9D7DC7,2020-09-20,Site Alpha,Deck 3,Unsafe Condition,Tank Cleaning,"Worker doing Tank Cleaning in Reactor R-5 complained about poor lighting, though gas levels were normal.",0,0.1,Confined Space,Confined Space,None,None,Reactor R-5,Minor injury,None,,Low
REP-37E716F0,2020-03-11,Facility Bravo,Pipe Rack 2,Unsafe Act,Trenching,"During Trenching, Winch W-2 failed unexpectedly. Because Safety pin removed, the worker was exposed to High pressure release. Fortunately, the worker jumped back in time.",1,0.87,Line of Fire,Line of Fire,High pressure release,Safety pin removed,Winch W-2,Crush injury,Property Damage,tensioned line|pressure test,High
REP-F12B52D4,2020-08-08,Station Foxtrot,Pump Room,Unsafe Condition,Transporting Personnel,The Light Vehicle was slightly dirty during Transporting Personnel.,0,0.33,Driving,Driving,None,None,Light Vehicle,Minor injury,None,,Low
REP-2293C7C2,2020-04-20,Platform Charlie,Deck 3,Incident,Tank Cleaning,Worker entered Underground Sump for Tank Cleaning. Suddenly the alarm sounded. Attendant absent meant the worker was exposed to Heat exhaustion.,1,0.96,Confined Space,Confined Space,Heat exhaustion,Attendant absent,Underground Sump,Asphyxiation,First Aid,hazardous atmosphere|restricted access,High
REP-043E1B9C,2021-05-24,Platform Charlie,Main Workshop,Near Miss,Vessel Welding,"During Vessel Welding inside Storage Tank A, Rescue plan inadequate was noted. This is a critical failure leading to high risk of Toxic atmosphere.",1,0.76,Confined Space,Confined Space|Energy Isolation,Toxic atmosphere,Rescue plan inadequate,Storage Tank A,Fatality due to toxic gas,None,restricted access|deep excavation,Medium
REP-C232A31D,2020-11-10,Platform Charlie,Control Room,Unsafe Condition,General Maintenance,JSA for General Maintenance near Utility Area was printed on crumpled paper.,0,0.3,Work Authorization,Work Authorization,None,None,Utility Area,Minor injury,None,,Low
REP-06024899,2023-10-07,Station Foxtrot,Pump Room,Near Miss,Alarm Testing,"Audit of Pressure Safety Valve PSV-90 post-Alarm Testing revealed Override left active. Without this protection, Process safety event could have occurred.",1,0.91,Bypassing Safety Controls,Bypassing Safety Controls,Process safety event,Override left active,Pressure Safety Valve PSV-90,Major explosion,Property Damage,unauthorized override|ignored alarm,Medium
REP-F6D0C2FF,2023-05-29,Platform Charlie,Storage Tank A,Incident,General Maintenance,Permit for General Maintenance at Workshop had a minor spelling mistake in the supervisor's name.,0,0.14,Work Authorization,Work Authorization|Bypassing Safety Controls,None,None,Workshop,Minor injury,None,,Low
REP-D620099F,2021-10-13,Terminal Echo,Pump Room,Unsafe Act,Vessel Welding,The entry log for Separator V-10 during Vessel Welding was smudged with dirt.,0,0.3,Confined Space,Confined Space,None,None,Separator V-10,Minor injury,None,,Low
REP-B5D73627,2022-04-11,Platform Charlie,Pipe Rack 2,Incident,Structural Inspection,Worker's chin strap on helmet was loose during Structural Inspection on Scaffold Tower B.,0,0.32,Work at Height,Work at Height,None,None,Scaffold Tower B,Minor injury,None,,Low
REP-722E9FDE,2022-12-10,Platform Charlie,Pipe Rack 2,Unsafe Condition,Material Delivery,Driver doing Material Delivery in Light Vehicle parked slightly outside the designated lines.,0,0.08,Driving,Driving,None,None,Light Vehicle,Minor injury,None,,Low
REP-3307A532,2021-03-15,Platform Charlie,Pipe Rack 2,Unsafe Condition,Site Patrol,Driver doing Site Patrol in Crew Bus parked slightly outside the designated lines.,0,0.31,Driving,Driving,None,None,Crew Bus,Minor injury,None,,Low
REP-CE2058EC,2020-03-07,Platform Charlie,Loading Bay,Incident,Internal Inspection,The entry log for Reactor R-5 during Internal Inspection was smudged with dirt.,0,0.22,Confined Space,Confined Space,None,None,Reactor R-5,Minor injury,None,,Low
REP-8D19E573,2021-04-17,Refinery Delta,Deck 3,Unsafe Condition,Torch Cutting,The welding lead for Pipe Spool P-10 was slightly tangled during Torch Cutting.,0,0.05,Hot Work,Hot Work,None,None,Pipe Spool P-10,Minor injury,None,,Low
REP-42DA0B49,2021-09-10,Site Alpha,Pipe Rack 2,Unsafe Act,Tank Cleaning,"Prior to Tank Cleaning in Reactor R-5, it was discovered that Ventilation failed. This could have led to Engulfment and potential fatality.",1,0.74,Confined Space,Confined Space,Engulfment,Ventilation failed,Reactor R-5,Asphyxiation,Property Damage,deep excavation|hazardous atmosphere,High
REP-2DA3637C,2022-04-28,Terminal Echo,Storage Tank A,Unsafe Act,Hoisting,"During Hoisting using Mobile Crane, the load began to swing wildly. No tag lines used caused a loss of control, resulting in Swinging load.",1,0.9,Safe Mechanical Lifting,Safe Mechanical Lifting,Swinging load,No tag lines used,Mobile Crane,Crush fatality,None,blind lift|dynamic loading,Medium
REP-B4118EF2,2021-11-26,Station Foxtrot,Main Workshop,Incident,Process Operation,"Audit of Pressure Safety Valve PSV-90 post-Process Operation revealed Interlock bridged. Without this protection, Equipment destruction could have occurred.",1,0.92,Bypassing Safety Controls,Bypassing Safety Controls,Equipment destruction,Interlock bridged,Pressure Safety Valve PSV-90,Major explosion,First Aid,bypassed interlock|unauthorized override,High
REP-8C92B930,2021-06-30,Site Alpha,Loading Bay,Near Miss,Forklift Operation,Paint on Chain Block used for Forklift Operation is peeling off.,0,0.04,Safe Mechanical Lifting,Safe Mechanical Lifting,None,None,Chain Block,Minor injury,None,,Low
REP-E8F70349,2020-01-15,Site Alpha,Deck 3,Incident,Hoisting,The horn on Overhead Gantry sounded a bit quiet during Hoisting.,0,0.1,Safe Mechanical Lifting,Safe Mechanical Lifting,None,None,Overhead Gantry,Minor injury,None,,Low
REP-FBFA5CB5,2020-07-21,Station Foxtrot,Control Room,Unsafe Condition,Pressure Testing,Barricade tape for Pressure Testing near High Pressure Hose was blown down by the wind. No operations were ongoing.,0,0.06,Line of Fire,Line of Fire,None,None,High Pressure Hose,Minor injury,None,,Low
REP-DDCD598C,2020-03-01,Station Foxtrot,Deck 3,Incident,Material Delivery,Radio in Light Vehicle was left on high volume after Material Delivery.,0,0.09,Driving,Driving,None,None,Light Vehicle,Minor injury,None,,Low
REP-812EC12E,2022-12-16,Station Foxtrot,Main Workshop,Near Miss,Welding,Welder doing Welding with Welding Machine W-1 had untucked coveralls.,0,0.12,Hot Work,Hot Work,None,None,Welding Machine W-1,Minor injury,None,,Low
REP-F7B5558A,2021-01-06,Terminal Echo,Drilling Floor,Near Miss,Contractor Work,Critical Contractor Work on Process Module 4 proceeded despite Expired permit. This breakdown in authorization risked Unidentified hazards.,1,0.87,Work Authorization,Work Authorization,Unidentified hazards,Expired permit,Process Module 4,Serious injury due to lack of hazard awareness,First Aid,simops|inadequate planning,Medium
REP-833D2429,2022-06-10,Facility Bravo,Control Room,Near Miss,System Maintenance,"Screen on Fire & Gas Panel was dirty, making it hard to read during System Maintenance.",0,0.39,Bypassing Safety Controls,Bypassing Safety Controls,None,None,Fire & Gas Panel,Minor injury,None,,Low
REP-B9997331,2021-10-15,Terminal Echo,Boiler Area,Unsafe Condition,Maintenance,"While inspecting Pump P-204, Steam leak was narrowly avoided because LOTO not applied.",1,0.89,Energy Isolation,Energy Isolation,Steam leak,LOTO not applied,Pump P-204,Asphyxiation,Property Damage,pressurized equipment|live electrical,High
REP-ED593CDF,2023-10-31,Site Alpha,Pump Room,Unsafe Act,Roof Repair,"During Roof Repair, worker used the correct harness but the inspection log was not filled in for Crane C-1.",0,0.05,Work at Height,Work at Height,None,None,Crane C-1,Minor injury,None,,Low
REP-AED64029,2021-07-08,Terminal Echo,Main Workshop,Near Miss,Non-routine Task,Worker doing Non-routine Task at Process Module 4 did not sign the permit exactly on the line.,0,0.1,Work Authorization,Work Authorization,None,None,Process Module 4,Minor injury,None,,Low
REP-FA524D81,2022-01-05,Refinery Delta,Control Room,Unsafe Act,Forklift Operation,"During Forklift Operation using Forklift F-3, the load began to swing wildly. Outriggers not extended caused a loss of control, resulting in Swinging load.",1,0.84,Safe Mechanical Lifting,Safe Mechanical Lifting,Swinging load,Outriggers not extended,Forklift F-3,Crush fatality,Property Damage,heavy lifting|blind lift,High
REP-2502624E,2023-02-21,Facility Bravo,Deck 3,Incident,Inspection,"Noticed Valve V-99 had a minor weep during Inspection. LOTO was applied correctly, but cleanup was delayed.",0,0.14,Energy Isolation,Energy Isolation,None,None,Valve V-99,Minor injury,None,,Low
REP-BC93BC85,2022-04-01,Platform Charlie,Main Workshop,Incident,Site Patrol,The Pickup Truck P-12 was slightly dirty during Site Patrol.,0,0.04,Driving,Driving,None,None,Pickup Truck P-12,Minor injury,None,,Low
REP-E650B2E3,2022-09-29,Facility Bravo,Pipe Rack 2,Near Miss,Scaffolding,"During Scaffolding, worker used the correct harness but the inspection log was not filled in for Cherry Picker.",0,0.31,Work at Height,Work at Height,None,None,Cherry Picker,Minor injury,None,,Low
REP-9370BEC1,2020-09-04,Station Foxtrot,Boiler Area,Near Miss,Pressure Testing,Barricade tape for Pressure Testing near High Pressure Hose was blown down by the wind. No operations were ongoing.,0,0.23,Line of Fire,Line of Fire,None,None,High Pressure Hose,Minor injury,None,,Low
REP-3E78582B,2022-04-17,Station Foxtrot,Storage Tank A,Incident,Welding,"During Welding with Angle Grinder, Combustibles not cleared allowed slag to ignite a small fire. Fire potential was extremely high.",1,0.87,Hot Work,Hot Work,Fire,Combustibles not cleared,Angle Grinder,Fatal burns,Property Damage,flammable atmosphere|hydrocarbon presence,Medium
REP-EE14AEF5,2022-04-04,Station Foxtrot,Pipe Rack 2,Unsafe Condition,Trenching,"Worker performing Trenching on High Pressure Hose had their hands slightly close to a rough edge, causing a minor scratch.",0,0.17,Line of Fire,Line of Fire,None,None,High Pressure Hose,Minor injury,None,,Low
REP-27857DF8,2022-12-16,Station Foxtrot,Pipe Rack 2,Incident,Maintenance,"The tag for Compressor C-10 was faded during Maintenance. No Steam leak was present, but tag needs replacement.",0,0.31,Energy Isolation,Energy Isolation,None,None,Compressor C-10,Minor injury,None,,Low
REP-C81725EC,2022-10-30,Platform Charlie,Boiler Area,Incident,Alarm Testing,"Screen on Pressure Safety Valve PSV-90 was dirty, making it hard to read during Alarm Testing.",0,0.1,Bypassing Safety Controls,Bypassing Safety Controls,None,None,Pressure Safety Valve PSV-90,Minor injury,None,,Low
REP-9DBEA8A6,2022-03-19,Platform Charlie,Control Room,Unsafe Condition,Rigging,Paint on Chain Block used for Rigging is peeling off.,0,0.33,Safe Mechanical Lifting,Safe Mechanical Lifting|Driving,None,None,Chain Block,Minor injury,None,,Low
REP-E89FEC14,2020-01-08,Site Alpha,Loading Bay,Near Miss,System Maintenance,Operator logged System Maintenance for Fire & Gas Panel in the wrong logbook.,0,0.24,Bypassing Safety Controls,Bypassing Safety Controls,None,None,Fire & Gas Panel,Minor injury,None,,Low
REP-B42C3A45,2022-03-07,Station Foxtrot,Main Workshop,Near Miss,Pressure Testing,"Worker performing Pressure Testing on Winch W-2 had their hands slightly close to a rough edge, causing a minor scratch.",0,0.06,Line of Fire,Line of Fire,None,None,Winch W-2,Minor injury,None,,Low
REP-C01EF988,2022-02-19,Facility Bravo,Drilling Floor,Unsafe Act,Soldering,"During Soldering with Angle Grinder, Combustibles not cleared allowed slag to ignite a small fire. Explosion potential was extremely high.",1,0.92,Hot Work,Hot Work,Explosion,Combustibles not cleared,Angle Grinder,Fatal burns,Property Damage,ignition source|flammable atmosphere,Medium
REP-0C8630CC,2023-02-16,Facility Bravo,Control Room,Unsafe Act,Grinding,Welder doing Grinding with Angle Grinder had untucked coveralls.,0,0.14,Hot Work,Hot Work,None,None,Angle Grinder,Minor injury,None,,Low
REP-EE32925C,2022-12-27,Platform Charlie,Storage Tank A,Unsafe Condition,Grinding,"Grinding was started on Pipe Spool P-10 near a live process area. Fire watcher absent was observed, posing a massive risk of Toxic fumes.",1,0.99,Hot Work,Hot Work,Toxic fumes,Fire watcher absent,Pipe Spool P-10,Major fire,None,hydrocarbon presence|ignition source,Medium
REP-26946307,2020-03-13,Facility Bravo,Loading Bay,Incident,Material Delivery,Radio in Forklift was left on high volume after Material Delivery.,0,0.09,Driving,Driving,None,None,Forklift,Minor injury,None,,Low
REP-A94AF6C6,2020-01-23,Platform Charlie,Loading Bay,Unsafe Condition,Maintenance,"Noticed Heat Exchanger HX-2 had a minor weep during Maintenance. LOTO was applied correctly, but cleanup was delayed.",0,0.3,Energy Isolation,Energy Isolation,None,None,Heat Exchanger HX-2,Minor injury,None,,Low
REP-D4F4D51F,2022-08-09,Facility Bravo,Control Room,Unsafe Act,Vessel Welding,Worker entered Storage Tank A for Vessel Welding. Suddenly the alarm sounded. Ventilation failed meant the worker was exposed to Oxygen deficiency.,1,0.89,Confined Space,Confined Space,Oxygen deficiency,Ventilation failed,Storage Tank A,Fatality due to toxic gas,First Aid,restricted access|deep excavation,Medium
REP-8A33E675,2021-09-11,Station Foxtrot,Boiler Area,Unsafe Act,Welding,Fire extinguisher near Pipe Spool P-10 for Welding was due for monthly inspection next week.,0,0.15,Hot Work,Hot Work|Work Authorization,None,None,Pipe Spool P-10,Minor injury,None,,Low
REP-DEA9E477,2023-05-18,Refinery Delta,Pipe Rack 2,Near Miss,Material Delivery,Driver doing Material Delivery in Forklift parked slightly outside the designated lines.,0,0.09,Driving,Driving|Confined Space,None,None,Forklift,Minor injury,None,,Low
REP-8BC36278,2021-03-21,Station Foxtrot,Loading Bay,Unsafe Act,Forklift Operation,Operator of Forklift F-3 during Forklift Operation forgot his safety glasses but was in an enclosed cab.,0,0.21,Safe Mechanical Lifting,Safe Mechanical Lifting,None,None,Forklift F-3,Minor injury,None,,Low
REP-993129FC,2023-10-26,Station Foxtrot,Pump Room,Unsafe Condition,Inspection,"While preparing for Inspection on Compressor C-10, found that the lock for LOTO was slightly rusted, making it hard to use.",0,0.31,Energy Isolation,Energy Isolation,None,None,Compressor C-10,Minor injury,None,,Low
REP-852B3C07,2020-07-10,Platform Charlie,Pipe Rack 2,Incident,System Maintenance,Operator logged System Maintenance for Shutdown Valve SDV-1 in the wrong logbook.,0,0.17,Bypassing Safety Controls,Bypassing Safety Controls,None,None,Shutdown Valve SDV-1,Minor injury,None,,Low
REP-0CCC59DE,2020-11-08,Site Alpha,Drilling Floor,Near Miss,Site Patrol,"While Site Patrol with Light Vehicle, the driver was observed Speeding. This led to a near miss involving Vehicle collision.",1,0.95,Driving,Driving,Vehicle collision,Speeding,Light Vehicle,Fatal traffic accident,None,distracted driving|heavy vehicle interaction,High
REP-2D6FCCCC,2023-06-13,Platform Charlie,Main Workshop,Unsafe Act,Process Operation,"Screen on Shutdown Valve SDV-1 was dirty, making it hard to read during Process Operation.",0,0.25,Bypassing Safety Controls,Bypassing Safety Controls,None,None,Shutdown Valve SDV-1,Minor injury,None,,Low
REP-3C575B28,2020-03-05,Site Alpha,Boiler Area,Unsafe Act,Torch Cutting,"Torch Cutting was started on Oxy-Acetylene Torch near a live process area. Gas test expired was observed, posing a massive risk of Toxic fumes.",1,0.84,Hot Work,Hot Work,Toxic fumes,Gas test expired,Oxy-Acetylene Torch,Facility explosion,None,sparks|ignition source,High
REP-0F504B65,2023-12-13,Facility Bravo,Boiler Area,Unsafe Condition,Grinding,"Grinding was being performed. Tension line snapped allowed personnel to walk directly under Hydraulic Torque Wrench, posing a severe Caught between objects.",1,0.81,Line of Fire,Line of Fire,Caught between objects,Tension line snapped,Hydraulic Torque Wrench,Amputation,None,suspended load|moving machinery,High
REP-76471EB4,2020-03-09,Terminal Echo,Pump Room,Near Miss,Heavy Haulage,The Crew Bus was slightly dirty during Heavy Haulage.,0,0.24,Driving,Driving,None,None,Crew Bus,Minor injury,None,,Low
REP-D6A5CB51,2023-02-16,Terminal Echo,Loading Bay,Incident,System Maintenance,Operator logged System Maintenance for DCS System in the wrong logbook.,0,0.31,Bypassing Safety Controls,Bypassing Safety Controls,None,None,DCS System,Minor injury,None,,Low
REP-D40A707E,2022-04-29,Platform Charlie,Drilling Floor,Unsafe Act,Torch Cutting,Welder doing Torch Cutting with Welding Machine W-1 had untucked coveralls.,0,0.2,Hot Work,Hot Work,None,None,Welding Machine W-1,Minor injury,None,,Low
REP-991FC4DE,2022-06-21,Terminal Echo,Pump Room,Near Miss,Soldering,"During Soldering with Angle Grinder, Sparks falling to lower deck allowed slag to ignite a small fire. Severe burns potential was extremely high.",1,0.93,Hot Work,Hot Work,Severe burns,Sparks falling to lower deck,Angle Grinder,Facility explosion,Property Damage,sparks|flammable atmosphere,Medium
REP-B338DABF,2022-12-18,Terminal Echo,Pipe Rack 2,Unsafe Condition,Repair,"While inspecting Valve V-99, Steam leak was narrowly avoided because Bleed valve closed.",1,0.83,Energy Isolation,Energy Isolation,Steam leak,Bleed valve closed,Valve V-99,"Fire, serious injury or fatal exposure",Property Damage,live electrical|pressurized equipment,Medium
REP-87258273,2022-03-20,Facility Bravo,Drilling Floor,Unsafe Act,Forklift Operation,The horn on Overhead Gantry sounded a bit quiet during Forklift Operation.,0,0.21,Safe Mechanical Lifting,Safe Mechanical Lifting,None,None,Overhead Gantry,Minor injury,None,,Low
REP-61A752AD,2021-11-06,Facility Bravo,Deck 3,Unsafe Condition,Pipefitting,"During Pipefitting of Electrical Panel EP-5, the technician started loosening the flange while the line was still pressurized. Isolation valve was closed but Energy not verified zero. Steam leak occurred. No injury occurred but potential was high.",1,0.8,Energy Isolation,Energy Isolation,Steam leak,Energy not verified zero,Electrical Panel EP-5,Fatal electrocution,Property Damage,inadequate isolation|pressurized equipment,High
REP-0A6F4424,2021-08-18,Refinery Delta,Storage Tank A,Unsafe Act,Soldering,The welding lead for Welding Machine W-1 was slightly tangled during Soldering.,0,0.17,Hot Work,Hot Work|Energy Isolation,None,None,Welding Machine W-1,Minor injury,None,,Low
REP-7DAF36DE,2020-06-16,Refinery Delta,Deck 3,Unsafe Condition,Inspection,"The tag for Valve V-99 was faded during Inspection. No Steam leak was present, but tag needs replacement.",0,0.3,Energy Isolation,Energy Isolation,None,None,Valve V-99,Minor injury,None,,Low
REP-C5FB9110,2023-02-27,Station Foxtrot,Pump Room,Unsafe Act,Welding,"A contractor began Welding using Angle Grinder. A safety walk discovered Gas test expired, immediately stopping work due to Toxic fumes risk.",1,0.91,Hot Work,Hot Work,Toxic fumes,Gas test expired,Angle Grinder,Facility explosion,Property Damage,hydrocarbon presence|sparks,Medium
REP-07E55965,2020-01-03,Site Alpha,Loading Bay,Near Miss,Crane Lifting,Operator of Overhead Gantry during Crane Lifting forgot his safety glasses but was in an enclosed cab.,0,0.27,Safe Mechanical Lifting,Safe Mechanical Lifting,None,None,Overhead Gantry,Minor injury,None,,Low
REP-269B4B0F,2020-03-04,Site Alpha,Boiler Area,Near Miss,Maintenance,"Noticed Compressor C-10 had a minor weep during Maintenance. LOTO was applied correctly, but cleanup was delayed.",0,0.4,Energy Isolation,Energy Isolation,None,None,Compressor C-10,Minor injury,None,,Low
REP-8AEC5564,2023-03-30,Site Alpha,Loading Bay,Incident,General Maintenance,JSA for General Maintenance near Process Module 4 was printed on crumpled paper.,0,0.25,Work Authorization,Work Authorization,None,None,Process Module 4,Minor injury,None,,Low
REP-8CC8E3C1,2022-06-05,Station Foxtrot,Control Room,Unsafe Act,Welding,The welding lead for Oxy-Acetylene Torch was slightly tangled during Welding.,0,0.04,Hot Work,Hot Work|Confined Space,None,None,Oxy-Acetylene Torch,Minor injury,None,,Low
REP-974113E5,2023-12-08,Site Alpha,Storage Tank A,Unsafe Act,Transporting Personnel,Driver doing Transporting Personnel in Crew Bus parked slightly outside the designated lines.,0,0.37,Driving,Driving,None,None,Crew Bus,Minor injury,None,,Low
REP-03B89D5B,2023-09-25,Site Alpha,Loading Bay,Incident,Tank Cleaning,"Prior to Tank Cleaning in Separator V-10, it was discovered that Attendant absent. This could have led to Toxic atmosphere and potential fatality.",1,0.86,Confined Space,Confined Space,Toxic atmosphere,Attendant absent,Separator V-10,Fatality due to toxic gas,None,hazardous atmosphere|restricted access,High
REP-EE3DE91A,2022-03-06,Refinery Delta,Deck 3,Unsafe Act,Roof Repair,"Scaffolding tubes for Roof Access Ladder were stored untidily, causing a minor trip hazard during Roof Repair.",0,0.22,Work at Height,Work at Height,None,None,Roof Access Ladder,Minor injury,None,,Low
REP-ACDAEC64,2022-10-01,Station Foxtrot,Deck 3,Unsafe Condition,Grinding,"Worker performing Grinding on Hydraulic Torque Wrench had their hands slightly close to a rough edge, causing a minor scratch.",0,0.18,Line of Fire,Line of Fire,None,None,Hydraulic Torque Wrench,Minor injury,None,,Low
REP-44C0F596,2023-06-12,Terminal Echo,Loading Bay,Unsafe Condition,Heavy Haulage,"A safety camera caught Pickup Truck P-12 engaged in Heavy Haulage. The footage revealed Brakes defective, which is a precursor to Vehicle collision.",1,0.89,Driving,Driving,Vehicle collision,Brakes defective,Pickup Truck P-12,Fatal traffic accident,Property Damage,distracted driving|poor road conditions,Medium
REP-F8FA91D1,2022-05-31,Terminal Echo,Pipe Rack 2,Unsafe Act,Torch Cutting,"During Torch Cutting with Pipe Spool P-10, Combustibles not cleared allowed slag to ignite a small fire. Explosion potential was extremely high.",1,0.94,Hot Work,Hot Work,Explosion,Combustibles not cleared,Pipe Spool P-10,Facility explosion,Property Damage,flammable atmosphere|ignition source,High
REP-91F41AD5,2020-04-10,Facility Bravo,Storage Tank A,Unsafe Act,Alarm Testing,Indicator bulb on DCS System was burnt out during Alarm Testing.,0,0.04,Bypassing Safety Controls,Bypassing Safety Controls,None,None,DCS System,Minor injury,None,,Low
REP-77459C46,2023-11-17,Terminal Echo,Control Room,Unsafe Act,System Maintenance,"Screen on DCS System was dirty, making it hard to read during System Maintenance.",0,0.28,Bypassing Safety Controls,Bypassing Safety Controls,None,None,DCS System,Minor injury,None,,Low
REP-603616FA,2023-10-24,Station Foxtrot,Drilling Floor,Unsafe Act,Material Delivery,Driver doing Material Delivery in Crew Bus parked slightly outside the designated lines.,0,0.01,Driving,Driving,None,None,Crew Bus,Minor injury,None,,Low
REP-3CD930AA,2022-09-24,Platform Charlie,Boiler Area,Near Miss,Grinding,Barricade tape for Grinding near Excavator was blown down by the wind. No operations were ongoing.,0,0.27,Line of Fire,Line of Fire,None,None,Excavator,Minor injury,None,,Low
REP-B6B0730D,2023-07-08,Terminal Echo,Main Workshop,Incident,Trenching,"While conducting Trenching with Winch W-2, an IP stepped into the danger zone. Safety pin removed resulted in the worker being in the Line of Fire for Whip from parted cable.",1,0.79,Line of Fire,Line of Fire,Whip from parted cable,Safety pin removed,Winch W-2,Fatal impact,Property Damage,pinch point|pressure test,Medium
REP-70E049A4,2022-03-31,Site Alpha,Control Room,Near Miss,Alarm Testing,"Screen on DCS System was dirty, making it hard to read during Alarm Testing.",0,0.39,Bypassing Safety Controls,Bypassing Safety Controls|Safe Mechanical Lifting,None,None,DCS System,Minor injury,None,,Low
REP-D63779C0,2022-03-10,Refinery Delta,Boiler Area,Incident,Alarm Testing,Indicator bulb on Fire & Gas Panel was burnt out during Alarm Testing.,0,0.06,Bypassing Safety Controls,Bypassing Safety Controls,None,None,Fire & Gas Panel,Minor injury,None,,Low
REP-FD1B2B47,2022-03-21,Platform Charlie,Storage Tank A,Unsafe Condition,Internal Inspection,Tools used for Internal Inspection in Separator V-10 were left outside the entrance untidily.,0,0.03,Confined Space,Confined Space,None,None,Separator V-10,Minor injury,None,,Low
REP-F710AB60,2020-10-29,Platform Charlie,Boiler Area,Near Miss,Non-routine Task,Permit for Non-routine Task at Utility Area had a minor spelling mistake in the supervisor's name.,0,0.04,Work Authorization,Work Authorization,None,None,Utility Area,Minor injury,None,,Low
REP-0BAC39A9,2020-08-09,Platform Charlie,Pump Room,Near Miss,Internal Inspection,Worker entered Separator V-10 for Internal Inspection. Suddenly the alarm sounded. Rescue plan inadequate meant the worker was exposed to Engulfment.,1,0.95,Confined Space,Confined Space|Bypassing Safety Controls,Engulfment,Rescue plan inadequate,Separator V-10,Asphyxiation,None,poor ventilation|deep excavation,High
REP-A0761E6F,2020-02-04,Platform Charlie,Loading Bay,Near Miss,Repair,"While preparing for Repair on Compressor C-10, found that the lock for LOTO was slightly rusted, making it hard to use.",0,0.37,Energy Isolation,Energy Isolation,None,None,Compressor C-10,Minor injury,None,,Low
REP-52FA7025,2020-08-11,Platform Charlie,Deck 3,Near Miss,Tank Cleaning,Tools used for Tank Cleaning in Separator V-10 were left outside the entrance untidily.,0,0.1,Confined Space,Confined Space|Line of Fire,None,None,Separator V-10,Minor injury,None,,Low
REP-769E2D63,2022-09-13,Terminal Echo,Pipe Rack 2,Unsafe Condition,Heavy Haulage,Radio in Light Vehicle was left on high volume after Heavy Haulage.,0,0.19,Driving,Driving,None,None,Light Vehicle,Minor injury,None,,Low
REP-73667073,2023-06-29,Terminal Echo,Pipe Rack 2,Unsafe Act,Crane Lifting,The horn on Forklift F-3 sounded a bit quiet during Crane Lifting.,0,0.09,Safe Mechanical Lifting,Safe Mechanical Lifting,None,None,Forklift F-3,Minor injury,None,,Low
REP-2D7E8124,2023-06-16,Refinery Delta,Loading Bay,Near Miss,Maintenance,"While preparing for Maintenance on Heat Exchanger HX-2, found that the lock for LOTO was slightly rusted, making it hard to use.",0,0.21,Energy Isolation,Energy Isolation,None,None,Heat Exchanger HX-2,Minor injury,None,,Low
REP-23CACBA0,2020-10-21,Facility Bravo,Control Room,Unsafe Condition,Contractor Work,Worker doing Contractor Work at Utility Area did not sign the permit exactly on the line.,0,0.38,Work Authorization,Work Authorization,None,None,Utility Area,Minor injury,None,,Low
REP-892D37E0,2021-01-17,Terminal Echo,Pump Room,Near Miss,Forklift Operation,Operator of Forklift F-3 during Forklift Operation forgot his safety glasses but was in an enclosed cab.,0,0.23,Safe Mechanical Lifting,Safe Mechanical Lifting,None,None,Forklift F-3,Minor injury,None,,Low
REP-54B8CF72,2022-03-23,Refinery Delta,Storage Tank A,Incident,Internal Inspection,Worker entered Underground Sump for Internal Inspection. Suddenly the alarm sounded. Attendant absent meant the worker was exposed to Engulfment.,1,0.75,Confined Space,Confined Space,Engulfment,Attendant absent,Underground Sump,Loss of consciousness,First Aid,hazardous atmosphere|poor ventilation,High
REP-E376066E,2020-09-21,Site Alpha,Control Room,Near Miss,Inspection,"Noticed Heat Exchanger HX-2 had a minor weep during Inspection. LOTO was applied correctly, but cleanup was delayed.",0,0.29,Energy Isolation,Energy Isolation,None,None,Heat Exchanger HX-2,Minor injury,None,,Low
REP-89448AF1,2021-08-28,Station Foxtrot,Deck 3,Near Miss,Vessel Welding,"Prior to Vessel Welding in Reactor R-5, it was discovered that Attendant absent. This could have led to Engulfment and potential fatality.",1,0.73,Confined Space,Confined Space,Engulfment,Attendant absent,Reactor R-5,Asphyxiation,First Aid,hazardous atmosphere|deep excavation,Medium
REP-CD502501,2023-05-08,Refinery Delta,Main Workshop,Near Miss,Forklift Operation,Operator of Mobile Crane during Forklift Operation forgot his safety glasses but was in an enclosed cab.,0,0.32,Safe Mechanical Lifting,Safe Mechanical Lifting|Hot Work,None,None,Mobile Crane,Minor injury,None,,Low
REP-498B3FD7,2022-01-12,Facility Bravo,Loading Bay,Unsafe Condition,Hoisting,The horn on Forklift F-3 sounded a bit quiet during Hoisting.,0,0.28,Safe Mechanical Lifting,Safe Mechanical Lifting,None,None,Forklift F-3,Minor injury,None,,Low
REP-08FD6A02,2021-09-09,Terminal Echo,Control Room,Near Miss,General Maintenance,JSA for General Maintenance near Camp Facility was printed on crumpled paper.,0,0.1,Work Authorization,Work Authorization|Energy Isolation,None,None,Camp Facility,Minor injury,None,,Low
REP-15969996,2023-12-26,Facility Bravo,Deck 3,Near Miss,Site Patrol,Radio in Light Vehicle was left on high volume after Site Patrol.,0,0.17,Driving,Driving,None,None,Light Vehicle,Minor injury,None,,Low
REP-988B7D8E,2023-04-09,Site Alpha,Loading Bay,Unsafe Condition,Grinding,"During Grinding, a piece of non-tensioned wire from Drill Pipe was left on the floor.",0,0.36,Line of Fire,Line of Fire,None,None,Drill Pipe,Minor injury,None,,Low
REP-F98C4A18,2022-12-11,Facility Bravo,Storage Tank A,Incident,Pressure Testing,"During Pressure Testing, Hydraulic Torque Wrench failed unexpectedly. Because Barricades ignored, the worker was exposed to Whip from parted cable. Fortunately, the worker jumped back in time.",1,0.83,Line of Fire,Line of Fire,Whip from parted cable,Barricades ignored,Hydraulic Torque Wrench,Crush injury,First Aid,pinch point|tensioned line,Medium
REP-B24FE3CB,2020-01-08,Station Foxtrot,Control Room,Incident,Non-routine Task,JSA for Non-routine Task near Camp Facility was printed on crumpled paper.,0,0.17,Work Authorization,Work Authorization|Bypassing Safety Controls,None,None,Camp Facility,Minor injury,None,,Low
REP-2B1651AA,2021-03-11,Terminal Echo,Storage Tank A,Unsafe Condition,Pressure Testing,"Worker performing Pressure Testing on Drill Pipe had their hands slightly close to a rough edge, causing a minor scratch.",0,0.24,Line of Fire,Line of Fire,None,None,Drill Pipe,Minor injury,None,,Low
REP-26740FC0,2022-01-07,Station Foxtrot,Storage Tank A,Unsafe Condition,Rigging,The horn on Forklift F-3 sounded a bit quiet during Rigging.,0,0.36,Safe Mechanical Lifting,Safe Mechanical Lifting,None,None,Forklift F-3,Minor injury,None,,Low
REP-2E949725,2023-08-31,Platform Charlie,Loading Bay,Near Miss,Pipefitting,"Noticed Valve V-99 had a minor weep during Pipefitting. LOTO was applied correctly, but cleanup was delayed.",0,0.09,Energy Isolation,Energy Isolation,None,None,Valve V-99,Minor injury,None,,Low
REP-C86C0A7B,2021-04-26,Refinery Delta,Pipe Rack 2,Unsafe Act,Crane Lifting,The horn on Mobile Crane sounded a bit quiet during Crane Lifting.,0,0.35,Safe Mechanical Lifting,Safe Mechanical Lifting|Hot Work,None,None,Mobile Crane,Minor injury,None,,Low
REP-8E804394,2021-11-23,Terminal Echo,Drilling Floor,Near Miss,Repair,"Noticed Heat Exchanger HX-2 had a minor weep during Repair. LOTO was applied correctly, but cleanup was delayed.",0,0.28,Energy Isolation,Energy Isolation,None,None,Heat Exchanger HX-2,Minor injury,None,,Low
REP-DBA89364,2021-03-03,Refinery Delta,Loading Bay,Incident,Site Patrol,The Light Vehicle was slightly dirty during Site Patrol.,0,0.37,Driving,Driving,None,None,Light Vehicle,Minor injury,None,,Low
REP-C8BCA72D,2022-01-09,Terminal Echo,Storage Tank A,Unsafe Act,General Maintenance,JSA for General Maintenance near Camp Facility was printed on crumpled paper.,0,0.23,Work Authorization,Work Authorization,None,None,Camp Facility,Minor injury,None,,Low
REP-E0096DDE,2022-06-04,Refinery Delta,Boiler Area,Unsafe Condition,Crane Lifting,A heavy skid was being moved during Crane Lifting. Overloaded crane led to a near miss involving Swinging load near Chain Block.,1,0.86,Safe Mechanical Lifting,Safe Mechanical Lifting,Swinging load,Overloaded crane,Chain Block,Multiple serious injuries,None,suspended load|blind lift,High
REP-6BC80D60,2020-01-01,Platform Charlie,Main Workshop,Unsafe Condition,Pipefitting,"While inspecting Valve V-99, Pressurized hydrocarbon release was narrowly avoided because Bleed valve closed.",1,0.73,Energy Isolation,Energy Isolation|Line of Fire,Pressurized hydrocarbon release,Bleed valve closed,Valve V-99,"Fire, serious injury or fatal exposure",Property Damage,stored energy|inadequate isolation,High
REP-A6A8B4AB,2022-12-10,Refinery Delta,Deck 3,Incident,System Maintenance,Indicator bulb on Shutdown Valve SDV-1 was burnt out during System Maintenance.,0,0.35,Bypassing Safety Controls,Bypassing Safety Controls,None,None,Shutdown Valve SDV-1,Minor injury,None,,Low
REP-8D3C2896,2020-02-24,Refinery Delta,Control Room,Incident,Rigging,Operator of Mobile Crane during Rigging forgot his safety glasses but was in an enclosed cab.,0,0.27,Safe Mechanical Lifting,Safe Mechanical Lifting,None,None,Mobile Crane,Minor injury,None,,Low
REP-FF5D9BBA,2022-07-27,Facility Bravo,Storage Tank A,Near Miss,Internal Inspection,The entry log for Reactor R-5 during Internal Inspection was smudged with dirt.,0,0.31,Confined Space,Confined Space,None,None,Reactor R-5,Minor injury,None,,Low
REP-12363904,2023-08-15,Platform Charlie,Drilling Floor,Incident,Lifting,"Lifting was being performed. Safety pin removed allowed personnel to walk directly under Excavator, posing a severe Caught between objects.",1,0.99,Line of Fire,Line of Fire,Caught between objects,Safety pin removed,Excavator,Severe lacerations,Property Damage,moving machinery|pressure test,Medium
REP-CB58E8BF,2021-02-25,Station Foxtrot,Boiler Area,Incident,Grinding,"During Grinding, a piece of non-tensioned wire from High Pressure Hose was left on the floor.",0,0.27,Line of Fire,Line of Fire,None,None,High Pressure Hose,Minor injury,None,,Low
REP-8F414655,2021-08-23,Facility Bravo,Loading Bay,Incident,Alarm Testing,Operator engaged in Alarm Testing admitted to bypassing safety logic on Fire & Gas Panel. Override left active is a severe breach leading to Equipment destruction.,1,0.85,Bypassing Safety Controls,Bypassing Safety Controls|Hot Work,Equipment destruction,Override left active,Fire & Gas Panel,Major explosion,Property Damage,unauthorized override|disabled safety device,High
REP-795D85C7,2021-12-19,Terminal Echo,Storage Tank A,Near Miss,General Maintenance,JSA for General Maintenance near Workshop was printed on crumpled paper.,0,0.36,Work Authorization,Work Authorization,None,None,Workshop,Minor injury,None,,Low
REP-F2DDCD67,2021-12-25,Station Foxtrot,Loading Bay,Near Miss,Heavy Haulage,Radio in Forklift was left on high volume after Heavy Haulage.,0,0.04,Driving,Driving,None,None,Forklift,Minor injury,None,,Low
REP-7747E58E,2023-08-18,Site Alpha,Pipe Rack 2,Near Miss,Hoisting,Paint on Mobile Crane used for Hoisting is peeling off.,0,0.08,Safe Mechanical Lifting,Safe Mechanical Lifting,None,None,Mobile Crane,Minor injury,None,,Low
REP-28C40C2F,2021-12-16,Platform Charlie,Pipe Rack 2,Unsafe Act,Heavy Haulage,Driver doing Heavy Haulage in Crew Bus parked slightly outside the designated lines.,0,0.32,Driving,Driving,None,None,Crew Bus,Minor injury,None,,Low
REP-BEC68F73,2023-05-28,Site Alpha,Loading Bay,Incident,Non-routine Task,Worker doing Non-routine Task at Process Module 4 did not sign the permit exactly on the line.,0,0.08,Work Authorization,Work Authorization,None,None,Process Module 4,Minor injury,None,,Low
REP-64E84053,2022-03-02,Facility Bravo,Boiler Area,Near Miss,Crane Lifting,The horn on Overhead Gantry sounded a bit quiet during Crane Lifting.,0,0.15,Safe Mechanical Lifting,Safe Mechanical Lifting,None,None,Overhead Gantry,Minor injury,None,,Low
REP-4EF60066,2021-02-17,Platform Charlie,Storage Tank A,Incident,Welding,Fire extinguisher near Welding Machine W-1 for Welding was due for monthly inspection next week.,0,0.18,Hot Work,Hot Work,None,None,Welding Machine W-1,Minor injury,None,,Low
REP-FEA8886C,2023-03-14,Terminal Echo,Control Room,Near Miss,System Maintenance,Indicator bulb on Shutdown Valve SDV-1 was burnt out during System Maintenance.,0,0.33,Bypassing Safety Controls,Bypassing Safety Controls,None,None,Shutdown Valve SDV-1,Minor injury,None,,Low
REP-4BD1FA6B,2022-12-28,Site Alpha,Drilling Floor,Unsafe Act,Lifting,"Lifting was being performed. Standing in pinch point allowed personnel to walk directly under Drill Pipe, posing a severe Whip from parted cable.",1,0.84,Line of Fire,Line of Fire,Whip from parted cable,Standing in pinch point,Drill Pipe,Crush injury,First Aid,tensioned line|suspended load,Medium
REP-84EC1431,2020-02-14,Refinery Delta,Deck 3,Near Miss,Site Patrol,The Light Vehicle was slightly dirty during Site Patrol.,0,0.4,Driving,Driving,None,None,Light Vehicle,Minor injury,None,,Low
REP-A5AED2E1,2023-08-06,Station Foxtrot,Boiler Area,Incident,Soldering,The welding lead for Oxy-Acetylene Torch was slightly tangled during Soldering.,0,0.27,Hot Work,Hot Work,None,None,Oxy-Acetylene Torch,Minor injury,None,,Low
REP-6ED82847,2023-05-13,Facility Bravo,Loading Bay,Incident,General Maintenance,"During a walkaround, found personnel doing General Maintenance on Camp Facility. Expired permit meant they had no controls for Uncontrolled work.",1,0.72,Work Authorization,Work Authorization,Uncontrolled work,Expired permit,Camp Facility,Process incident,None,inadequate planning|unauthorized work,Medium
REP-1CC13E9C,2021-09-01,Station Foxtrot,Deck 3,Unsafe Condition,Vessel Welding,Tools used for Vessel Welding in Storage Tank A were left outside the entrance untidily.,0,0.24,Confined Space,Confined Space,None,None,Storage Tank A,Minor injury,None,,Low
REP-0A312227,2020-04-01,Station Foxtrot,Storage Tank A,Near Miss,Internal Inspection,Tools used for Internal Inspection in Reactor R-5 were left outside the entrance untidily.,0,0.04,Confined Space,Confined Space,None,None,Reactor R-5,Minor injury,None,,Low
REP-D96F91C2,2022-12-23,Station Foxtrot,Main Workshop,Unsafe Condition,Pipefitting,"While inspecting Electrical Panel EP-5, Pressurized hydrocarbon release was narrowly avoided because Padlock missing.",1,0.9,Energy Isolation,Energy Isolation,Pressurized hydrocarbon release,Padlock missing,Electrical Panel EP-5,"Fire, serious injury or fatal exposure",First Aid,toxic fluid|inadequate isolation,High
REP-4F7C7881,2020-01-15,Platform Charlie,Main Workshop,Unsafe Condition,Internal Inspection,"Worker doing Internal Inspection in Underground Sump complained about poor lighting, though gas levels were normal.",0,0.28,Confined Space,Confined Space,None,None,Underground Sump,Minor injury,None,,Low
REP-9D956736,2021-06-08,Facility Bravo,Deck 3,Incident,Transporting Personnel,Driver doing Transporting Personnel in Light Vehicle parked slightly outside the designated lines.,0,0.32,Driving,Driving,None,None,Light Vehicle,Minor injury,None,,Low
REP-EF93A567,2021-02-13,Facility Bravo,Pump Room,Incident,Site Patrol,Radio in Light Vehicle was left on high volume after Site Patrol.,0,0.09,Driving,Driving,None,None,Light Vehicle,Minor injury,None,,Low
REP-1794EC09,2021-02-27,Station Foxtrot,Pump Room,Unsafe Condition,Soldering,Fire extinguisher near Welding Machine W-1 for Soldering was due for monthly inspection next week.,0,0.15,Hot Work,Hot Work,None,None,Welding Machine W-1,Minor injury,None,,Low
REP-C5027472,2022-03-29,Platform Charlie,Main Workshop,Unsafe Act,System Maintenance,Operator logged System Maintenance for Pressure Safety Valve PSV-90 in the wrong logbook.,0,0.34,Bypassing Safety Controls,Bypassing Safety Controls,None,None,Pressure Safety Valve PSV-90,Minor injury,None,,Low
REP-5C9F4898,2020-11-30,Site Alpha,Deck 3,Unsafe Condition,Pipefitting,"The tag for Heat Exchanger HX-2 was faded during Pipefitting. No H2S exposure was present, but tag needs replacement.",0,0.19,Energy Isolation,Energy Isolation,None,None,Heat Exchanger HX-2,Minor injury,None,,Low
REP-7F6CB8D6,2020-10-13,Station Foxtrot,Pump Room,Incident,Grinding,Fire extinguisher near Welding Machine W-1 for Grinding was due for monthly inspection next week.,0,0.38,Hot Work,Hot Work,None,None,Welding Machine W-1,Minor injury,None,,Low
REP-7D62A6FF,2023-12-22,Refinery Delta,Loading Bay,Near Miss,Lifting,"During Lifting, a piece of non-tensioned wire from Excavator was left on the floor.",0,0.22,Line of Fire,Line of Fire,None,None,Excavator,Minor injury,None,,Low
REP-D1692FBC,2022-12-13,Site Alpha,Drilling Floor,Unsafe Act,Non-routine Task,Worker doing Non-routine Task at Camp Facility did not sign the permit exactly on the line.,0,0.14,Work Authorization,Work Authorization,None,None,Camp Facility,Minor injury,None,,Low
REP-848815AE,2020-07-20,Terminal Echo,Drilling Floor,Unsafe Condition,General Maintenance,JSA for General Maintenance near Workshop was printed on crumpled paper.,0,0.35,Work Authorization,Work Authorization,None,None,Workshop,Minor injury,None,,Low
REP-227AF1C8,2022-05-16,Station Foxtrot,Drilling Floor,Near Miss,Soldering,Fire extinguisher near Pipe Spool P-10 for Soldering was due for monthly inspection next week.,0,0.06,Hot Work,Hot Work,None,None,Pipe Spool P-10,Minor injury,None,,Low
REP-4F3AEECA,2020-08-23,Station Foxtrot,Drilling Floor,Unsafe Act,Heavy Haulage,Radio in Forklift was left on high volume after Heavy Haulage.,0,0.12,Driving,Driving,None,None,Forklift,Minor injury,None,,Low
REP-E24C9C71,2022-04-25,Terminal Echo,Drilling Floor,Near Miss,Torquing,"During Torquing, a piece of non-tensioned wire from Excavator was left on the floor.",0,0.37,Line of Fire,Line of Fire,None,None,Excavator,Minor injury,None,,Low
REP-6B01C930,2021-11-06,Platform Charlie,Control Room,Incident,Internal Inspection,The entry log for Underground Sump during Internal Inspection was smudged with dirt.,0,0.18,Confined Space,Confined Space,None,None,Underground Sump,Minor injury,None,,Low
REP-F9C22D56,2020-10-30,Platform Charlie,Loading Bay,Incident,Contractor Work,Permit for Contractor Work at Utility Area had a minor spelling mistake in the supervisor's name.,0,0.21,Work Authorization,Work Authorization,None,None,Utility Area,Minor injury,None,,Low
REP-7E06DAB5,2023-03-11,Station Foxtrot,Storage Tank A,Incident,Maintenance,"The tag for Valve V-99 was faded during Maintenance. No Pressurized hydrocarbon release was present, but tag needs replacement.",0,0.33,Energy Isolation,Energy Isolation,None,None,Valve V-99,Minor injury,None,,Low
REP-9F008AF9,2022-01-15,Terminal Echo,Loading Bay,Near Miss,Roof Repair,Worker's chin strap on helmet was loose during Roof Repair on Roof Access Ladder.,0,0.07,Work at Height,Work at Height,None,None,Roof Access Ladder,Minor injury,None,,Low
REP-21FE5DED,2023-10-23,Refinery Delta,Storage Tank A,Near Miss,Grinding,"Worker performing Grinding on High Pressure Hose had their hands slightly close to a rough edge, causing a minor scratch.",0,0.2,Line of Fire,Line of Fire,None,None,High Pressure Hose,Minor injury,None,,Low
REP-37D3FEDE,2023-02-12,Facility Bravo,Main Workshop,Near Miss,Structural Inspection,"During Structural Inspection, a 5kg wrench was dropped from Pipe Rack Level 3. Scaffold tag missing meant the area below was not clear. Fall from height was a near miss.",1,0.78,Work at Height,Work at Height,Fall from height,Scaffold tag missing,Pipe Rack Level 3,Serious head injury from dropped object,First Aid,working aloft|edge proximity,High
REP-8C7828FB,2023-09-09,Refinery Delta,Storage Tank A,Incident,Torch Cutting,The welding lead for Pipe Spool P-10 was slightly tangled during Torch Cutting.,0,0.32,Hot Work,Hot Work,None,None,Pipe Spool P-10,Minor injury,None,,Low
REP-D7D93F1B,2020-06-30,Platform Charlie,Drilling Floor,Incident,Site Patrol,The Pickup Truck P-12 was slightly dirty during Site Patrol.,0,0.04,Driving,Driving|Bypassing Safety Controls,None,None,Pickup Truck P-12,Minor injury,None,,Low
REP-370525DA,2023-06-15,Station Foxtrot,Loading Bay,Unsafe Act,Lifting,"Worker performing Lifting on Drill Pipe had their hands slightly close to a rough edge, causing a minor scratch.",0,0.31,Line of Fire,Line of Fire,None,None,Drill Pipe,Minor injury,None,,Low
REP-372D1C6E,2022-01-26,Facility Bravo,Boiler Area,Unsafe Act,Process Operation,Indicator bulb on Fire & Gas Panel was burnt out during Process Operation.,0,0.05,Bypassing Safety Controls,Bypassing Safety Controls,None,None,Fire & Gas Panel,Minor injury,None,,Low
REP-361E9584,2023-09-25,Station Foxtrot,Loading Bay,Incident,Crane Lifting,"Crane Lifting was taking place with Mobile Crane. It was found that Damaged slings used, which is a severe violation that could result in Crane tip-over.",1,0.87,Safe Mechanical Lifting,Safe Mechanical Lifting,Crane tip-over,Damaged slings used,Mobile Crane,Multiple serious injuries,None,dynamic loading|suspended load,Medium
REP-5D7EEFC0,2022-06-04,Refinery Delta,Loading Bay,Near Miss,Rigging,"Scaffolding tubes for Cherry Picker were stored untidily, causing a minor trip hazard during Rigging.",0,0.31,Work at Height,Work at Height,None,None,Cherry Picker,Minor injury,None,,Low
REP-AB70FAF4,2021-07-23,Facility Bravo,Storage Tank A,Near Miss,Lifting,"During Lifting, a piece of non-tensioned wire from Drill Pipe was left on the floor.",0,0.12,Line of Fire,Line of Fire,None,None,Drill Pipe,Minor injury,None,,Low
REP-A0F4D31E,2023-05-01,Station Foxtrot,Drilling Floor,Unsafe Act,Repair,"While preparing for Repair on Valve V-99, found that the lock for LOTO was slightly rusted, making it hard to use.",0,0.1,Energy Isolation,Energy Isolation,None,None,Valve V-99,Minor injury,None,,Low
REP-5589BA5A,2020-06-29,Platform Charlie,Main Workshop,Incident,Heavy Haulage,Radio in Forklift was left on high volume after Heavy Haulage.,0,0.18,Driving,Driving,None,None,Forklift,Minor injury,None,,Low
REP-3DB4D771,2021-02-05,Terminal Echo,Main Workshop,Unsafe Act,Vessel Welding,"Worker doing Vessel Welding in Underground Sump complained about poor lighting, though gas levels were normal.",0,0.26,Confined Space,Confined Space,None,None,Underground Sump,Minor injury,None,,Low
REP-0FAEBDF2,2020-09-06,Station Foxtrot,Pipe Rack 2,Unsafe Condition,Alarm Testing,"Screen on DCS System was dirty, making it hard to read during Alarm Testing.",0,0.03,Bypassing Safety Controls,Bypassing Safety Controls,None,None,DCS System,Minor injury,None,,Low
REP-BBC6B086,2022-09-22,Station Foxtrot,Pipe Rack 2,Near Miss,Pressure Testing,"During Pressure Testing, a piece of non-tensioned wire from Hydraulic Torque Wrench was left on the floor.",0,0.09,Line of Fire,Line of Fire,None,None,Hydraulic Torque Wrench,Minor injury,None,,Low
REP-FD3A5811,2021-11-02,Terminal Echo,Storage Tank A,Near Miss,Alarm Testing,"Audit of DCS System post-Alarm Testing revealed Override left active. Without this protection, Overpressure could have occurred.",1,0.77,Bypassing Safety Controls,Bypassing Safety Controls,Overpressure,Override left active,DCS System,Catastrophic release,First Aid,ignored alarm|bypassed interlock,High
REP-02FC0C03,2020-09-26,Refinery Delta,Control Room,Incident,Non-routine Task,JSA for Non-routine Task near Camp Facility was printed on crumpled paper.,0,0.14,Work Authorization,Work Authorization,None,None,Camp Facility,Minor injury,None,,Low
REP-8F47EE23,2022-06-08,Platform Charlie,Loading Bay,Near Miss,Hoisting,The horn on Forklift F-3 sounded a bit quiet during Hoisting.,0,0.11,Safe Mechanical Lifting,Safe Mechanical Lifting,None,None,Forklift F-3,Minor injury,None,,Low
REP-AC7A3E9F,2020-07-23,Platform Charlie,Boiler Area,Unsafe Act,Lifting,"During Lifting, a piece of non-tensioned wire from Winch W-2 was left on the floor.",0,0.11,Line of Fire,Line of Fire,None,None,Winch W-2,Minor injury,None,,Low
REP-023F9290,2023-01-17,Site Alpha,Main Workshop,Unsafe Condition,Rigging,Worker observed performing Rigging on Scaffold Tower B at 15 meters. It was noted that Harness not clipped. A Unstable platform could have resulted in a fatality.,1,0.79,Work at Height,Work at Height,Unstable platform,Harness not clipped,Scaffold Tower B,Serious head injury from dropped object,None,working aloft|unsecured tools,High
REP-B676643A,2023-11-17,Station Foxtrot,Pump Room,Near Miss,Trenching,"During Trenching, a piece of non-tensioned wire from Drill Pipe was left on the floor.",0,0.27,Line of Fire,Line of Fire,None,None,Drill Pipe,Minor injury,None,,Low
REP-7A1FFAE8,2020-09-16,Terminal Echo,Deck 3,Near Miss,Vessel Welding,Worker entered Storage Tank A for Vessel Welding. Suddenly the alarm sounded. Rescue plan inadequate meant the worker was exposed to Toxic atmosphere.,1,0.71,Confined Space,Confined Space,Toxic atmosphere,Rescue plan inadequate,Storage Tank A,Asphyxiation,None,restricted access|poor ventilation,High
REP-1D77E023,2020-07-14,Site Alpha,Main Workshop,Unsafe Condition,Rigging,Operator of Overhead Gantry during Rigging forgot his safety glasses but was in an enclosed cab.,0,0.25,Safe Mechanical Lifting,Safe Mechanical Lifting,None,None,Overhead Gantry,Minor injury,None,,Low
REP-E7141C37,2020-06-06,Site Alpha,Boiler Area,Unsafe Condition,Material Delivery,The Pickup Truck P-12 was slightly dirty during Material Delivery.,0,0.03,Driving,Driving,None,None,Pickup Truck P-12,Minor injury,None,,Low
REP-51552EE8,2023-06-02,Facility Bravo,Control Room,Near Miss,Heavy Haulage,"While Heavy Haulage with Crew Bus, the driver was observed Seatbelt not worn. This led to a near miss involving Pedestrian impact.",1,0.71,Driving,Driving,Pedestrian impact,Seatbelt not worn,Crew Bus,Severe whiplash,None,heavy vehicle interaction|high speed,Medium
REP-674018DD,2021-12-29,Platform Charlie,Pipe Rack 2,Unsafe Act,Painting,Worker observed performing Painting on Roof Access Ladder at 15 meters. It was noted that Lanyard defective. A Open grating could have resulted in a fatality.,1,0.76,Work at Height,Work at Height,Open grating,Lanyard defective,Roof Access Ladder,Serious head injury from dropped object,First Aid,working aloft|unsecured tools,Medium
REP-2BA057AE,2022-04-09,Station Foxtrot,Control Room,Unsafe Act,Torquing,"Worker performing Torquing on High Pressure Hose had their hands slightly close to a rough edge, causing a minor scratch.",0,0.27,Line of Fire,Line of Fire,None,None,High Pressure Hose,Minor injury,None,,Low
REP-66313BBE,2022-08-04,Site Alpha,Deck 3,Unsafe Condition,Welding,"During Welding with Welding Machine W-1, Gas test expired allowed slag to ignite a small fire. Fire potential was extremely high.",1,0.71,Hot Work,Hot Work,Fire,Gas test expired,Welding Machine W-1,Fatal burns,First Aid,hydrocarbon presence|sparks,Medium
REP-729BC7EA,2021-04-18,Site Alpha,Drilling Floor,Near Miss,Transporting Personnel,"While Transporting Personnel with Forklift, the driver was observed Brakes defective. This led to a near miss involving Loss of control.",1,0.87,Driving,Driving,Loss of control,Brakes defective,Forklift,Fatal traffic accident,Property Damage,distracted driving|heavy vehicle interaction,Medium
REP-5183C6B5,2023-12-17,Terminal Echo,Loading Bay,Unsafe Act,Welding,Welder doing Welding with Pipe Spool P-10 had untucked coveralls.,0,0.35,Hot Work,Hot Work,None,None,Pipe Spool P-10,Minor injury,None,,Low
REP-56201C16,2020-05-20,Station Foxtrot,Deck 3,Near Miss,Grinding,"Grinding was being performed. Safety pin removed allowed personnel to walk directly under Excavator, posing a severe Caught between objects.",1,0.71,Line of Fire,Line of Fire,Caught between objects,Safety pin removed,Excavator,Fatal impact,First Aid,moving machinery|tensioned line,Medium
REP-37212D5A,2021-04-04,Refinery Delta,Loading Bay,Unsafe Condition,Transporting Personnel,Driver doing Transporting Personnel in Crew Bus parked slightly outside the designated lines.,0,0.29,Driving,Driving,None,None,Crew Bus,Minor injury,None,,Low
REP-8065B45E,2022-04-10,Platform Charlie,Loading Bay,Incident,Non-routine Task,Critical Non-routine Task on Utility Area proceeded despite Wrong permit type. This breakdown in authorization risked Uncontrolled work.,1,0.94,Work Authorization,Work Authorization,Uncontrolled work,Wrong permit type,Utility Area,Serious injury due to lack of hazard awareness,None,unauthorized work|inadequate planning,High
REP-9EE7937E,2023-06-28,Facility Bravo,Pipe Rack 2,Unsafe Condition,Inspection,"While preparing for Inspection on Pump P-204, found that the lock for LOTO was slightly rusted, making it hard to use.",0,0.28,Energy Isolation,Energy Isolation,None,None,Pump P-204,Minor injury,None,,Low
REP-93633466,2020-03-16,Platform Charlie,Deck 3,Incident,General Maintenance,Worker doing General Maintenance at Camp Facility did not sign the permit exactly on the line.,0,0.18,Work Authorization,Work Authorization,None,None,Camp Facility,Minor injury,None,,Low
REP-EAD3D1BA,2023-05-27,Terminal Echo,Loading Bay,Unsafe Condition,Vessel Welding,The entry log for Separator V-10 during Vessel Welding was smudged with dirt.,0,0.31,Confined Space,Confined Space,None,None,Separator V-10,Minor injury,None,,Low
REP-69347E11,2022-02-28,Platform Charlie,Main Workshop,Near Miss,Roof Repair,"During Roof Repair, worker used the correct harness but the inspection log was not filled in for Cherry Picker.",0,0.13,Work at Height,Work at Height,None,None,Cherry Picker,Minor injury,None,,Low
REP-08290EBE,2022-03-13,Facility Bravo,Pump Room,Incident,Grinding,Welder doing Grinding with Oxy-Acetylene Torch had untucked coveralls.,0,0.23,Hot Work,Hot Work,None,None,Oxy-Acetylene Torch,Minor injury,None,,Low
REP-3BC7E08A,2023-07-17,Station Foxtrot,Storage Tank A,Unsafe Act,Soldering,Welder doing Soldering with Angle Grinder had untucked coveralls.,0,0.31,Hot Work,Hot Work,None,None,Angle Grinder,Minor injury,None,,Low
REP-0FF0D4E0,2021-07-24,Terminal Echo,Pump Room,Unsafe Act,Alarm Testing,"While investigating DCS System, it was found that Interlock bridged during Alarm Testing. This exposed the facility to Process safety event.",1,0.87,Bypassing Safety Controls,Bypassing Safety Controls,Process safety event,Interlock bridged,DCS System,Multiple fatalities,Property Damage,bypassed interlock|unauthorized override,Medium
REP-9338C822,2023-09-30,Station Foxtrot,Pipe Rack 2,Incident,Maintenance,"While preparing for Maintenance on Compressor C-10, found that the lock for LOTO was slightly rusted, making it hard to use.",0,0.37,Energy Isolation,Energy Isolation,None,None,Compressor C-10,Minor injury,None,,Low
REP-1F8A1529,2020-07-24,Site Alpha,Drilling Floor,Incident,Contractor Work,Permit for Contractor Work at Process Module 4 had a minor spelling mistake in the supervisor's name.,0,0.35,Work Authorization,Work Authorization,None,None,Process Module 4,Minor injury,None,,Low
REP-ACF245A0,2023-02-26,Station Foxtrot,Deck 3,Unsafe Condition,System Maintenance,Operator logged System Maintenance for Shutdown Valve SDV-1 in the wrong logbook.,0,0.16,Bypassing Safety Controls,Bypassing Safety Controls,None,None,Shutdown Valve SDV-1,Minor injury,None,,Low
REP-76C08F3A,2020-04-01,Site Alpha,Control Room,Near Miss,Welding,"A contractor began Welding using Angle Grinder. A safety walk discovered Sparks falling to lower deck, immediately stopping work due to Severe burns risk.",1,0.85,Hot Work,Hot Work,Severe burns,Sparks falling to lower deck,Angle Grinder,Major fire,First Aid,hydrocarbon presence|flammable atmosphere,Medium
REP-8B056A4C,2022-10-14,Platform Charlie,Pipe Rack 2,Incident,Non-routine Task,"Crew commenced Non-routine Task at Utility Area but Expired permit. Unaware of SIMOPS, they were exposed to Uncontrolled work.",1,0.91,Work Authorization,Work Authorization,Uncontrolled work,Expired permit,Utility Area,Process incident,Property Damage,unauthorized work|simops,High
REP-A7617168,2023-01-04,Facility Bravo,Drilling Floor,Incident,Rigging,Operator of Chain Block during Rigging forgot his safety glasses but was in an enclosed cab.,0,0.13,Safe Mechanical Lifting,Safe Mechanical Lifting,None,None,Chain Block,Minor injury,None,,Low
REP-C3E1B5CE,2021-06-04,Refinery Delta,Deck 3,Unsafe Condition,General Maintenance,Worker doing General Maintenance at Workshop did not sign the permit exactly on the line.,0,0.16,Work Authorization,Work Authorization,None,None,Workshop,Minor injury,None,,Low
REP-15A0D156,2020-06-05,Facility Bravo,Pipe Rack 2,Incident,General Maintenance,Permit for General Maintenance at Process Module 4 had a minor spelling mistake in the supervisor's name.,0,0.09,Work Authorization,Work Authorization,None,None,Process Module 4,Minor injury,None,,Low
REP-7B4422BB,2023-11-13,Facility Bravo,Pump Room,Unsafe Condition,Repair,"While preparing for Repair on Valve V-99, found that the lock for LOTO was slightly rusted, making it hard to use.",0,0.08,Energy Isolation,Energy Isolation,None,None,Valve V-99,Minor injury,None,,Low
REP-17622000,2023-04-21,Facility Bravo,Main Workshop,Near Miss,Rigging,Operator of Overhead Gantry during Rigging forgot his safety glasses but was in an enclosed cab.,0,0.34,Safe Mechanical Lifting,Safe Mechanical Lifting,None,None,Overhead Gantry,Minor injury,None,,Low
REP-DC989AFB,2021-05-15,Terminal Echo,Main Workshop,Incident,Vessel Welding,Worker entered Separator V-10 for Vessel Welding. Suddenly the alarm sounded. Attendant absent meant the worker was exposed to Oxygen deficiency.,1,0.85,Confined Space,Confined Space,Oxygen deficiency,Attendant absent,Separator V-10,Loss of consciousness,None,deep excavation|poor ventilation,High
REP-A0C94A8D,2020-05-31,Facility Bravo,Main Workshop,Unsafe Condition,Repair,"While preparing for Repair on Electrical Panel EP-5, found that the lock for LOTO was slightly rusted, making it hard to use.",0,0.13,Energy Isolation,Energy Isolation,None,None,Electrical Panel EP-5,Minor injury,None,,Low
REP-6B99A310,2020-10-15,Refinery Delta,Boiler Area,Unsafe Act,Grinding,Welder doing Grinding with Oxy-Acetylene Torch had untucked coveralls.,0,0.34,Hot Work,Hot Work,None,None,Oxy-Acetylene Torch,Minor injury,None,,Low
REP-99746E4A,2021-01-16,Terminal Echo,Main Workshop,Unsafe Condition,Transporting Personnel,Driver doing Transporting Personnel in Vacuum Truck parked slightly outside the designated lines.,0,0.4,Driving,Driving,None,None,Vacuum Truck,Minor injury,None,,Low
REP-3031890E,2023-04-01,Station Foxtrot,Main Workshop,Near Miss,Roof Repair,"During Roof Repair, a 5kg wrench was dropped from Cherry Picker. Lanyard defective meant the area below was not clear. Open grating was a near miss.",1,0.7,Work at Height,Work at Height,Open grating,Lanyard defective,Cherry Picker,Fatality from fall,None,edge proximity|missing fall protection,High
REP-D54B3CC8,2021-12-15,Platform Charlie,Boiler Area,Unsafe Act,Maintenance,"While preparing for Maintenance on Pump P-204, found that the lock for LOTO was slightly rusted, making it hard to use.",0,0.25,Energy Isolation,Energy Isolation,None,None,Pump P-204,Minor injury,None,,Low
REP-90AFCBEC,2023-07-09,Terminal Echo,Loading Bay,Near Miss,Maintenance,"Noticed Heat Exchanger HX-2 had a minor weep during Maintenance. LOTO was applied correctly, but cleanup was delayed.",0,0.38,Energy Isolation,Energy Isolation,None,None,Heat Exchanger HX-2,Minor injury,None,,Low
REP-7D189D8F,2022-01-26,Refinery Delta,Pump Room,Unsafe Act,Grinding,Welder doing Grinding with Oxy-Acetylene Torch had untucked coveralls.,0,0.13,Hot Work,Hot Work,None,None,Oxy-Acetylene Torch,Minor injury,None,,Low
REP-D74CDED8,2020-11-29,Site Alpha,Boiler Area,Unsafe Act,System Maintenance,Operator logged System Maintenance for Pressure Safety Valve PSV-90 in the wrong logbook.,0,0.17,Bypassing Safety Controls,Bypassing Safety Controls,None,None,Pressure Safety Valve PSV-90,Minor injury,None,,Low
REP-BFFF5F7F,2020-06-19,Refinery Delta,Loading Bay,Near Miss,Torch Cutting,The welding lead for Pipe Spool P-10 was slightly tangled during Torch Cutting.,0,0.34,Hot Work,Hot Work,None,None,Pipe Spool P-10,Minor injury,None,,Low
REP-86323452,2022-12-12,Site Alpha,Pump Room,Incident,System Maintenance,"While investigating DCS System, it was found that Safety valve isolated during System Maintenance. This exposed the facility to Loss of containment.",1,0.93,Bypassing Safety Controls,Bypassing Safety Controls,Loss of containment,Safety valve isolated,DCS System,Catastrophic release,Property Damage,disabled safety device|bypassed interlock,Medium
REP-4168019F,2023-07-20,Site Alpha,Control Room,Near Miss,Welding,Welder doing Welding with Pipe Spool P-10 had untucked coveralls.,0,0.07,Hot Work,Hot Work|Work at Height,None,None,Pipe Spool P-10,Minor injury,None,,Low
REP-1B013A4D,2021-11-18,Platform Charlie,Deck 3,Unsafe Condition,Alarm Testing,"Screen on DCS System was dirty, making it hard to read during Alarm Testing.",0,0.38,Bypassing Safety Controls,Bypassing Safety Controls,None,None,DCS System,Minor injury,None,,Low
REP-2892A1D6,2020-08-26,Refinery Delta,Deck 3,Near Miss,Internal Inspection,Worker entered Reactor R-5 for Internal Inspection. Suddenly the alarm sounded. Gas test not performed meant the worker was exposed to Engulfment.,1,0.9,Confined Space,Confined Space,Engulfment,Gas test not performed,Reactor R-5,Asphyxiation,Property Damage,restricted access|hazardous atmosphere,High
REP-E1FE6369,2023-04-12,Site Alpha,Deck 3,Near Miss,Material Delivery,The Light Vehicle was slightly dirty during Material Delivery.,0,0.08,Driving,Driving,None,None,Light Vehicle,Minor injury,None,,Low
REP-453C41DA,2023-04-05,Facility Bravo,Deck 3,Near Miss,Crane Lifting,"Crane Lifting was taking place with Overhead Gantry. It was found that Outriggers not extended, which is a severe violation that could result in Dropped suspended load.",1,0.9,Safe Mechanical Lifting,Safe Mechanical Lifting,Dropped suspended load,Outriggers not extended,Overhead Gantry,Crush fatality,Property Damage,heavy lifting|blind lift,High
REP-419A6E24,2020-03-28,Facility Bravo,Pump Room,Near Miss,System Maintenance,Operator logged System Maintenance for Pressure Safety Valve PSV-90 in the wrong logbook.,0,0.13,Bypassing Safety Controls,Bypassing Safety Controls,None,None,Pressure Safety Valve PSV-90,Minor injury,None,,Low
REP-D1BC389E,2021-01-17,Terminal Echo,Deck 3,Unsafe Condition,Alarm Testing,"Screen on Shutdown Valve SDV-1 was dirty, making it hard to read during Alarm Testing.",0,0.07,Bypassing Safety Controls,Bypassing Safety Controls,None,None,Shutdown Valve SDV-1,Minor injury,None,,Low
REP-CF326A86,2021-10-03,Facility Bravo,Boiler Area,Unsafe Act,Non-routine Task,Worker doing Non-routine Task at Utility Area did not sign the permit exactly on the line.,0,0.23,Work Authorization,Work Authorization,None,None,Utility Area,Minor injury,None,,Low
REP-C42C921A,2022-12-28,Facility Bravo,Loading Bay,Near Miss,Maintenance,"While preparing for Maintenance on Pump P-204, found that the lock for LOTO was slightly rusted, making it hard to use.",0,0.17,Energy Isolation,Energy Isolation,None,None,Pump P-204,Minor injury,None,,Low
REP-F6D34482,2020-10-12,Platform Charlie,Loading Bay,Near Miss,Crane Lifting,"During Crane Lifting using Forklift F-3, the load began to swing wildly. Outriggers not extended caused a loss of control, resulting in Crane tip-over.",1,0.88,Safe Mechanical Lifting,Safe Mechanical Lifting,Crane tip-over,Outriggers not extended,Forklift F-3,Structural collapse,None,dynamic loading|heavy lifting,Medium
REP-ABCCC86B,2023-07-23,Station Foxtrot,Pipe Rack 2,Incident,Heavy Haulage,"A safety camera caught Forklift engaged in Heavy Haulage. The footage revealed Fatigued driver, which is a precursor to Vehicle collision.",1,0.97,Driving,Driving,Vehicle collision,Fatigued driver,Forklift,Severe whiplash,Property Damage,poor road conditions|high speed,Medium
REP-BCEF4615,2022-07-08,Station Foxtrot,Drilling Floor,Unsafe Condition,Alarm Testing,Indicator bulb on Shutdown Valve SDV-1 was burnt out during Alarm Testing.,0,0.04,Bypassing Safety Controls,Bypassing Safety Controls,None,None,Shutdown Valve SDV-1,Minor injury,None,,Low
REP-CA52BF18,2022-08-04,Facility Bravo,Drilling Floor,Near Miss,Maintenance,"Noticed Compressor C-10 had a minor weep during Maintenance. LOTO was applied correctly, but cleanup was delayed.",0,0.12,Energy Isolation,Energy Isolation,None,None,Compressor C-10,Minor injury,None,,Low
REP-94FDDBBA,2021-01-14,Facility Bravo,Pipe Rack 2,Unsafe Act,Torch Cutting,"A contractor began Torch Cutting using Welding Machine W-1. A safety walk discovered Fire watcher absent, immediately stopping work due to Toxic fumes risk.",1,0.91,Hot Work,Hot Work,Toxic fumes,Fire watcher absent,Welding Machine W-1,Fatal burns,Property Damage,hydrocarbon presence|sparks,High
REP-2147725B,2022-11-22,Site Alpha,Control Room,Unsafe Act,Trenching,Barricade tape for Trenching near Drill Pipe was blown down by the wind. No operations were ongoing.,0,0.26,Line of Fire,Line of Fire,None,None,Drill Pipe,Minor injury,None,,Low
REP-39A456CB,2020-06-14,Station Foxtrot,Storage Tank A,Unsafe Condition,Internal Inspection,The entry log for Reactor R-5 during Internal Inspection was smudged with dirt.,0,0.04,Confined Space,Confined Space,None,None,Reactor R-5,Minor injury,None,,Low
REP-0BBCC2CE,2022-02-06,Site Alpha,Pipe Rack 2,Near Miss,Internal Inspection,The entry log for Separator V-10 during Internal Inspection was smudged with dirt.,0,0.2,Confined Space,Confined Space|Energy Isolation,None,None,Separator V-10,Minor injury,None,,Low
REP-E2016B64,2020-01-24,Platform Charlie,Drilling Floor,Unsafe Act,Process Operation,Indicator bulb on Fire & Gas Panel was burnt out during Process Operation.,0,0.1,Bypassing Safety Controls,Bypassing Safety Controls,None,None,Fire & Gas Panel,Minor injury,None,,Low
REP-8DD444D1,2021-01-21,Station Foxtrot,Pump Room,Near Miss,Hoisting,The horn on Overhead Gantry sounded a bit quiet during Hoisting.,0,0.09,Safe Mechanical Lifting,Safe Mechanical Lifting,None,None,Overhead Gantry,Minor injury,None,,Low
REP-F1132A33,2020-07-22,Site Alpha,Storage Tank A,Incident,Torch Cutting,Fire extinguisher near Welding Machine W-1 for Torch Cutting was due for monthly inspection next week.,0,0.37,Hot Work,Hot Work,None,None,Welding Machine W-1,Minor injury,None,,Low
REP-E3216B93,2020-05-12,Refinery Delta,Loading Bay,Incident,Painting,"During Painting, worker used the correct harness but the inspection log was not filled in for Roof Access Ladder.",0,0.02,Work at Height,Work at Height,None,None,Roof Access Ladder,Minor injury,None,,Low
REP-B0488F77,2021-02-10,Station Foxtrot,Boiler Area,Unsafe Condition,Pressure Testing,"Worker performing Pressure Testing on Hydraulic Torque Wrench had their hands slightly close to a rough edge, causing a minor scratch.",0,0.4,Line of Fire,Line of Fire,None,None,Hydraulic Torque Wrench,Minor injury,None,,Low
REP-87A57D52,2023-10-28,Station Foxtrot,Drilling Floor,Unsafe Condition,Transporting Personnel,Driver doing Transporting Personnel in Vacuum Truck parked slightly outside the designated lines.,0,0.27,Driving,Driving,None,None,Vacuum Truck,Minor injury,None,,Low
REP-1B21FE71,2023-05-26,Facility Bravo,Loading Bay,Unsafe Act,Scaffolding,Worker's chin strap on helmet was loose during Scaffolding on Crane C-1.,0,0.04,Work at Height,Work at Height,None,None,Crane C-1,Minor injury,None,,Low
REP-06828C76,2020-02-23,Site Alpha,Loading Bay,Unsafe Act,Heavy Haulage,Driver doing Heavy Haulage in Vacuum Truck parked slightly outside the designated lines.,0,0.27,Driving,Driving,None,None,Vacuum Truck,Minor injury,None,,Low
REP-064D0FD8,2020-11-09,Platform Charlie,Deck 3,Near Miss,Inspection,"Noticed Valve V-99 had a minor weep during Inspection. LOTO was applied correctly, but cleanup was delayed.",0,0.04,Energy Isolation,Energy Isolation,None,None,Valve V-99,Minor injury,None,,Low
REP-CA732F8B,2023-07-19,Facility Bravo,Boiler Area,Unsafe Act,Roof Repair,"Roof Repair was ongoing near Scaffold Tower B when grating was removed. Missing toe boards left the hole unprotected, creating a high risk of Dropped object.",1,0.86,Work at Height,Work at Height,Dropped object,Missing toe boards,Scaffold Tower B,Serious head injury from dropped object,Property Damage,working aloft|open hole,High
REP-A7784233,2021-02-23,Platform Charlie,Main Workshop,Unsafe Condition,General Maintenance,JSA for General Maintenance near Workshop was printed on crumpled paper.,0,0.11,Work Authorization,Work Authorization,None,None,Workshop,Minor injury,None,,Low
REP-8E96805A,2020-09-06,Facility Bravo,Drilling Floor,Near Miss,System Maintenance,"While investigating DCS System, it was found that Interlock bridged during System Maintenance. This exposed the facility to Process safety event.",1,0.88,Bypassing Safety Controls,Bypassing Safety Controls,Process safety event,Interlock bridged,DCS System,Catastrophic release,None,disabled safety device|unauthorized override,Medium
REP-02A0601D,2021-04-20,Terminal Echo,Drilling Floor,Incident,Non-routine Task,Worker doing Non-routine Task at Utility Area did not sign the permit exactly on the line.,0,0.06,Work Authorization,Work Authorization,None,None,Utility Area,Minor injury,None,,Low
REP-339CE495,2022-07-18,Refinery Delta,Storage Tank A,Incident,General Maintenance,Worker doing General Maintenance at Process Module 4 did not sign the permit exactly on the line.,0,0.36,Work Authorization,Work Authorization,None,None,Process Module 4,Minor injury,None,,Low
REP-CBDDE4CB,2022-07-23,Station Foxtrot,Boiler Area,Unsafe Act,Welding,Fire extinguisher near Angle Grinder for Welding was due for monthly inspection next week.,0,0.1,Hot Work,Hot Work|Confined Space,None,None,Angle Grinder,Minor injury,None,,Low
REP-EE449764,2022-11-10,Site Alpha,Control Room,Unsafe Condition,General Maintenance,Worker doing General Maintenance at Process Module 4 did not sign the permit exactly on the line.,0,0.21,Work Authorization,Work Authorization,None,None,Process Module 4,Minor injury,None,,Low
REP-30BD3C67,2021-12-13,Refinery Delta,Drilling Floor,Near Miss,Transporting Personnel,Radio in Forklift was left on high volume after Transporting Personnel.,0,0.32,Driving,Driving,None,None,Forklift,Minor injury,None,,Low
REP-153E7E92,2021-04-27,Terminal Echo,Boiler Area,Incident,Rigging,"Scaffolding tubes for Pipe Rack Level 3 were stored untidily, causing a minor trip hazard during Rigging.",0,0.24,Work at Height,Work at Height,None,None,Pipe Rack Level 3,Minor injury,None,,Low
REP-73367971,2022-08-16,Station Foxtrot,Deck 3,Near Miss,Torch Cutting,"Torch Cutting was started on Welding Machine W-1 near a live process area. Fire watcher absent was observed, posing a massive risk of Toxic fumes.",1,0.74,Hot Work,Hot Work,Toxic fumes,Fire watcher absent,Welding Machine W-1,Fatal burns,Property Damage,hydrocarbon presence|flammable atmosphere,Medium
REP-A5E3131B,2021-08-01,Site Alpha,Control Room,Incident,Site Patrol,"Vacuum Truck was involved in a near miss during Site Patrol. Investigation showed Using mobile phone, drastically increasing the risk of Vehicle collision.",1,0.92,Driving,Driving,Vehicle collision,Using mobile phone,Vacuum Truck,Severe whiplash,First Aid,poor road conditions|heavy vehicle interaction,High
REP-A713496B,2023-06-20,Platform Charlie,Control Room,Unsafe Act,Material Delivery,The Vacuum Truck was slightly dirty during Material Delivery.,0,0.31,Driving,Driving|Line of Fire,None,None,Vacuum Truck,Minor injury,None,,Low
REP-B2BFC580,2020-02-17,Station Foxtrot,Main Workshop,Incident,Torquing,"During Torquing, a piece of non-tensioned wire from High Pressure Hose was left on the floor.",0,0.05,Line of Fire,Line of Fire,None,None,High Pressure Hose,Minor injury,None,,Low
REP-EE911B13,2022-10-16,Site Alpha,Main Workshop,Incident,Rigging,"Scaffolding tubes for Roof Access Ladder were stored untidily, causing a minor trip hazard during Rigging.",0,0.33,Work at Height,Work at Height,None,None,Roof Access Ladder,Minor injury,None,,Low
REP-438DBE5D,2023-11-20,Platform Charlie,Main Workshop,Unsafe Condition,Scaffolding,"Scaffolding tubes for Scaffold Tower B were stored untidily, causing a minor trip hazard during Scaffolding.",0,0.31,Work at Height,Work at Height,None,None,Scaffold Tower B,Minor injury,None,,Low
REP-26ABA57B,2023-05-15,Station Foxtrot,Pump Room,Unsafe Condition,Pipefitting,"The tag for Compressor C-10 was faded during Pipefitting. No Electrical shock was present, but tag needs replacement.",0,0.36,Energy Isolation,Energy Isolation,None,None,Compressor C-10,Minor injury,None,,Low
REP-05F5D240,2023-03-20,Facility Bravo,Main Workshop,Incident,Repair,"While preparing for Repair on Compressor C-10, found that the lock for LOTO was slightly rusted, making it hard to use.",0,0.17,Energy Isolation,Energy Isolation,None,None,Compressor C-10,Minor injury,None,,Low
REP-77F1274D,2023-11-12,Refinery Delta,Drilling Floor,Unsafe Act,Transporting Personnel,"While Transporting Personnel with Pickup Truck P-12, the driver was observed Speeding. This led to a near miss involving Rollover.",1,0.77,Driving,Driving,Rollover,Speeding,Pickup Truck P-12,Fatal traffic accident,First Aid,poor road conditions|high speed,High
REP-BC2B5693,2021-05-10,Refinery Delta,Main Workshop,Unsafe Condition,Painting,Worker's chin strap on helmet was loose during Painting on Roof Access Ladder.,0,0.11,Work at Height,Work at Height,None,None,Roof Access Ladder,Minor injury,None,,Low
REP-2CC547CB,2020-07-06,Station Foxtrot,Boiler Area,Unsafe Condition,Torquing,"During Torquing, a piece of non-tensioned wire from High Pressure Hose was left on the floor.",0,0.06,Line of Fire,Line of Fire,None,None,High Pressure Hose,Minor injury,None,,Low
REP-64BD1FDA,2020-07-28,Facility Bravo,Storage Tank A,Unsafe Condition,Torch Cutting,"Torch Cutting was started on Welding Machine W-1 near a live process area. Combustibles not cleared was observed, posing a massive risk of Fire.",1,0.71,Hot Work,Hot Work,Fire,Combustibles not cleared,Welding Machine W-1,Fatal burns,First Aid,ignition source|sparks,Medium
REP-53D109ED,2022-01-18,Facility Bravo,Pipe Rack 2,Near Miss,Repair,"While inspecting Compressor C-10, Electrical shock was narrowly avoided because LOTO not applied.",1,0.99,Energy Isolation,Energy Isolation,Electrical shock,LOTO not applied,Compressor C-10,Severe chemical burns,Property Damage,live electrical|toxic fluid,Medium
REP-76B2A395,2023-06-05,Platform Charlie,Main Workshop,Unsafe Condition,Soldering,Fire extinguisher near Welding Machine W-1 for Soldering was due for monthly inspection next week.,0,0.23,Hot Work,Hot Work,None,None,Welding Machine W-1,Minor injury,None,,Low
REP-A3F93E18,2023-08-06,Terminal Echo,Drilling Floor,Unsafe Act,Rigging,"Scaffolding tubes for Pipe Rack Level 3 were stored untidily, causing a minor trip hazard during Rigging.",0,0.22,Work at Height,Work at Height,None,None,Pipe Rack Level 3,Minor injury,None,,Low
REP-3C01336D,2022-11-12,Site Alpha,Loading Bay,Near Miss,Hoisting,The horn on Mobile Crane sounded a bit quiet during Hoisting.,0,0.33,Safe Mechanical Lifting,Safe Mechanical Lifting,None,None,Mobile Crane,Minor injury,None,,Low
REP-C68F8AD6,2023-09-25,Terminal Echo,Deck 3,Incident,Trenching,"Worker performing Trenching on Drill Pipe had their hands slightly close to a rough edge, causing a minor scratch.",0,0.35,Line of Fire,Line of Fire,None,None,Drill Pipe,Minor injury,None,,Low
REP-A936D98B,2021-08-07,Platform Charlie,Storage Tank A,Near Miss,Torch Cutting,The welding lead for Oxy-Acetylene Torch was slightly tangled during Torch Cutting.,0,0.2,Hot Work,Hot Work,None,None,Oxy-Acetylene Torch,Minor injury,None,,Low
REP-70FA5098,2020-10-04,Refinery Delta,Main Workshop,Incident,Tank Cleaning,Tools used for Tank Cleaning in Underground Sump were left outside the entrance untidily.,0,0.35,Confined Space,Confined Space|Energy Isolation,None,None,Underground Sump,Minor injury,None,,Low
REP-87A2E3EB,2023-04-08,Site Alpha,Boiler Area,Unsafe Act,Contractor Work,"During a walkaround, found personnel doing Contractor Work on Utility Area. Expired permit meant they had no controls for Unidentified hazards.",1,0.89,Work Authorization,Work Authorization,Unidentified hazards,Expired permit,Utility Area,Process incident,None,simops|inadequate planning,High
REP-921A5878,2022-06-08,Site Alpha,Loading Bay,Unsafe Condition,Crane Lifting,"During Crane Lifting using Chain Block, the load began to swing wildly. Outriggers not extended caused a loss of control, resulting in Crane tip-over.",1,0.87,Safe Mechanical Lifting,Safe Mechanical Lifting,Crane tip-over,Outriggers not extended,Chain Block,Structural collapse,None,blind lift|dynamic loading,Medium
REP-14346644,2021-08-30,Facility Bravo,Deck 3,Incident,Rigging,The horn on Mobile Crane sounded a bit quiet during Rigging.,0,0.29,Safe Mechanical Lifting,Safe Mechanical Lifting,None,None,Mobile Crane,Minor injury,None,,Low
REP-776F2A43,2022-11-07,Terminal Echo,Main Workshop,Near Miss,Tank Cleaning,Tools used for Tank Cleaning in Underground Sump were left outside the entrance untidily.,0,0.26,Confined Space,Confined Space,None,None,Underground Sump,Minor injury,None,,Low
REP-E27FC326,2021-11-19,Platform Charlie,Drilling Floor,Near Miss,Non-routine Task,JSA for Non-routine Task near Utility Area was printed on crumpled paper.,0,0.29,Work Authorization,Work Authorization|Driving,None,None,Utility Area,Minor injury,None,,Low
REP-D5262EBB,2020-10-21,Refinery Delta,Deck 3,Unsafe Condition,Transporting Personnel,Radio in Vacuum Truck was left on high volume after Transporting Personnel.,0,0.35,Driving,Driving,None,None,Vacuum Truck,Minor injury,None,,Low
REP-48581E34,2023-12-26,Site Alpha,Main Workshop,Unsafe Act,Torquing,"During Torquing, Winch W-2 failed unexpectedly. Because Exclusion zone breached, the worker was exposed to High pressure release. Fortunately, the worker jumped back in time.",1,0.73,Line of Fire,Line of Fire,High pressure release,Exclusion zone breached,Winch W-2,Amputation,First Aid,suspended load|pinch point,High
REP-6B82F152,2020-02-02,Platform Charlie,Pump Room,Unsafe Condition,System Maintenance,Indicator bulb on Fire & Gas Panel was burnt out during System Maintenance.,0,0.38,Bypassing Safety Controls,Bypassing Safety Controls,None,None,Fire & Gas Panel,Minor injury,None,,Low
REP-EA977ADC,2022-12-13,Station Foxtrot,Boiler Area,Incident,Trenching,Barricade tape for Trenching near Drill Pipe was blown down by the wind. No operations were ongoing.,0,0.15,Line of Fire,Line of Fire,None,None,Drill Pipe,Minor injury,None,,Low
REP-478ECD55,2021-04-14,Station Foxtrot,Control Room,Unsafe Condition,System Maintenance,Operator logged System Maintenance for Shutdown Valve SDV-1 in the wrong logbook.,0,0.09,Bypassing Safety Controls,Bypassing Safety Controls,None,None,Shutdown Valve SDV-1,Minor injury,None,,Low
REP-837C04DE,2021-12-06,Site Alpha,Pump Room,Unsafe Act,Grinding,"Worker performing Grinding on Drill Pipe had their hands slightly close to a rough edge, causing a minor scratch.",0,0.33,Line of Fire,Line of Fire,None,None,Drill Pipe,Minor injury,None,,Low
REP-563F9189,2021-03-19,Refinery Delta,Deck 3,Near Miss,Pipefitting,"While inspecting Valve V-99, Electrical shock was narrowly avoided because LOTO not applied.",1,0.89,Energy Isolation,Energy Isolation,Electrical shock,LOTO not applied,Valve V-99,Severe chemical burns,First Aid,pressurized equipment|live electrical,High
REP-42340B58,2023-09-24,Terminal Echo,Drilling Floor,Unsafe Act,General Maintenance,JSA for General Maintenance near Process Module 4 was printed on crumpled paper.,0,0.1,Work Authorization,Work Authorization|Confined Space,None,None,Process Module 4,Minor injury,None,,Low
REP-83D373A1,2021-09-29,Terminal Echo,Drilling Floor,Unsafe Act,Tank Cleaning,"Worker doing Tank Cleaning in Reactor R-5 complained about poor lighting, though gas levels were normal.",0,0.38,Confined Space,Confined Space,None,None,Reactor R-5,Minor injury,None,,Low
REP-5303455A,2020-11-04,Facility Bravo,Pump Room,Incident,Grinding,Barricade tape for Grinding near Excavator was blown down by the wind. No operations were ongoing.,0,0.03,Line of Fire,Line of Fire,None,None,Excavator,Minor injury,None,,Low
REP-0AC14037,2021-11-02,Terminal Echo,Pipe Rack 2,Incident,Lifting,"While conducting Lifting with Drill Pipe, an IP stepped into the danger zone. Barricades ignored resulted in the worker being in the Line of Fire for Whip from parted cable.",1,0.74,Line of Fire,Line of Fire,Whip from parted cable,Barricades ignored,Drill Pipe,Amputation,None,moving machinery|pinch point,Medium
REP-BB3B5CAF,2020-04-26,Refinery Delta,Pump Room,Near Miss,Roof Repair,"During Roof Repair, worker used the correct harness but the inspection log was not filled in for Pipe Rack Level 3.",0,0.22,Work at Height,Work at Height,None,None,Pipe Rack Level 3,Minor injury,None,,Low
REP-F9C64CF8,2023-01-23,Refinery Delta,Control Room,Near Miss,Contractor Work,JSA for Contractor Work near Process Module 4 was printed on crumpled paper.,0,0.21,Work Authorization,Work Authorization,None,None,Process Module 4,Minor injury,None,,Low
REP-91AC45A1,2023-06-20,Refinery Delta,Boiler Area,Unsafe Condition,Contractor Work,JSA for Contractor Work near Utility Area was printed on crumpled paper.,0,0.03,Work Authorization,Work Authorization,None,None,Utility Area,Minor injury,None,,Low
REP-FE0E9E4D,2021-08-12,Station Foxtrot,Boiler Area,Unsafe Act,Rigging,Operator of Forklift F-3 during Rigging forgot his safety glasses but was in an enclosed cab.,0,0.37,Safe Mechanical Lifting,Safe Mechanical Lifting,None,None,Forklift F-3,Minor injury,None,,Low
REP-44DE5D5F,2022-03-01,Platform Charlie,Loading Bay,Near Miss,Vessel Welding,The entry log for Underground Sump during Vessel Welding was smudged with dirt.,0,0.05,Confined Space,Confined Space,None,None,Underground Sump,Minor injury,None,,Low
REP-663CE259,2022-06-23,Terminal Echo,Pipe Rack 2,Incident,Vessel Welding,"Worker doing Vessel Welding in Underground Sump complained about poor lighting, though gas levels were normal.",0,0.39,Confined Space,Confined Space,None,None,Underground Sump,Minor injury,None,,Low
REP-23E8F7C2,2021-08-16,Site Alpha,Pipe Rack 2,Incident,Torch Cutting,Welder doing Torch Cutting with Pipe Spool P-10 had untucked coveralls.,0,0.39,Hot Work,Hot Work|Work Authorization,None,None,Pipe Spool P-10,Minor injury,None,,Low
REP-E2A0E2B6,2020-08-12,Refinery Delta,Main Workshop,Near Miss,Non-routine Task,Permit for Non-routine Task at Utility Area had a minor spelling mistake in the supervisor's name.,0,0.35,Work Authorization,Work Authorization|Line of Fire,None,None,Utility Area,Minor injury,None,,Low
REP-84C7D605,2023-04-21,Facility Bravo,Storage Tank A,Near Miss,Material Delivery,The Crew Bus was slightly dirty during Material Delivery.,0,0.2,Driving,Driving|Work Authorization,None,None,Crew Bus,Minor injury,None,,Low
REP-72B438BD,2021-03-02,Platform Charlie,Control Room,Unsafe Act,Heavy Haulage,"While Heavy Haulage with Crew Bus, the driver was observed Brakes defective. This led to a near miss involving Loss of control.",1,0.89,Driving,Driving,Loss of control,Brakes defective,Crew Bus,Fatal traffic accident,First Aid,distracted driving|high speed,Medium
REP-FF3F6352,2020-08-23,Platform Charlie,Loading Bay,Unsafe Condition,System Maintenance,"Audit of Pressure Safety Valve PSV-90 post-System Maintenance revealed Alarm disabled. Without this protection, Process safety event could have occurred.",1,0.95,Bypassing Safety Controls,Bypassing Safety Controls|Hot Work,Process safety event,Alarm disabled,Pressure Safety Valve PSV-90,Major explosion,Property Damage,unauthorized override|ignored alarm,High
REP-F1B6C54F,2021-03-11,Refinery Delta,Pump Room,Unsafe Condition,Torquing,"During Torquing, a piece of non-tensioned wire from High Pressure Hose was left on the floor.",0,0.33,Line of Fire,Line of Fire,None,None,High Pressure Hose,Minor injury,None,,Low
REP-74E51E10,2023-10-23,Terminal Echo,Control Room,Incident,Crane Lifting,A heavy skid was being moved during Crane Lifting. Outriggers not extended led to a near miss involving Rigging failure near Forklift F-3.,1,0.97,Safe Mechanical Lifting,Safe Mechanical Lifting,Rigging failure,Outriggers not extended,Forklift F-3,Multiple serious injuries,Property Damage,blind lift|heavy lifting,High
REP-49EEA334,2021-05-21,Refinery Delta,Pump Room,Unsafe Act,Pipefitting,"While preparing for Pipefitting on Pump P-204, found that the lock for LOTO was slightly rusted, making it hard to use.",0,0.32,Energy Isolation,Energy Isolation,None,None,Pump P-204,Minor injury,None,,Low
REP-D426F02D,2023-12-09,Refinery Delta,Storage Tank A,Unsafe Condition,Roof Repair,Worker's chin strap on helmet was loose during Roof Repair on Pipe Rack Level 3.,0,0.21,Work at Height,Work at Height,None,None,Pipe Rack Level 3,Minor injury,None,,Low
REP-DEECC4B5,2022-12-08,Facility Bravo,Main Workshop,Incident,Soldering,The welding lead for Pipe Spool P-10 was slightly tangled during Soldering.,0,0.18,Hot Work,Hot Work,None,None,Pipe Spool P-10,Minor injury,None,,Low
REP-BCBAB38A,2021-06-12,Station Foxtrot,Boiler Area,Unsafe Act,Forklift Operation,Paint on Chain Block used for Forklift Operation is peeling off.,0,0.09,Safe Mechanical Lifting,Safe Mechanical Lifting|Work at Height,None,None,Chain Block,Minor injury,None,,Low
REP-0A5C2C9B,2020-09-08,Facility Bravo,Boiler Area,Unsafe Act,Pressure Testing,"During Pressure Testing, a piece of non-tensioned wire from Hydraulic Torque Wrench was left on the floor.",0,0.28,Line of Fire,Line of Fire,None,None,Hydraulic Torque Wrench,Minor injury,None,,Low
REP-99F53926,2022-02-16,Refinery Delta,Pump Room,Near Miss,Hoisting,Paint on Overhead Gantry used for Hoisting is peeling off.,0,0.26,Safe Mechanical Lifting,Safe Mechanical Lifting|Hot Work,None,None,Overhead Gantry,Minor injury,None,,Low
REP-97142088,2022-10-03,Station Foxtrot,Control Room,Incident,Material Delivery,Driver doing Material Delivery in Light Vehicle parked slightly outside the designated lines.,0,0.26,Driving,Driving,None,None,Light Vehicle,Minor injury,None,,Low
REP-55AE12A6,2020-01-18,Terminal Echo,Drilling Floor,Unsafe Condition,Non-routine Task,Worker doing Non-routine Task at Camp Facility did not sign the permit exactly on the line.,0,0.15,Work Authorization,Work Authorization,None,None,Camp Facility,Minor injury,None,,Low
REP-540C393B,2022-10-10,Terminal Echo,Boiler Area,Incident,Hoisting,Operator of Overhead Gantry during Hoisting forgot his safety glasses but was in an enclosed cab.,0,0.22,Safe Mechanical Lifting,Safe Mechanical Lifting,None,None,Overhead Gantry,Minor injury,None,,Low
REP-B676EC33,2022-01-10,Station Foxtrot,Pump Room,Incident,Contractor Work,Worker doing Contractor Work at Utility Area did not sign the permit exactly on the line.,0,0.28,Work Authorization,Work Authorization,None,None,Utility Area,Minor injury,None,,Low
REP-6557833E,2022-09-07,Facility Bravo,Main Workshop,Incident,Trenching,"Worker performing Trenching on Drill Pipe had their hands slightly close to a rough edge, causing a minor scratch.",0,0.16,Line of Fire,Line of Fire,None,None,Drill Pipe,Minor injury,None,,Low
REP-26862481,2021-01-23,Terminal Echo,Loading Bay,Unsafe Condition,Process Operation,Indicator bulb on DCS System was burnt out during Process Operation.,0,0.22,Bypassing Safety Controls,Bypassing Safety Controls,None,None,DCS System,Minor injury,None,,Low
REP-295BA455,2021-10-16,Platform Charlie,Boiler Area,Near Miss,Scaffolding,"Scaffolding tubes for Scaffold Tower B were stored untidily, causing a minor trip hazard during Scaffolding.",0,0.21,Work at Height,Work at Height,None,None,Scaffold Tower B,Minor injury,None,,Low
REP-376BEC3A,2022-12-07,Facility Bravo,Drilling Floor,Unsafe Act,Process Operation,Operator logged Process Operation for Fire & Gas Panel in the wrong logbook.,0,0.19,Bypassing Safety Controls,Bypassing Safety Controls,None,None,Fire & Gas Panel,Minor injury,None,,Low
REP-E756DFF6,2022-06-03,Facility Bravo,Loading Bay,Near Miss,Material Delivery,Driver doing Material Delivery in Light Vehicle parked slightly outside the designated lines.,0,0.37,Driving,Driving,None,None,Light Vehicle,Minor injury,None,,Low
REP-9DB12A9C,2020-04-04,Station Foxtrot,Deck 3,Unsafe Act,Heavy Haulage,Radio in Crew Bus was left on high volume after Heavy Haulage.,0,0.16,Driving,Driving,None,None,Crew Bus,Minor injury,None,,Low
REP-64F3CDD8,2023-11-01,Terminal Echo,Main Workshop,Unsafe Condition,Process Operation,Indicator bulb on Fire & Gas Panel was burnt out during Process Operation.,0,0.16,Bypassing Safety Controls,Bypassing Safety Controls,None,None,Fire & Gas Panel,Minor injury,None,,Low
REP-6D292152,2022-10-09,Site Alpha,Pump Room,Near Miss,Welding,Welder doing Welding with Pipe Spool P-10 had untucked coveralls.,0,0.06,Hot Work,Hot Work,None,None,Pipe Spool P-10,Minor injury,None,,Low
REP-71AECC28,2020-03-25,Station Foxtrot,Main Workshop,Near Miss,Lifting,Barricade tape for Lifting near Hydraulic Torque Wrench was blown down by the wind. No operations were ongoing.,0,0.04,Line of Fire,Line of Fire,None,None,Hydraulic Torque Wrench,Minor injury,None,,Low
REP-7C343B7E,2022-04-15,Facility Bravo,Loading Bay,Unsafe Condition,Process Operation,Operator logged Process Operation for Fire & Gas Panel in the wrong logbook.,0,0.14,Bypassing Safety Controls,Bypassing Safety Controls,None,None,Fire & Gas Panel,Minor injury,None,,Low
REP-4555F0DB,2020-07-06,Platform Charlie,Pump Room,Unsafe Condition,Welding,Welder doing Welding with Angle Grinder had untucked coveralls.,0,0.27,Hot Work,Hot Work,None,None,Angle Grinder,Minor injury,None,,Low
REP-BA2910F2,2021-12-10,Site Alpha,Control Room,Near Miss,Contractor Work,"Crew commenced Contractor Work at Utility Area but Wrong permit type. Unaware of SIMOPS, they were exposed to Uncontrolled work.",1,0.96,Work Authorization,Work Authorization,Uncontrolled work,Wrong permit type,Utility Area,Serious injury due to lack of hazard awareness,None,poor communication|unauthorized work,High
REP-D565AFD3,2020-01-09,Platform Charlie,Loading Bay,Unsafe Act,Vessel Welding,The entry log for Separator V-10 during Vessel Welding was smudged with dirt.,0,0.11,Confined Space,Confined Space,None,None,Separator V-10,Minor injury,None,,Low
REP-A4BED7BC,2023-07-13,Station Foxtrot,Loading Bay,Incident,Pipefitting,"During Pipefitting of Valve V-99, the technician started loosening the flange while the line was still pressurized. Isolation valve was closed but Energy not verified zero. Pressurized hydrocarbon release occurred. No injury occurred but potential was high.",1,0.92,Energy Isolation,Energy Isolation,Pressurized hydrocarbon release,Energy not verified zero,Valve V-99,Fatal electrocution,First Aid,pressurized equipment|inadequate isolation,High
REP-B8471273,2021-09-26,Terminal Echo,Deck 3,Near Miss,Torch Cutting,Welder doing Torch Cutting with Pipe Spool P-10 had untucked coveralls.,0,0.14,Hot Work,Hot Work,None,None,Pipe Spool P-10,Minor injury,None,,Low
REP-33B95A13,2020-09-18,Terminal Echo,Main Workshop,Unsafe Condition,Painting,"During Painting, worker used the correct harness but the inspection log was not filled in for Roof Access Ladder.",0,0.3,Work at Height,Work at Height,None,None,Roof Access Ladder,Minor injury,None,,Low
REP-9B78CA90,2020-04-13,Refinery Delta,Boiler Area,Incident,Inspection,"The tag for Pump P-204 was faded during Inspection. No Stored energy discharge was present, but tag needs replacement.",0,0.11,Energy Isolation,Energy Isolation,None,None,Pump P-204,Minor injury,None,,Low
REP-A4BB43AF,2020-09-26,Terminal Echo,Pump Room,Unsafe Condition,Site Patrol,Radio in Light Vehicle was left on high volume after Site Patrol.,0,0.04,Driving,Driving,None,None,Light Vehicle,Minor injury,None,,Low
REP-ACD9F893,2020-06-28,Platform Charlie,Boiler Area,Unsafe Act,Rigging,"Scaffolding tubes for Scaffold Tower B were stored untidily, causing a minor trip hazard during Rigging.",0,0.19,Work at Height,Work at Height,None,None,Scaffold Tower B,Minor injury,None,,Low
REP-207C5BC0,2021-07-19,Platform Charlie,Loading Bay,Incident,Roof Repair,Worker's chin strap on helmet was loose during Roof Repair on Crane C-1.,0,0.01,Work at Height,Work at Height,None,None,Crane C-1,Minor injury,None,,Low
REP-62396207,2020-11-16,Station Foxtrot,Pump Room,Unsafe Act,Internal Inspection,The entry log for Underground Sump during Internal Inspection was smudged with dirt.,0,0.11,Confined Space,Confined Space,None,None,Underground Sump,Minor injury,None,,Low
REP-3A5D7220,2022-07-02,Terminal Echo,Drilling Floor,Incident,Pressure Testing,Barricade tape for Pressure Testing near High Pressure Hose was blown down by the wind. No operations were ongoing.,0,0.21,Line of Fire,Line of Fire,None,None,High Pressure Hose,Minor injury,None,,Low
REP-E96ACF17,2022-11-19,Station Foxtrot,Storage Tank A,Incident,Tank Cleaning,Worker entered Underground Sump for Tank Cleaning. Suddenly the alarm sounded. Gas test not performed meant the worker was exposed to Oxygen deficiency.,1,0.76,Confined Space,Confined Space|Energy Isolation,Oxygen deficiency,Gas test not performed,Underground Sump,Asphyxiation,First Aid,restricted access|poor ventilation,Medium
REP-16BB3126,2021-08-15,Platform Charlie,Storage Tank A,Unsafe Condition,Torch Cutting,Fire extinguisher near Pipe Spool P-10 for Torch Cutting was due for monthly inspection next week.,0,0.02,Hot Work,Hot Work,None,None,Pipe Spool P-10,Minor injury,None,,Low
REP-3D40594C,2022-10-10,Facility Bravo,Drilling Floor,Unsafe Act,Rigging,"During Rigging using Overhead Gantry, the load began to swing wildly. Outriggers not extended caused a loss of control, resulting in Rigging failure.",1,0.8,Safe Mechanical Lifting,Safe Mechanical Lifting,Rigging failure,Outriggers not extended,Overhead Gantry,Crush fatality,First Aid,dynamic loading|blind lift,High
REP-B128B57F,2023-04-02,Refinery Delta,Drilling Floor,Incident,Site Patrol,Radio in Pickup Truck P-12 was left on high volume after Site Patrol.,0,0.15,Driving,Driving,None,None,Pickup Truck P-12,Minor injury,None,,Low
REP-17AAFA9D,2020-01-18,Terminal Echo,Boiler Area,Unsafe Condition,Vessel Welding,Worker entered Separator V-10 for Vessel Welding. Suddenly the alarm sounded. Ventilation failed meant the worker was exposed to Heat exhaustion.,1,0.85,Confined Space,Confined Space,Heat exhaustion,Ventilation failed,Separator V-10,Asphyxiation,None,deep excavation|poor ventilation,Medium
REP-E27DDC38,2023-08-06,Facility Bravo,Loading Bay,Incident,Torquing,Barricade tape for Torquing near Winch W-2 was blown down by the wind. No operations were ongoing.,0,0.09,Line of Fire,Line of Fire,None,None,Winch W-2,Minor injury,None,,Low
REP-D51C113F,2020-04-04,Terminal Echo,Deck 3,Unsafe Condition,Repair,"The tag for Pump P-204 was faded during Repair. No Stored energy discharge was present, but tag needs replacement.",0,0.34,Energy Isolation,Energy Isolation,None,None,Pump P-204,Minor injury,None,,Low
REP-311E7264,2021-09-29,Station Foxtrot,Loading Bay,Unsafe Condition,Pressure Testing,Barricade tape for Pressure Testing near Drill Pipe was blown down by the wind. No operations were ongoing.,0,0.31,Line of Fire,Line of Fire,None,None,Drill Pipe,Minor injury,None,,Low
REP-4D7C9E82,2023-05-20,Site Alpha,Pipe Rack 2,Incident,Welding,"During Welding with Welding Machine W-1, Sparks falling to lower deck allowed slag to ignite a small fire. Severe burns potential was extremely high.",1,0.9,Hot Work,Hot Work,Severe burns,Sparks falling to lower deck,Welding Machine W-1,Major fire,None,ignition source|flammable atmosphere,High
REP-DC1E2D74,2021-09-28,Platform Charlie,Storage Tank A,Incident,Vessel Welding,"Worker doing Vessel Welding in Underground Sump complained about poor lighting, though gas levels were normal.",0,0.21,Confined Space,Confined Space,None,None,Underground Sump,Minor injury,None,,Low
REP-8FDAAE39,2020-11-21,Station Foxtrot,Drilling Floor,Unsafe Act,Alarm Testing,"Screen on Fire & Gas Panel was dirty, making it hard to read during Alarm Testing.",0,0.17,Bypassing Safety Controls,Bypassing Safety Controls,None,None,Fire & Gas Panel,Minor injury,None,,Low
REP-7AF8B24D,2020-10-26,Facility Bravo,Boiler Area,Near Miss,Grinding,The welding lead for Oxy-Acetylene Torch was slightly tangled during Grinding.,0,0.23,Hot Work,Hot Work,None,None,Oxy-Acetylene Torch,Minor injury,None,,Low
REP-7B577D28,2023-10-08,Station Foxtrot,Loading Bay,Near Miss,Grinding,"During Grinding, a piece of non-tensioned wire from Hydraulic Torque Wrench was left on the floor.",0,0.08,Line of Fire,Line of Fire,None,None,Hydraulic Torque Wrench,Minor injury,None,,Low
REP-B8EFD9F1,2020-06-27,Terminal Echo,Pump Room,Incident,System Maintenance,"Screen on Shutdown Valve SDV-1 was dirty, making it hard to read during System Maintenance.",0,0.3,Bypassing Safety Controls,Bypassing Safety Controls,None,None,Shutdown Valve SDV-1,Minor injury,None,,Low
REP-FB7AB7A6,2023-08-24,Station Foxtrot,Drilling Floor,Unsafe Act,Process Operation,Indicator bulb on Shutdown Valve SDV-1 was burnt out during Process Operation.,0,0.28,Bypassing Safety Controls,Bypassing Safety Controls,None,None,Shutdown Valve SDV-1,Minor injury,None,,Low
REP-F41F464E,2021-04-11,Station Foxtrot,Loading Bay,Unsafe Act,Alarm Testing,"Screen on Fire & Gas Panel was dirty, making it hard to read during Alarm Testing.",0,0.39,Bypassing Safety Controls,Bypassing Safety Controls,None,None,Fire & Gas Panel,Minor injury,None,,Low
REP-7E84C915,2020-10-03,Station Foxtrot,Loading Bay,Incident,Transporting Personnel,Radio in Pickup Truck P-12 was left on high volume after Transporting Personnel.,0,0.04,Driving,Driving,None,None,Pickup Truck P-12,Minor injury,None,,Low
REP-E212E6A2,2022-10-23,Platform Charlie,Boiler Area,Unsafe Act,Vessel Welding,"Worker doing Vessel Welding in Storage Tank A complained about poor lighting, though gas levels were normal.",0,0.09,Confined Space,Confined Space,None,None,Storage Tank A,Minor injury,None,,Low
REP-37461565,2020-05-16,Platform Charlie,Pump Room,Unsafe Condition,Pressure Testing,"During Pressure Testing, Drill Pipe failed unexpectedly. Because Barricades ignored, the worker was exposed to Struck by moving object. Fortunately, the worker jumped back in time.",1,0.88,Line of Fire,Line of Fire,Struck by moving object,Barricades ignored,Drill Pipe,Amputation,Property Damage,suspended load|pressure test,Medium
REP-E9C07A7B,2020-07-19,Station Foxtrot,Control Room,Incident,General Maintenance,"Crew commenced General Maintenance at Workshop but PTW not issued. Unaware of SIMOPS, they were exposed to Unidentified hazards.",1,0.88,Work Authorization,Work Authorization,Unidentified hazards,PTW not issued,Workshop,Process incident,None,unauthorized work|inadequate planning,Medium
REP-272BC80B,2021-03-11,Facility Bravo,Main Workshop,Near Miss,Alarm Testing,Operator logged Alarm Testing for DCS System in the wrong logbook.,0,0.35,Bypassing Safety Controls,Bypassing Safety Controls,None,None,DCS System,Minor injury,None,,Low
REP-363151AA,2020-08-20,Refinery Delta,Pump Room,Incident,Forklift Operation,Paint on Chain Block used for Forklift Operation is peeling off.,0,0.25,Safe Mechanical Lifting,Safe Mechanical Lifting,None,None,Chain Block,Minor injury,None,,Low
REP-F1925619,2021-02-23,Facility Bravo,Deck 3,Incident,General Maintenance,Critical General Maintenance on Workshop proceeded despite Wrong permit type. This breakdown in authorization risked Unidentified hazards.,1,0.76,Work Authorization,Work Authorization|Confined Space,Unidentified hazards,Wrong permit type,Workshop,Serious injury due to lack of hazard awareness,None,unauthorized work|simops,Medium
REP-29C5D4B1,2021-12-18,Facility Bravo,Control Room,Incident,Maintenance,"Noticed Electrical Panel EP-5 had a minor weep during Maintenance. LOTO was applied correctly, but cleanup was delayed.",0,0.28,Energy Isolation,Energy Isolation,None,None,Electrical Panel EP-5,Minor injury,None,,Low
REP-BB9D040C,2022-03-02,Refinery Delta,Pump Room,Unsafe Act,Lifting,"Lifting was being performed. Exclusion zone breached allowed personnel to walk directly under Hydraulic Torque Wrench, posing a severe Struck by moving object.",1,0.78,Line of Fire,Line of Fire|Driving,Struck by moving object,Exclusion zone breached,Hydraulic Torque Wrench,Crush injury,None,pressure test|moving machinery,Medium
REP-0F366794,2023-05-09,Site Alpha,Boiler Area,Near Miss,Roof Repair,"During Roof Repair, worker used the correct harness but the inspection log was not filled in for Roof Access Ladder.",0,0.06,Work at Height,Work at Height,None,None,Roof Access Ladder,Minor injury,None,,Low
REP-BA9C195A,2022-09-16,Station Foxtrot,Drilling Floor,Unsafe Condition,Vessel Welding,"Prior to Vessel Welding in Reactor R-5, it was discovered that Attendant absent. This could have led to Engulfment and potential fatality.",1,0.71,Confined Space,Confined Space,Engulfment,Attendant absent,Reactor R-5,Fatality due to toxic gas,None,restricted access|deep excavation,High
REP-A2A937EA,2020-02-26,Refinery Delta,Drilling Floor,Near Miss,Repair,"Noticed Pump P-204 had a minor weep during Repair. LOTO was applied correctly, but cleanup was delayed.",0,0.27,Energy Isolation,Energy Isolation,None,None,Pump P-204,Minor injury,None,,Low
REP-3DB5881C,2022-10-04,Site Alpha,Pump Room,Unsafe Condition,Hoisting,A heavy skid was being moved during Hoisting. No tag lines used led to a near miss involving Swinging load near Forklift F-3.,1,0.77,Safe Mechanical Lifting,Safe Mechanical Lifting,Swinging load,No tag lines used,Forklift F-3,Structural collapse,Property Damage,heavy lifting|dynamic loading,High
REP-4A4199D1,2020-01-16,Site Alpha,Control Room,Unsafe Condition,Contractor Work,JSA for Contractor Work near Utility Area was printed on crumpled paper.,0,0.29,Work Authorization,Work Authorization,None,None,Utility Area,Minor injury,None,,Low
REP-57B5905D,2020-09-24,Site Alpha,Drilling Floor,Unsafe Act,Non-routine Task,Worker doing Non-routine Task at Camp Facility did not sign the permit exactly on the line.,0,0.36,Work Authorization,Work Authorization,None,None,Camp Facility,Minor injury,None,,Low
REP-8FDCB60B,2020-03-01,Facility Bravo,Main Workshop,Unsafe Act,Lifting,"While conducting Lifting with Hydraulic Torque Wrench, an IP stepped into the danger zone. Standing in pinch point resulted in the worker being in the Line of Fire for Whip from parted cable.",1,0.96,Line of Fire,Line of Fire,Whip from parted cable,Standing in pinch point,Hydraulic Torque Wrench,Severe lacerations,First Aid,pinch point|tensioned line,Medium
REP-CCF800D8,2023-01-12,Platform Charlie,Control Room,Incident,Scaffolding,"During Scaffolding, worker used the correct harness but the inspection log was not filled in for Roof Access Ladder.",0,0.16,Work at Height,Work at Height,None,None,Roof Access Ladder,Minor injury,None,,Low
REP-B7ED2894,2021-09-22,Station Foxtrot,Main Workshop,Unsafe Act,Heavy Haulage,Radio in Vacuum Truck was left on high volume after Heavy Haulage.,0,0.25,Driving,Driving,None,None,Vacuum Truck,Minor injury,None,,Low
REP-17532E6D,2023-11-24,Refinery Delta,Control Room,Incident,Transporting Personnel,Radio in Light Vehicle was left on high volume after Transporting Personnel.,0,0.17,Driving,Driving,None,None,Light Vehicle,Minor injury,None,,Low
REP-95C3A96B,2020-11-09,Site Alpha,Control Room,Incident,Rigging,"Scaffolding tubes for Pipe Rack Level 3 were stored untidily, causing a minor trip hazard during Rigging.",0,0.03,Work at Height,Work at Height,None,None,Pipe Rack Level 3,Minor injury,None,,Low
REP-B2BCC6B1,2021-12-17,Facility Bravo,Main Workshop,Incident,Roof Repair,"Scaffolding tubes for Roof Access Ladder were stored untidily, causing a minor trip hazard during Roof Repair.",0,0.28,Work at Height,Work at Height,None,None,Roof Access Ladder,Minor injury,None,,Low
REP-DA20591C,2023-11-13,Facility Bravo,Pipe Rack 2,Near Miss,Grinding,Barricade tape for Grinding near High Pressure Hose was blown down by the wind. No operations were ongoing.,0,0.24,Line of Fire,Line of Fire,None,None,High Pressure Hose,Minor injury,None,,Low
REP-BB8EDE94,2021-01-24,Facility Bravo,Drilling Floor,Incident,Heavy Haulage,Radio in Vacuum Truck was left on high volume after Heavy Haulage.,0,0.25,Driving,Driving,None,None,Vacuum Truck,Minor injury,None,,Low
REP-F5CAA7DB,2022-12-18,Platform Charlie,Storage Tank A,Near Miss,Inspection,"Noticed Electrical Panel EP-5 had a minor weep during Inspection. LOTO was applied correctly, but cleanup was delayed.",0,0.29,Energy Isolation,Energy Isolation,None,None,Electrical Panel EP-5,Minor injury,None,,Low
REP-7E62FC99,2021-05-06,Terminal Echo,Deck 3,Incident,Forklift Operation,Paint on Chain Block used for Forklift Operation is peeling off.,0,0.06,Safe Mechanical Lifting,Safe Mechanical Lifting,None,None,Chain Block,Minor injury,None,,Low
REP-6A58C05B,2022-03-10,Station Foxtrot,Boiler Area,Unsafe Act,Process Operation,Operator logged Process Operation for Pressure Safety Valve PSV-90 in the wrong logbook.,0,0.36,Bypassing Safety Controls,Bypassing Safety Controls,None,None,Pressure Safety Valve PSV-90,Minor injury,None,,Low
REP-E3A2E2BD,2021-02-05,Platform Charlie,Drilling Floor,Unsafe Condition,System Maintenance,Operator logged System Maintenance for Pressure Safety Valve PSV-90 in the wrong logbook.,0,0.17,Bypassing Safety Controls,Bypassing Safety Controls,None,None,Pressure Safety Valve PSV-90,Minor injury,None,,Low
REP-392176E2,2021-07-19,Platform Charlie,Drilling Floor,Near Miss,Process Operation,Operator logged Process Operation for Shutdown Valve SDV-1 in the wrong logbook.,0,0.02,Bypassing Safety Controls,Bypassing Safety Controls,None,None,Shutdown Valve SDV-1,Minor injury,None,,Low
REP-DE00C0F5,2021-06-26,Platform Charlie,Drilling Floor,Incident,Structural Inspection,"Scaffolding tubes for Crane C-1 were stored untidily, causing a minor trip hazard during Structural Inspection.",0,0.36,Work at Height,Work at Height|Line of Fire,None,None,Crane C-1,Minor injury,None,,Low
REP-F753C529,2023-07-02,Site Alpha,Deck 3,Incident,Lifting,"During Lifting, a piece of non-tensioned wire from Drill Pipe was left on the floor.",0,0.04,Line of Fire,Line of Fire,None,None,Drill Pipe,Minor injury,None,,Low
REP-60838EC5,2021-02-22,Platform Charlie,Loading Bay,Incident,Non-routine Task,JSA for Non-routine Task near Workshop was printed on crumpled paper.,0,0.18,Work Authorization,Work Authorization,None,None,Workshop,Minor injury,None,,Low
REP-0EAEA4F4,2023-08-26,Site Alpha,Pipe Rack 2,Unsafe Condition,Structural Inspection,"Scaffolding tubes for Crane C-1 were stored untidily, causing a minor trip hazard during Structural Inspection.",0,0.39,Work at Height,Work at Height,None,None,Crane C-1,Minor injury,None,,Low
REP-58D651B9,2021-02-06,Site Alpha,Pump Room,Unsafe Act,Non-routine Task,Permit for Non-routine Task at Workshop had a minor spelling mistake in the supervisor's name.,0,0.11,Work Authorization,Work Authorization,None,None,Workshop,Minor injury,None,,Low
REP-8C727771,2022-05-21,Refinery Delta,Storage Tank A,Unsafe Act,System Maintenance,"While investigating Pressure Safety Valve PSV-90, it was found that Override left active during System Maintenance. This exposed the facility to Equipment destruction.",1,0.97,Bypassing Safety Controls,Bypassing Safety Controls,Equipment destruction,Override left active,Pressure Safety Valve PSV-90,Major explosion,None,disabled safety device|ignored alarm,High
REP-C33D3499,2023-05-09,Station Foxtrot,Pump Room,Incident,Alarm Testing,"Screen on Shutdown Valve SDV-1 was dirty, making it hard to read during Alarm Testing.",0,0.37,Bypassing Safety Controls,Bypassing Safety Controls,None,None,Shutdown Valve SDV-1,Minor injury,None,,Low
REP-79CAF7DA,2020-10-11,Station Foxtrot,Loading Bay,Unsafe Act,Process Operation,Indicator bulb on Fire & Gas Panel was burnt out during Process Operation.,0,0.13,Bypassing Safety Controls,Bypassing Safety Controls,None,None,Fire & Gas Panel,Minor injury,None,,Low
REP-5F3EB86E,2023-08-01,Facility Bravo,Deck 3,Unsafe Condition,Repair,"The tag for Pump P-204 was faded during Repair. No Electrical shock was present, but tag needs replacement.",0,0.39,Energy Isolation,Energy Isolation,None,None,Pump P-204,Minor injury,None,,Low
REP-A69607D6,2021-06-19,Facility Bravo,Pump Room,Unsafe Act,Process Operation,"Audit of Fire & Gas Panel post-Process Operation revealed Alarm disabled. Without this protection, Loss of containment could have occurred.",1,0.88,Bypassing Safety Controls,Bypassing Safety Controls|Driving,Loss of containment,Alarm disabled,Fire & Gas Panel,Catastrophic release,Property Damage,unauthorized override|bypassed interlock,High
REP-373C0F92,2023-12-15,Terminal Echo,Storage Tank A,Unsafe Act,Crane Lifting,Paint on Overhead Gantry used for Crane Lifting is peeling off.,0,0.08,Safe Mechanical Lifting,Safe Mechanical Lifting,None,None,Overhead Gantry,Minor injury,None,,Low
REP-670D43FA,2022-09-30,Station Foxtrot,Pipe Rack 2,Unsafe Condition,Torch Cutting,The welding lead for Angle Grinder was slightly tangled during Torch Cutting.,0,0.09,Hot Work,Hot Work,None,None,Angle Grinder,Minor injury,None,,Low
REP-FE69632C,2020-02-02,Refinery Delta,Main Workshop,Unsafe Act,Repair,"While preparing for Repair on Electrical Panel EP-5, found that the lock for LOTO was slightly rusted, making it hard to use.",0,0.18,Energy Isolation,Energy Isolation,None,None,Electrical Panel EP-5,Minor injury,None,,Low
REP-352B125C,2020-02-22,Facility Bravo,Pipe Rack 2,Near Miss,Vessel Welding,"Prior to Vessel Welding in Underground Sump, it was discovered that Ventilation failed. This could have led to Toxic atmosphere and potential fatality.",1,0.98,Confined Space,Confined Space,Toxic atmosphere,Ventilation failed,Underground Sump,Asphyxiation,First Aid,hazardous atmosphere|poor ventilation,High
REP-F665B155,2022-03-15,Site Alpha,Control Room,Near Miss,Alarm Testing,"Screen on Shutdown Valve SDV-1 was dirty, making it hard to read during Alarm Testing.",0,0.19,Bypassing Safety Controls,Bypassing Safety Controls,None,None,Shutdown Valve SDV-1,Minor injury,None,,Low
REP-8253346E,2023-09-04,Platform Charlie,Deck 3,Unsafe Act,Lifting,"During Lifting, a piece of non-tensioned wire from Winch W-2 was left on the floor.",0,0.13,Line of Fire,Line of Fire,None,None,Winch W-2,Minor injury,None,,Low
REP-88724340,2021-05-07,Platform Charlie,Boiler Area,Near Miss,Torquing,"During Torquing, a piece of non-tensioned wire from Excavator was left on the floor.",0,0.17,Line of Fire,Line of Fire,None,None,Excavator,Minor injury,None,,Low
REP-C05437F0,2022-09-22,Platform Charlie,Pipe Rack 2,Near Miss,Contractor Work,JSA for Contractor Work near Utility Area was printed on crumpled paper.,0,0.36,Work Authorization,Work Authorization,None,None,Utility Area,Minor injury,None,,Low
REP-8452A82A,2023-04-28,Station Foxtrot,Pump Room,Unsafe Act,Torquing,"During Torquing, a piece of non-tensioned wire from Winch W-2 was left on the floor.",0,0.19,Line of Fire,Line of Fire,None,None,Winch W-2,Minor injury,None,,Low
REP-0DC45B08,2023-07-02,Refinery Delta,Control Room,Near Miss,Grinding,Welder doing Grinding with Angle Grinder had untucked coveralls.,0,0.09,Hot Work,Hot Work,None,None,Angle Grinder,Minor injury,None,,Low
REP-1AC09ABE,2020-07-02,Platform Charlie,Deck 3,Unsafe Condition,Inspection,"Noticed Pump P-204 had a minor weep during Inspection. LOTO was applied correctly, but cleanup was delayed.",0,0.23,Energy Isolation,Energy Isolation,None,None,Pump P-204,Minor injury,None,,Low
REP-904F769F,2023-10-15,Terminal Echo,Control Room,Incident,Alarm Testing,"Screen on Fire & Gas Panel was dirty, making it hard to read during Alarm Testing.",0,0.4,Bypassing Safety Controls,Bypassing Safety Controls,None,None,Fire & Gas Panel,Minor injury,None,,Low
REP-740C2373,2020-05-01,Terminal Echo,Drilling Floor,Unsafe Condition,Grinding,Welder doing Grinding with Oxy-Acetylene Torch had untucked coveralls.,0,0.02,Hot Work,Hot Work,None,None,Oxy-Acetylene Torch,Minor injury,None,,Low
REP-AF811210,2021-01-02,Station Foxtrot,Storage Tank A,Near Miss,Tank Cleaning,Worker entered Underground Sump for Tank Cleaning. Suddenly the alarm sounded. Gas test not performed meant the worker was exposed to Heat exhaustion.,1,0.75,Confined Space,Confined Space,Heat exhaustion,Gas test not performed,Underground Sump,Asphyxiation,Property Damage,deep excavation|poor ventilation,Medium
REP-89E00FAB,2022-02-26,Site Alpha,Loading Bay,Unsafe Condition,Vessel Welding,The entry log for Separator V-10 during Vessel Welding was smudged with dirt.,0,0.32,Confined Space,Confined Space,None,None,Separator V-10,Minor injury,None,,Low
REP-2B46E157,2022-05-30,Site Alpha,Boiler Area,Unsafe Act,Tank Cleaning,"Worker doing Tank Cleaning in Underground Sump complained about poor lighting, though gas levels were normal.",0,0.26,Confined Space,Confined Space,None,None,Underground Sump,Minor injury,None,,Low
REP-D0316D91,2022-04-30,Refinery Delta,Storage Tank A,Incident,Tank Cleaning,Tools used for Tank Cleaning in Separator V-10 were left outside the entrance untidily.,0,0.1,Confined Space,Confined Space,None,None,Separator V-10,Minor injury,None,,Low
REP-D89FA00B,2020-04-29,Facility Bravo,Main Workshop,Unsafe Act,Contractor Work,JSA for Contractor Work near Workshop was printed on crumpled paper.,0,0.14,Work Authorization,Work Authorization,None,None,Workshop,Minor injury,None,,Low
REP-4E76BBC0,2021-04-26,Site Alpha,Pipe Rack 2,Unsafe Condition,Forklift Operation,Paint on Overhead Gantry used for Forklift Operation is peeling off.,0,0.15,Safe Mechanical Lifting,Safe Mechanical Lifting,None,None,Overhead Gantry,Minor injury,None,,Low
REP-9D82D337,2020-02-28,Refinery Delta,Pump Room,Unsafe Condition,Tank Cleaning,"During Tank Cleaning inside Storage Tank A, Ventilation failed was noted. This is a critical failure leading to high risk of Oxygen deficiency.",1,0.85,Confined Space,Confined Space,Oxygen deficiency,Ventilation failed,Storage Tank A,Loss of consciousness,Property Damage,restricted access|hazardous atmosphere,High
REP-881733C4,2021-08-31,Platform Charlie,Pipe Rack 2,Incident,Pipefitting,"The tag for Compressor C-10 was faded during Pipefitting. No Steam leak was present, but tag needs replacement.",0,0.4,Energy Isolation,Energy Isolation,None,None,Compressor C-10,Minor injury,None,,Low
REP-DF3921FD,2023-04-09,Platform Charlie,Pump Room,Incident,Roof Repair,Worker's chin strap on helmet was loose during Roof Repair on Pipe Rack Level 3.,0,0.03,Work at Height,Work at Height,None,None,Pipe Rack Level 3,Minor injury,None,,Low
REP-C5FDC882,2022-08-04,Site Alpha,Boiler Area,Near Miss,General Maintenance,Worker doing General Maintenance at Utility Area did not sign the permit exactly on the line.,0,0.09,Work Authorization,Work Authorization,None,None,Utility Area,Minor injury,None,,Low
REP-D3BB8974,2022-02-25,Station Foxtrot,Drilling Floor,Unsafe Act,Site Patrol,Driver doing Site Patrol in Light Vehicle parked slightly outside the designated lines.,0,0.38,Driving,Driving,None,None,Light Vehicle,Minor injury,None,,Low
REP-5CA4CAC4,2020-01-13,Site Alpha,Main Workshop,Unsafe Act,Hoisting,The horn on Chain Block sounded a bit quiet during Hoisting.,0,0.33,Safe Mechanical Lifting,Safe Mechanical Lifting,None,None,Chain Block,Minor injury,None,,Low
REP-A47A8B35,2022-08-20,Refinery Delta,Drilling Floor,Unsafe Act,Torquing,"Worker performing Torquing on Hydraulic Torque Wrench had their hands slightly close to a rough edge, causing a minor scratch.",0,0.21,Line of Fire,Line of Fire,None,None,Hydraulic Torque Wrench,Minor injury,None,,Low
REP-F2DB6E20,2023-11-16,Platform Charlie,Deck 3,Incident,Rigging,A heavy skid was being moved during Rigging. Damaged slings used led to a near miss involving Dropped suspended load near Chain Block.,1,0.74,Safe Mechanical Lifting,Safe Mechanical Lifting,Dropped suspended load,Damaged slings used,Chain Block,Structural collapse,None,blind lift|suspended load,Medium
REP-E35095F3,2021-09-02,Site Alpha,Control Room,Unsafe Condition,Pipefitting,"Noticed Compressor C-10 had a minor weep during Pipefitting. LOTO was applied correctly, but cleanup was delayed.",0,0.1,Energy Isolation,Energy Isolation,None,None,Compressor C-10,Minor injury,None,,Low
REP-776C6A8C,2022-10-26,Station Foxtrot,Loading Bay,Unsafe Condition,Roof Repair,"Scaffolding tubes for Pipe Rack Level 3 were stored untidily, causing a minor trip hazard during Roof Repair.",0,0.26,Work at Height,Work at Height,None,None,Pipe Rack Level 3,Minor injury,None,,Low
REP-4246F8A9,2020-08-12,Station Foxtrot,Drilling Floor,Near Miss,System Maintenance,Operator logged System Maintenance for Fire & Gas Panel in the wrong logbook.,0,0.3,Bypassing Safety Controls,Bypassing Safety Controls|Work Authorization,None,None,Fire & Gas Panel,Minor injury,None,,Low
REP-3B40DE23,2022-04-14,Station Foxtrot,Pump Room,Near Miss,Process Operation,Indicator bulb on Shutdown Valve SDV-1 was burnt out during Process Operation.,0,0.16,Bypassing Safety Controls,Bypassing Safety Controls,None,None,Shutdown Valve SDV-1,Minor injury,None,,Low
REP-2474DDA1,2021-06-18,Platform Charlie,Deck 3,Unsafe Condition,Torch Cutting,Welder doing Torch Cutting with Welding Machine W-1 had untucked coveralls.,0,0.08,Hot Work,Hot Work,None,None,Welding Machine W-1,Minor injury,None,,Low
REP-4490A15D,2023-12-04,Refinery Delta,Control Room,Near Miss,Process Operation,Operator logged Process Operation for Pressure Safety Valve PSV-90 in the wrong logbook.,0,0.23,Bypassing Safety Controls,Bypassing Safety Controls,None,None,Pressure Safety Valve PSV-90,Minor injury,None,,Low
REP-67797402,2020-04-14,Platform Charlie,Loading Bay,Incident,Heavy Haulage,The Vacuum Truck was slightly dirty during Heavy Haulage.,0,0.2,Driving,Driving,None,None,Vacuum Truck,Minor injury,None,,Low
REP-7734AE40,2022-04-10,Terminal Echo,Pump Room,Unsafe Act,Pressure Testing,"Worker performing Pressure Testing on Excavator had their hands slightly close to a rough edge, causing a minor scratch.",0,0.2,Line of Fire,Line of Fire,None,None,Excavator,Minor injury,None,,Low
REP-A78AEB76,2021-04-08,Refinery Delta,Pump Room,Incident,Tank Cleaning,"Worker doing Tank Cleaning in Storage Tank A complained about poor lighting, though gas levels were normal.",0,0.27,Confined Space,Confined Space,None,None,Storage Tank A,Minor injury,None,,Low
REP-F45CF032,2022-03-12,Terminal Echo,Main Workshop,Unsafe Condition,Pressure Testing,"During Pressure Testing, a piece of non-tensioned wire from Winch W-2 was left on the floor.",0,0.19,Line of Fire,Line of Fire,None,None,Winch W-2,Minor injury,None,,Low
REP-BF921DBD,2021-02-20,Site Alpha,Loading Bay,Unsafe Condition,Site Patrol,Radio in Pickup Truck P-12 was left on high volume after Site Patrol.,0,0.07,Driving,Driving,None,None,Pickup Truck P-12,Minor injury,None,,Low
REP-EFF9316A,2021-11-30,Refinery Delta,Deck 3,Unsafe Act,Material Delivery,Radio in Forklift was left on high volume after Material Delivery.,0,0.29,Driving,Driving,None,None,Forklift,Minor injury,None,,Low
REP-CC76CB4B,2021-11-16,Facility Bravo,Deck 3,Unsafe Act,Lifting,Barricade tape for Lifting near Hydraulic Torque Wrench was blown down by the wind. No operations were ongoing.,0,0.04,Line of Fire,Line of Fire,None,None,Hydraulic Torque Wrench,Minor injury,None,,Low
REP-3563DA48,2023-08-26,Station Foxtrot,Main Workshop,Incident,Trenching,"During Trenching, Winch W-2 failed unexpectedly. Because Tension line snapped, the worker was exposed to Caught between objects. Fortunately, the worker jumped back in time.",1,0.81,Line of Fire,Line of Fire,Caught between objects,Tension line snapped,Winch W-2,Crush injury,First Aid,suspended load|pinch point,Medium
REP-397FCB20,2020-04-10,Station Foxtrot,Boiler Area,Near Miss,Painting,Worker observed performing Painting on Crane C-1 at 15 meters. It was noted that No barricade below. A Open grating could have resulted in a fatality.,1,0.76,Work at Height,Work at Height,Open grating,No barricade below,Crane C-1,Multiple fractures,Property Damage,missing fall protection|working aloft,High
REP-7D457555,2023-12-26,Platform Charlie,Drilling Floor,Unsafe Condition,Inspection,"The tag for Valve V-99 was faded during Inspection. No Stored energy discharge was present, but tag needs replacement.",0,0.09,Energy Isolation,Energy Isolation,None,None,Valve V-99,Minor injury,None,,Low
REP-6A459FD4,2022-01-26,Refinery Delta,Pipe Rack 2,Incident,Non-routine Task,Worker doing Non-routine Task at Utility Area did not sign the permit exactly on the line.,0,0.11,Work Authorization,Work Authorization,None,None,Utility Area,Minor injury,None,,Low
REP-5311535B,2021-12-29,Facility Bravo,Pipe Rack 2,Unsafe Condition,General Maintenance,Worker doing General Maintenance at Workshop did not sign the permit exactly on the line.,0,0.04,Work Authorization,Work Authorization,None,None,Workshop,Minor injury,None,,Low
REP-AC940410,2020-07-01,Facility Bravo,Storage Tank A,Unsafe Act,Lifting,"During Lifting, a piece of non-tensioned wire from Winch W-2 was left on the floor.",0,0.11,Line of Fire,Line of Fire,None,None,Winch W-2,Minor injury,None,,Low
REP-D1C88FAD,2022-03-03,Site Alpha,Drilling Floor,Near Miss,Soldering,Fire extinguisher near Pipe Spool P-10 for Soldering was due for monthly inspection next week.,0,0.38,Hot Work,Hot Work,None,None,Pipe Spool P-10,Minor injury,None,,Low
REP-AAFD2B4C,2021-06-08,Station Foxtrot,Drilling Floor,Incident,Inspection,"The tag for Heat Exchanger HX-2 was faded during Inspection. No Stored energy discharge was present, but tag needs replacement.",0,0.34,Energy Isolation,Energy Isolation,None,None,Heat Exchanger HX-2,Minor injury,None,,Low
REP-B84AEC31,2023-04-08,Site Alpha,Drilling Floor,Near Miss,System Maintenance,Indicator bulb on DCS System was burnt out during System Maintenance.,0,0.29,Bypassing Safety Controls,Bypassing Safety Controls,None,None,DCS System,Minor injury,None,,Low
REP-F49D540E,2023-04-01,Platform Charlie,Deck 3,Unsafe Condition,Non-routine Task,Permit for Non-routine Task at Workshop had a minor spelling mistake in the supervisor's name.,0,0.37,Work Authorization,Work Authorization,None,None,Workshop,Minor injury,None,,Low
REP-C3E198CF,2022-12-31,Site Alpha,Control Room,Unsafe Condition,Pipefitting,"The tag for Valve V-99 was faded during Pipefitting. No Pressurized hydrocarbon release was present, but tag needs replacement.",0,0.22,Energy Isolation,Energy Isolation,None,None,Valve V-99,Minor injury,None,,Low
REP-1BEF099E,2022-05-27,Facility Bravo,Control Room,Unsafe Condition,Lifting,"Lifting was being performed. Safety pin removed allowed personnel to walk directly under Hydraulic Torque Wrench, posing a severe High pressure release.",1,0.88,Line of Fire,Line of Fire,High pressure release,Safety pin removed,Hydraulic Torque Wrench,Crush injury,First Aid,suspended load|tensioned line,High
REP-ADB4C522,2022-07-31,Station Foxtrot,Deck 3,Unsafe Act,Vessel Welding,"Worker doing Vessel Welding in Reactor R-5 complained about poor lighting, though gas levels were normal.",0,0.2,Confined Space,Confined Space,None,None,Reactor R-5,Minor injury,None,,Low
REP-86C2AF49,2021-02-16,Terminal Echo,Loading Bay,Unsafe Act,Soldering,The welding lead for Oxy-Acetylene Torch was slightly tangled during Soldering.,0,0.33,Hot Work,Hot Work,None,None,Oxy-Acetylene Torch,Minor injury,None,,Low
REP-81854F2B,2022-10-26,Refinery Delta,Pipe Rack 2,Unsafe Act,Repair,"While preparing for Repair on Electrical Panel EP-5, found that the lock for LOTO was slightly rusted, making it hard to use.",0,0.21,Energy Isolation,Energy Isolation,None,None,Electrical Panel EP-5,Minor injury,None,,Low
REP-37022B16,2020-04-09,Station Foxtrot,Pump Room,Near Miss,Torquing,"During Torquing, Hydraulic Torque Wrench failed unexpectedly. Because Exclusion zone breached, the worker was exposed to Struck by moving object. Fortunately, the worker jumped back in time.",1,0.78,Line of Fire,Line of Fire,Struck by moving object,Exclusion zone breached,Hydraulic Torque Wrench,Amputation,Property Damage,pinch point|suspended load,High
REP-47F1D134,2020-05-24,Terminal Echo,Pump Room,Unsafe Act,Crane Lifting,The horn on Mobile Crane sounded a bit quiet during Crane Lifting.,0,0.03,Safe Mechanical Lifting,Safe Mechanical Lifting,None,None,Mobile Crane,Minor injury,None,,Low
REP-614757D0,2022-04-03,Terminal Echo,Loading Bay,Unsafe Act,Site Patrol,Driver doing Site Patrol in Crew Bus parked slightly outside the designated lines.,0,0.12,Driving,Driving,None,None,Crew Bus,Minor injury,None,,Low
REP-85BB08FE,2021-02-15,Site Alpha,Drilling Floor,Near Miss,Crane Lifting,The horn on Forklift F-3 sounded a bit quiet during Crane Lifting.,0,0.07,Safe Mechanical Lifting,Safe Mechanical Lifting,None,None,Forklift F-3,Minor injury,None,,Low
REP-9FB5177C,2021-08-24,Facility Bravo,Main Workshop,Unsafe Act,Site Patrol,"A safety camera caught Vacuum Truck engaged in Site Patrol. The footage revealed Speeding, which is a precursor to Pedestrian impact.",1,0.79,Driving,Driving|Energy Isolation,Pedestrian impact,Speeding,Vacuum Truck,Fatal traffic accident,Property Damage,distracted driving|heavy vehicle interaction,Medium
REP-FB85F477,2022-03-08,Refinery Delta,Pump Room,Incident,Soldering,The welding lead for Welding Machine W-1 was slightly tangled during Soldering.,0,0.4,Hot Work,Hot Work,None,None,Welding Machine W-1,Minor injury,None,,Low
REP-7B3D77EC,2021-08-10,Platform Charlie,Loading Bay,Unsafe Act,Site Patrol,The Pickup Truck P-12 was slightly dirty during Site Patrol.,0,0.22,Driving,Driving,None,None,Pickup Truck P-12,Minor injury,None,,Low
REP-6C34E814,2022-07-05,Station Foxtrot,Pump Room,Unsafe Condition,Material Delivery,Radio in Forklift was left on high volume after Material Delivery.,0,0.35,Driving,Driving,None,None,Forklift,Minor injury,None,,Low
REP-B0B46D77,2020-08-28,Facility Bravo,Loading Bay,Unsafe Act,Process Operation,Indicator bulb on Pressure Safety Valve PSV-90 was burnt out during Process Operation.,0,0.22,Bypassing Safety Controls,Bypassing Safety Controls,None,None,Pressure Safety Valve PSV-90,Minor injury,None,,Low
REP-C9711B59,2023-09-23,Terminal Echo,Pipe Rack 2,Unsafe Condition,Non-routine Task,"During a walkaround, found personnel doing Non-routine Task on Camp Facility. Wrong permit type meant they had no controls for Unidentified hazards.",1,0.72,Work Authorization,Work Authorization,Unidentified hazards,Wrong permit type,Camp Facility,Process incident,Property Damage,inadequate planning|poor communication,Medium
REP-C27520B9,2021-01-15,Facility Bravo,Pump Room,Unsafe Condition,Tank Cleaning,Tools used for Tank Cleaning in Separator V-10 were left outside the entrance untidily.,0,0.3,Confined Space,Confined Space,None,None,Separator V-10,Minor injury,None,,Low
REP-7825041C,2020-12-24,Refinery Delta,Drilling Floor,Near Miss,System Maintenance,"Screen on Shutdown Valve SDV-1 was dirty, making it hard to read during System Maintenance.",0,0.19,Bypassing Safety Controls,Bypassing Safety Controls,None,None,Shutdown Valve SDV-1,Minor injury,None,,Low
REP-ACD9D73D,2021-09-25,Platform Charlie,Loading Bay,Incident,General Maintenance,JSA for General Maintenance near Workshop was printed on crumpled paper.,0,0.05,Work Authorization,Work Authorization,None,None,Workshop,Minor injury,None,,Low
REP-A453C6AC,2023-05-21,Terminal Echo,Pump Room,Unsafe Act,Torquing,Barricade tape for Torquing near High Pressure Hose was blown down by the wind. No operations were ongoing.,0,0.17,Line of Fire,Line of Fire,None,None,High Pressure Hose,Minor injury,None,,Low
REP-4BB132AA,2020-06-01,Platform Charlie,Control Room,Incident,Welding,Fire extinguisher near Welding Machine W-1 for Welding was due for monthly inspection next week.,0,0.35,Hot Work,Hot Work,None,None,Welding Machine W-1,Minor injury,None,,Low
REP-837858B0,2021-03-05,Site Alpha,Loading Bay,Near Miss,System Maintenance,"Screen on DCS System was dirty, making it hard to read during System Maintenance.",0,0.09,Bypassing Safety Controls,Bypassing Safety Controls,None,None,DCS System,Minor injury,None,,Low
REP-346605FB,2021-02-27,Terminal Echo,Boiler Area,Unsafe Condition,Inspection,"Noticed Valve V-99 had a minor weep during Inspection. LOTO was applied correctly, but cleanup was delayed.",0,0.28,Energy Isolation,Energy Isolation|Hot Work,None,None,Valve V-99,Minor injury,None,,Low
REP-8D916F8B,2022-12-22,Station Foxtrot,Boiler Area,Incident,Grinding,Fire extinguisher near Oxy-Acetylene Torch for Grinding was due for monthly inspection next week.,0,0.19,Hot Work,Hot Work,None,None,Oxy-Acetylene Torch,Minor injury,None,,Low
REP-2824E8C7,2023-11-10,Terminal Echo,Storage Tank A,Incident,Transporting Personnel,"While Transporting Personnel with Vacuum Truck, the driver was observed Using mobile phone. This led to a near miss involving Rollover.",1,0.81,Driving,Driving,Rollover,Using mobile phone,Vacuum Truck,Crush injuries to pedestrian,None,distracted driving|heavy vehicle interaction,High
REP-9FA7A285,2021-07-25,Refinery Delta,Pipe Rack 2,Incident,Rigging,Operator of Chain Block during Rigging forgot his safety glasses but was in an enclosed cab.,0,0.14,Safe Mechanical Lifting,Safe Mechanical Lifting,None,None,Chain Block,Minor injury,None,,Low
REP-3322B5EA,2021-07-28,Site Alpha,Boiler Area,Unsafe Condition,Grinding,"Worker performing Grinding on Drill Pipe had their hands slightly close to a rough edge, causing a minor scratch.",0,0.29,Line of Fire,Line of Fire,None,None,Drill Pipe,Minor injury,None,,Low
REP-9FDD32B3,2023-01-09,Terminal Echo,Boiler Area,Near Miss,Pipefitting,"Operator was performing Pipefitting on Compressor C-10. It was discovered that Isolation valve leaking, leaving the system vulnerable to Stored energy discharge. Work was stopped immediately.",1,0.8,Energy Isolation,Energy Isolation,Stored energy discharge,Isolation valve leaking,Compressor C-10,Severe chemical burns,None,stored energy|pressurized equipment,High
REP-C8D92AA3,2020-11-20,Terminal Echo,Boiler Area,Incident,Material Delivery,The Pickup Truck P-12 was slightly dirty during Material Delivery.,0,0.02,Driving,Driving,None,None,Pickup Truck P-12,Minor injury,None,,Low
REP-47CADBCD,2022-10-28,Terminal Echo,Storage Tank A,Unsafe Condition,Torch Cutting,The welding lead for Welding Machine W-1 was slightly tangled during Torch Cutting.,0,0.05,Hot Work,Hot Work,None,None,Welding Machine W-1,Minor injury,None,,Low
REP-FB49D87E,2022-06-16,Refinery Delta,Pump Room,Unsafe Condition,Torquing,"During Torquing, Winch W-2 failed unexpectedly. Because Exclusion zone breached, the worker was exposed to Caught between objects. Fortunately, the worker jumped back in time.",1,0.98,Line of Fire,Line of Fire,Caught between objects,Exclusion zone breached,Winch W-2,Severe lacerations,First Aid,moving machinery|pinch point,Medium
REP-C3019B85,2020-02-03,Terminal Echo,Main Workshop,Incident,Torquing,"While conducting Torquing with Drill Pipe, an IP stepped into the danger zone. Exclusion zone breached resulted in the worker being in the Line of Fire for Caught between objects.",1,0.72,Line of Fire,Line of Fire,Caught between objects,Exclusion zone breached,Drill Pipe,Fatal impact,None,suspended load|pinch point,Medium
REP-D01ABC24,2022-10-20,Platform Charlie,Deck 3,Unsafe Act,General Maintenance,Critical General Maintenance on Camp Facility proceeded despite PTW not issued. This breakdown in authorization risked Unidentified hazards.,1,0.71,Work Authorization,Work Authorization,Unidentified hazards,PTW not issued,Camp Facility,Serious injury due to lack of hazard awareness,Property Damage,inadequate planning|poor communication,High
REP-D63BE895,2022-06-02,Facility Bravo,Boiler Area,Near Miss,Internal Inspection,The entry log for Separator V-10 during Internal Inspection was smudged with dirt.,0,0.31,Confined Space,Confined Space|Work at Height,None,None,Separator V-10,Minor injury,None,,Low
REP-0FCB42EE,2023-03-23,Platform Charlie,Deck 3,Unsafe Act,Torch Cutting,The welding lead for Welding Machine W-1 was slightly tangled during Torch Cutting.,0,0.07,Hot Work,Hot Work,None,None,Welding Machine W-1,Minor injury,None,,Low
REP-AA3D1D35,2020-05-03,Facility Bravo,Storage Tank A,Unsafe Act,Site Patrol,The Light Vehicle was slightly dirty during Site Patrol.,0,0.3,Driving,Driving,None,None,Light Vehicle,Minor injury,None,,Low
REP-F7E8D473,2020-10-01,Platform Charlie,Main Workshop,Unsafe Act,Maintenance,"The tag for Valve V-99 was faded during Maintenance. No Stored energy discharge was present, but tag needs replacement.",0,0.16,Energy Isolation,Energy Isolation,None,None,Valve V-99,Minor injury,None,,Low
REP-5D969009,2020-04-24,Facility Bravo,Main Workshop,Unsafe Condition,System Maintenance,Indicator bulb on Shutdown Valve SDV-1 was burnt out during System Maintenance.,0,0.18,Bypassing Safety Controls,Bypassing Safety Controls,None,None,Shutdown Valve SDV-1,Minor injury,None,,Low
REP-DEDFBCD0,2020-12-17,Terminal Echo,Pipe Rack 2,Near Miss,Material Delivery,The Crew Bus was slightly dirty during Material Delivery.,0,0.28,Driving,Driving,None,None,Crew Bus,Minor injury,None,,Low
REP-B8FB19AA,2021-02-11,Site Alpha,Control Room,Unsafe Act,Vessel Welding,"During Vessel Welding inside Storage Tank A, Gas test not performed was noted. This is a critical failure leading to high risk of Engulfment.",1,0.8,Confined Space,Confined Space,Engulfment,Gas test not performed,Storage Tank A,Fatality due to toxic gas,Property Damage,restricted access|hazardous atmosphere,Medium
REP-9EDA160B,2020-01-12,Facility Bravo,Pipe Rack 2,Unsafe Act,Torch Cutting,Fire extinguisher near Oxy-Acetylene Torch for Torch Cutting was due for monthly inspection next week.,0,0.08,Hot Work,Hot Work,None,None,Oxy-Acetylene Torch,Minor injury,None,,Low
REP-414754BA,2020-11-19,Refinery Delta,Storage Tank A,Unsafe Condition,Lifting,"Worker performing Lifting on Drill Pipe had their hands slightly close to a rough edge, causing a minor scratch.",0,0.39,Line of Fire,Line of Fire,None,None,Drill Pipe,Minor injury,None,,Low
REP-ADCB93E8,2021-08-27,Facility Bravo,Pump Room,Unsafe Condition,Repair,"Noticed Pump P-204 had a minor weep during Repair. LOTO was applied correctly, but cleanup was delayed.",0,0.36,Energy Isolation,Energy Isolation,None,None,Pump P-204,Minor injury,None,,Low
REP-5F59ADDF,2021-07-30,Platform Charlie,Pump Room,Unsafe Condition,Torquing,Barricade tape for Torquing near Winch W-2 was blown down by the wind. No operations were ongoing.,0,0.1,Line of Fire,Line of Fire,None,None,Winch W-2,Minor injury,None,,Low
REP-B39890E4,2021-04-05,Site Alpha,Pipe Rack 2,Incident,System Maintenance,"Screen on Fire & Gas Panel was dirty, making it hard to read during System Maintenance.",0,0.02,Bypassing Safety Controls,Bypassing Safety Controls,None,None,Fire & Gas Panel,Minor injury,None,,Low
REP-EE4E5E29,2020-04-27,Platform Charlie,Pipe Rack 2,Incident,Structural Inspection,Worker's chin strap on helmet was loose during Structural Inspection on Cherry Picker.,0,0.14,Work at Height,Work at Height,None,None,Cherry Picker,Minor injury,None,,Low
REP-5FEB5808,2022-09-16,Platform Charlie,Main Workshop,Near Miss,Welding,Welder doing Welding with Oxy-Acetylene Torch had untucked coveralls.,0,0.25,Hot Work,Hot Work,None,None,Oxy-Acetylene Torch,Minor injury,None,,Low
REP-F8332EBB,2023-12-25,Platform Charlie,Drilling Floor,Incident,Vessel Welding,The entry log for Storage Tank A during Vessel Welding was smudged with dirt.,0,0.02,Confined Space,Confined Space,None,None,Storage Tank A,Minor injury,None,,Low
REP-C8789115,2023-05-11,Refinery Delta,Storage Tank A,Incident,Site Patrol,Driver doing Site Patrol in Light Vehicle parked slightly outside the designated lines.,0,0.31,Driving,Driving,None,None,Light Vehicle,Minor injury,None,,Low
REP-F73F6FDB,2023-02-17,Site Alpha,Pipe Rack 2,Unsafe Act,General Maintenance,Permit for General Maintenance at Workshop had a minor spelling mistake in the supervisor's name.,0,0.07,Work Authorization,Work Authorization,None,None,Workshop,Minor injury,None,,Low
REP-4CA8708F,2020-08-27,Refinery Delta,Pump Room,Unsafe Condition,Material Delivery,"Light Vehicle was involved in a near miss during Material Delivery. Investigation showed Using mobile phone, drastically increasing the risk of Rollover.",1,0.76,Driving,Driving,Rollover,Using mobile phone,Light Vehicle,Fatal traffic accident,First Aid,poor road conditions|high speed,Medium
REP-CDB14A75,2020-04-15,Facility Bravo,Deck 3,Incident,Soldering,The welding lead for Pipe Spool P-10 was slightly tangled during Soldering.,0,0.38,Hot Work,Hot Work,None,None,Pipe Spool P-10,Minor injury,None,,Low
REP-7688D218,2020-11-16,Terminal Echo,Pipe Rack 2,Unsafe Condition,Non-routine Task,"During a walkaround, found personnel doing Non-routine Task on Process Module 4. Wrong permit type meant they had no controls for Simultaneous operations clash.",1,0.77,Work Authorization,Work Authorization,Simultaneous operations clash,Wrong permit type,Process Module 4,Serious injury due to lack of hazard awareness,First Aid,unauthorized work|inadequate planning,High
REP-7B2E0D6B,2021-12-09,Facility Bravo,Boiler Area,Incident,Tank Cleaning,Tools used for Tank Cleaning in Separator V-10 were left outside the entrance untidily.,0,0.26,Confined Space,Confined Space,None,None,Separator V-10,Minor injury,None,,Low
REP-BC5D82BB,2021-11-04,Platform Charlie,Control Room,Unsafe Condition,Crane Lifting,Paint on Mobile Crane used for Crane Lifting is peeling off.,0,0.19,Safe Mechanical Lifting,Safe Mechanical Lifting,None,None,Mobile Crane,Minor injury,None,,Low
REP-0E0D9FB2,2022-03-08,Platform Charlie,Control Room,Incident,Contractor Work,JSA for Contractor Work near Process Module 4 was printed on crumpled paper.,0,0.15,Work Authorization,Work Authorization,None,None,Process Module 4,Minor injury,None,,Low
REP-D1F8516A,2022-11-28,Station Foxtrot,Pump Room,Near Miss,Process Operation,"Audit of DCS System post-Process Operation revealed Safety valve isolated. Without this protection, Overpressure could have occurred.",1,0.96,Bypassing Safety Controls,Bypassing Safety Controls,Overpressure,Safety valve isolated,DCS System,Major explosion,None,bypassed interlock|unauthorized override,Medium
REP-2E26DE3D,2022-11-02,Refinery Delta,Control Room,Unsafe Act,Contractor Work,Worker doing Contractor Work at Camp Facility did not sign the permit exactly on the line.,0,0.27,Work Authorization,Work Authorization|Line of Fire,None,None,Camp Facility,Minor injury,None,,Low
REP-E9F60DF7,2020-05-23,Site Alpha,Pump Room,Near Miss,Alarm Testing,Indicator bulb on DCS System was burnt out during Alarm Testing.,0,0.13,Bypassing Safety Controls,Bypassing Safety Controls,None,None,DCS System,Minor injury,None,,Low
REP-FB1C9037,2020-05-16,Terminal Echo,Boiler Area,Unsafe Act,Soldering,Welder doing Soldering with Pipe Spool P-10 had untucked coveralls.,0,0.22,Hot Work,Hot Work,None,None,Pipe Spool P-10,Minor injury,None,,Low
REP-1963861A,2023-11-25,Platform Charlie,Pipe Rack 2,Near Miss,Non-routine Task,"During a walkaround, found personnel doing Non-routine Task on Utility Area. JSA not discussed meant they had no controls for Uncontrolled work.",1,0.71,Work Authorization,Work Authorization,Uncontrolled work,JSA not discussed,Utility Area,Process incident,None,unauthorized work|simops,High
REP-3DFF585B,2022-01-24,Terminal Echo,Storage Tank A,Incident,Internal Inspection,The entry log for Separator V-10 during Internal Inspection was smudged with dirt.,0,0.22,Confined Space,Confined Space,None,None,Separator V-10,Minor injury,None,,Low
REP-E03B5D02,2021-07-10,Site Alpha,Control Room,Near Miss,Roof Repair,"Roof Repair was ongoing near Cherry Picker when grating was removed. No barricade below left the hole unprotected, creating a high risk of Unstable platform.",1,0.79,Work at Height,Work at Height,Unstable platform,No barricade below,Cherry Picker,Multiple fractures,None,working aloft|missing fall protection,Medium
REP-1B45193E,2023-04-11,Refinery Delta,Pipe Rack 2,Unsafe Condition,Pressure Testing,Barricade tape for Pressure Testing near Winch W-2 was blown down by the wind. No operations were ongoing.,0,0.2,Line of Fire,Line of Fire,None,None,Winch W-2,Minor injury,None,,Low
REP-9BD7B707,2020-08-23,Station Foxtrot,Control Room,Unsafe Condition,Site Patrol,"A safety camera caught Crew Bus engaged in Site Patrol. The footage revealed Fatigued driver, which is a precursor to Rollover.",1,0.84,Driving,Driving,Rollover,Fatigued driver,Crew Bus,Fatal traffic accident,First Aid,poor road conditions|heavy vehicle interaction,Medium
REP-E01E1CE8,2023-09-28,Station Foxtrot,Loading Bay,Incident,Alarm Testing,"Screen on Fire & Gas Panel was dirty, making it hard to read during Alarm Testing.",0,0.39,Bypassing Safety Controls,Bypassing Safety Controls,None,None,Fire & Gas Panel,Minor injury,None,,Low
REP-652C1875,2022-10-11,Refinery Delta,Deck 3,Near Miss,Repair,"While preparing for Repair on Compressor C-10, found that the lock for LOTO was slightly rusted, making it hard to use.",0,0.28,Energy Isolation,Energy Isolation,None,None,Compressor C-10,Minor injury,None,,Low
REP-65F80141,2021-08-24,Site Alpha,Loading Bay,Unsafe Act,Process Operation,"While investigating DCS System, it was found that Safety valve isolated during Process Operation. This exposed the facility to Equipment destruction.",1,0.8,Bypassing Safety Controls,Bypassing Safety Controls,Equipment destruction,Safety valve isolated,DCS System,Major explosion,None,ignored alarm|disabled safety device,Medium
REP-82841A9A,2022-07-06,Terminal Echo,Control Room,Unsafe Act,System Maintenance,Indicator bulb on Shutdown Valve SDV-1 was burnt out during System Maintenance.,0,0.4,Bypassing Safety Controls,Bypassing Safety Controls,None,None,Shutdown Valve SDV-1,Minor injury,None,,Low
REP-6CDE62BA,2020-02-18,Station Foxtrot,Main Workshop,Unsafe Condition,Vessel Welding,Tools used for Vessel Welding in Underground Sump were left outside the entrance untidily.,0,0.29,Confined Space,Confined Space,None,None,Underground Sump,Minor injury,None,,Low
REP-64CC5E73,2021-12-13,Platform Charlie,Loading Bay,Unsafe Act,Roof Repair,Worker's chin strap on helmet was loose during Roof Repair on Roof Access Ladder.,0,0.07,Work at Height,Work at Height,None,None,Roof Access Ladder,Minor injury,None,,Low
REP-5A3F172F,2021-08-02,Refinery Delta,Control Room,Unsafe Condition,Vessel Welding,"Worker doing Vessel Welding in Storage Tank A complained about poor lighting, though gas levels were normal.",0,0.17,Confined Space,Confined Space,None,None,Storage Tank A,Minor injury,None,,Low
REP-26742983,2021-12-19,Site Alpha,Boiler Area,Incident,Inspection,"The tag for Valve V-99 was faded during Inspection. No H2S exposure was present, but tag needs replacement.",0,0.32,Energy Isolation,Energy Isolation,None,None,Valve V-99,Minor injury,None,,Low
REP-86744623,2023-12-29,Refinery Delta,Storage Tank A,Incident,Internal Inspection,The entry log for Storage Tank A during Internal Inspection was smudged with dirt.,0,0.33,Confined Space,Confined Space,None,None,Storage Tank A,Minor injury,None,,Low
REP-7C2AFA9E,2020-08-21,Station Foxtrot,Storage Tank A,Near Miss,Torch Cutting,Fire extinguisher near Welding Machine W-1 for Torch Cutting was due for monthly inspection next week.,0,0.39,Hot Work,Hot Work,None,None,Welding Machine W-1,Minor injury,None,,Low
REP-1806B9A7,2020-03-06,Platform Charlie,Control Room,Unsafe Condition,Vessel Welding,"During Vessel Welding inside Separator V-10, Gas test not performed was noted. This is a critical failure leading to high risk of Heat exhaustion.",1,0.96,Confined Space,Confined Space,Heat exhaustion,Gas test not performed,Separator V-10,Fatality due to toxic gas,Property Damage,restricted access|hazardous atmosphere,Medium
